id,short_id,image_path_html,polygon,label,score,countertop_polygon,above_or_below_countertop,height_width_ratio,container_height,container_width,neighbors,anchor_neighbors,distance_from_anchors,angle_from_anchors,similar_neighbors,updated_label,most_close_to_anchors,description
198,1,images/kitchen/12_segmented_sun_afwaivvfezladsbj.jpg,"[[368, 553], [245, 583], [248, 745], [373, 716]]",cabinet door,0.327,"[[0, 478], [1280, 478], [1280, 960], [0, 960]]",below,1.5,192.0,128.0,"{""above"": 209, ""below"": null, ""left"": 207, ""right"": 204, ""top_left"": null, ""top_right"": null, ""bottom_left"": null, ""bottom_right"": null}","{""above"": null, ""below"": null, ""left"": null, ""right"": null, ""top_left"": null, ""top_right"": null, ""bottom_left"": null, ""bottom_right"": null}","{'dish': 0.5347, 'coffee machine': 0.4959, 'oven': 0.5356, 'sink': 0.5615}","{'dish': 355.86, 'coffee machine': 353.32, 'oven': 350.77, 'sink': 345.58}",[],cabinet door,{},"Container id 1, is a ""cabinet door"" below the countertop."
199,2,images/kitchen/12_segmented_sun_afwaivvfezladsbj.jpg,"[[709, 506], [712, 546], [799, 558], [802, 516]]",drawer,0.457,"[[0, 478], [1280, 478], [1280, 960], [0, 960]]",below,0.559,52.0,93.0,"{""above"": null, ""below"": 205, ""left"": null, ""right"": null, ""top_left"": null, ""top_right"": null, ""bottom_left"": null, ""bottom_right"": null}","{""above"": null, ""below"": null, ""left"": null, ""right"": null, ""top_left"": null, ""top_right"": null, ""bottom_left"": null, ""bottom_right"": null}","{'dish': 0.2563, 'coffee machine': 0.2137, 'oven': 0.2496, 'sink': 0.2726}","{'dish': 7.84, 'coffee machine': 4.28, 'oven': 357.18, 'sink': 345.94}",[],drawer,"{'dish': 2, 'coffee machine': 1, 'oven': 1, 'sink': 1}","Container id 2, is a ""drawer"" below the countertop. Additionally, it is the 2nd closest to the dish, the closest to the coffee machine, the closest to the oven, and the closest to the sink."
200,3,images/kitchen/12_segmented_sun_afwaivvfezladsbj.jpg,"[[222, 576], [85, 591], [97, 779], [241, 745]]",cabinet door,0.333,"[[0, 478], [1280, 478], [1280, 960], [0, 960]]",below,1.301,203.0,156.0,"{""above"": 203, ""below"": null, ""left"": null, ""right"": 198, ""top_left"": 206, ""top_right"": 209, ""bottom_left"": null, ""bottom_right"": null}","{""above"": null, ""below"": null, ""left"": null, ""right"": null, ""top_left"": null, ""top_right"": null, ""bottom_left"": null, ""bottom_right"": null}","{'dish': 0.6276, 'coffee machine': 0.589, 'oven': 0.6288, 'sink': 0.6543}","{'dish': 355.13, 'coffee machine': 352.94, 'oven': 350.8, 'sink': 346.34}",[],cabinet door,{},"Container id 3, is a ""cabinet door"" below the countertop."
201,4,images/kitchen/12_segmented_sun_afwaivvfezladsbj.jpg,"[[683, 506], [408, 506], [407, 543], [682, 545]]",drawer,0.379,"[[0, 478], [1280, 478], [1280, 960], [0, 960]]",below,0.141,39.0,276.0,"{""above"": null, ""below"": 204, ""left"": null, ""right"": 199, ""top_left"": null, ""top_right"": null, ""bottom_left"": 202, ""bottom_right"": 208}","{""above"": null, ""below"": null, ""left"": null, ""right"": null, ""top_left"": null, ""top_right"": null, ""bottom_left"": null, ""bottom_right"": null}","{'dish': 0.3875, 'coffee machine': 0.3453, 'oven': 0.3809, 'sink': 0.4008}","{'dish': 5.78, 'coffee machine': 3.32, 'oven': 358.76, 'sink': 351.08}",[],drawer,{},"Container id 4, is a ""drawer"" below the countertop."
202,5,images/kitchen/12_segmented_sun_afwaivvfezladsbj.jpg,"[[408, 552], [414, 705], [545, 674], [541, 549]]",cabinet door,0.366,"[[0, 478], [1280, 478], [1280, 960], [0, 960]]",below,1.139,156.0,137.0,"{""above"": null, ""below"": null, ""left"": null, ""right"": 204, ""top_left"": null, ""top_right"": 201, ""bottom_left"": null, ""bottom_right"": null}","{""above"": null, ""below"": null, ""left"": null, ""right"": null, ""top_left"": null, ""top_right"": null, ""bottom_left"": null, ""bottom_right"": null}","{'dish': 0.4285, 'coffee machine': 0.3892, 'oven': 0.4287, 'sink': 0.455}","{'dish': 357.28, 'coffee machine': 354.19, 'oven': 350.93, 'sink': 344.51}",[],cabinet door,{},"Container id 5, is a ""cabinet door"" below the countertop."
203,6,images/kitchen/12_segmented_sun_afwaivvfezladsbj.jpg,"[[232, 528], [83, 541], [82, 586], [232, 569]]",drawer,0.401,"[[0, 478], [1280, 478], [1280, 960], [0, 960]]",below,0.387,58.0,150.0,"{""above"": null, ""below"": 207, ""left"": null, ""right"": 209, ""top_left"": null, ""top_right"": null, ""bottom_left"": null, ""bottom_right"": 198}","{""above"": null, ""below"": null, ""left"": null, ""right"": null, ""top_left"": null, ""top_right"": null, ""bottom_left"": null, ""bottom_right"": null}","{'dish': 0.6281, 'coffee machine': 0.587, 'oven': 0.6238, 'sink': 0.6435}","{'dish': 1.79, 'coffee machine': 0.06, 'oven': 357.46, 'sink': 352.72}",[],drawer,{},"Container id 6, is a ""drawer"" below the countertop."
204,7,images/kitchen/12_segmented_sun_afwaivvfezladsbj.jpg,"[[683, 550], [411, 551], [414, 703], [682, 640]]",cabinet door,0.302,"[[0, 478], [1280, 478], [1280, 960], [0, 960]]",below,0.562,153.0,272.0,"{""above"": 201, ""below"": null, ""left"": 202, ""right"": 208, ""top_left"": null, ""top_right"": null, ""bottom_left"": null, ""bottom_right"": null}","{""above"": null, ""below"": null, ""left"": null, ""right"": null, ""top_left"": null, ""top_right"": null, ""bottom_left"": null, ""bottom_right"": null}","{'dish': 0.3842, 'coffee machine': 0.3448, 'oven': 0.3843, 'sink': 0.4111}","{'dish': 357.8, 'coffee machine': 354.38, 'oven': 350.72, 'sink': 343.62}",[],cabinet door,{},"Container id 7, is a ""cabinet door"" below the countertop."
205,8,images/kitchen/12_segmented_sun_afwaivvfezladsbj.jpg,"[[714, 553], [710, 632], [802, 611], [796, 560]]",cabinet door,0.332,"[[0, 478], [1280, 478], [1280, 960], [0, 960]]",below,0.859,79.0,92.0,"{""above"": 199, ""below"": null, ""left"": 208, ""right"": null, ""top_left"": null, ""top_right"": null, ""bottom_left"": null, ""bottom_right"": null}","{""above"": null, ""below"": null, ""left"": null, ""right"": null, ""top_left"": null, ""top_right"": null, ""bottom_left"": null, ""bottom_right"": null}","{'dish': 0.2539, 'coffee machine': 0.2141, 'oven': 0.2539, 'sink': 0.2835}","{'dish': 359.78, 'coffee machine': 354.64, 'oven': 349.05, 'sink': 338.88}",[],cabinet door,"{'dish': 1, 'coffee machine': 2, 'oven': 2, 'sink': 2}","Container id 8, is a ""cabinet door"" below the countertop. Additionally, it is the closest to the dish, the 2nd closest to the coffee machine, the 2nd closest to the oven, and the 2nd closest to the sink."
206,9,images/kitchen/12_segmented_sun_afwaivvfezladsbj.jpg,"[[56, 546], [21, 557], [21, 593], [13, 607], [57, 593]]",drawer,0.383,"[[0, 478], [1280, 478], [1280, 960], [0, 960]]",below,1.386,61.0,44.0,"{""above"": null, ""below"": null, ""left"": null, ""right"": null, ""top_left"": null, ""top_right"": null, ""bottom_left"": null, ""bottom_right"": null}","{""above"": null, ""below"": null, ""left"": null, ""right"": null, ""top_left"": null, ""top_right"": null, ""bottom_left"": null, ""bottom_right"": null}","{'dish': 0.7051, 'coffee machine': 0.6645, 'oven': 0.7017, 'sink': 0.722}","{'dish': 0.42, 'coffee machine': 358.8, 'oven': 356.56, 'sink': 352.36}",[],drawer,{},"Container id 9, is a ""drawer"" below the countertop."
207,10,images/kitchen/12_segmented_sun_afwaivvfezladsbj.jpg,"[[229, 526], [81, 543], [97, 780], [242, 745]]",cabinet door,0.315,"[[0, 478], [1280, 478], [1280, 960], [0, 960]]",below,1.578,254.0,161.0,"{""above"": 203, ""below"": 200, ""left"": 206, ""right"": 198, ""top_left"": null, ""top_right"": 209, ""bottom_left"": null, ""bottom_right"": null}","{""above"": null, ""below"": null, ""left"": null, ""right"": null, ""top_left"": null, ""top_right"": null, ""bottom_left"": null, ""bottom_right"": null}","{'dish': 0.6259, 'coffee machine': 0.5867, 'oven': 0.6259, 'sink': 0.6503}","{'dish': 356.5, 'coffee machine': 354.41, 'oven': 352.16, 'sink': 347.63}",[],cabinet door,{},"Container id 10, is a ""cabinet door"" below the countertop."
208,11,images/kitchen/12_segmented_sun_afwaivvfezladsbj.jpg,"[[548, 550], [551, 673], [684, 639], [682, 548]]",cabinet door,0.339,"[[0, 478], [1280, 478], [1280, 960], [0, 960]]",below,0.919,125.0,136.0,"{""above"": null, ""below"": null, ""left"": 204, ""right"": 205, ""top_left"": 201, ""top_right"": null, ""bottom_left"": null, ""bottom_right"": null}","{""above"": null, ""below"": null, ""left"": null, ""right"": null, ""top_left"": null, ""top_right"": null, ""bottom_left"": null, ""bottom_right"": null}","{'dish': 0.3411, 'coffee machine': 0.3015, 'oven': 0.341, 'sink': 0.3684}","{'dish': 358.42, 'coffee machine': 354.59, 'oven': 350.44, 'sink': 342.53}",[],cabinet door,{},"Container id 11, is a ""cabinet door"" below the countertop."
209,12,images/kitchen/12_segmented_sun_afwaivvfezladsbj.jpg,"[[367, 511], [238, 524], [237, 566], [366, 550]]",drawer,0.378,"[[0, 478], [1280, 478], [1280, 960], [0, 960]]",below,0.423,55.0,130.0,"{""above"": null, ""below"": 198, ""left"": 203, ""right"": null, ""top_left"": null, ""top_right"": null, ""bottom_left"": 207, ""bottom_right"": null}","{""above"": null, ""below"": null, ""left"": null, ""right"": null, ""top_left"": null, ""top_right"": null, ""bottom_left"": null, ""bottom_right"": null}","{'dish': 0.5383, 'coffee machine': 0.4967, 'oven': 0.533, 'sink': 0.5523}","{'dish': 3.31, 'coffee machine': 1.39, 'oven': 358.26, 'sink': 352.71}",[],drawer,{},"Container id 12, is a ""drawer"" below the countertop."
702,1,images/kitchen/15_segmented_sun_avdeakyjwzxtynyf.jpg,"[[272, 178], [230, 187], [234, 276], [274, 259]]",cabinet door,0.497,"[[0, 154], [512, 154], [512, 378], [0, 378]]",below,2.227,98.0,44.0,"{""above"": null, ""below"": null, ""left"": null, ""right"": 708, ""top_left"": null, ""top_right"": null, ""bottom_left"": null, ""bottom_right"": null}","{""above"": ""microwave"", ""below"": null, ""left"": null, ""right"": null, ""top_left"": null, ""top_right"": ""sink"", ""bottom_left"": null, ""bottom_right"": null}","{'refrigerator': 0.3393, 'coffee machine': 0.3389, 'electronic kettle': 0.2268, 'stove': 0.1185, 'sink': 0.1533, 'microwave': 0.0896, 'dishwasher': 0.3454, 'oven': 0.1004}","{'refrigerator': 3.58, 'coffee machine': 2.52, 'electronic kettle': 345.96, 'stove': 274.49, 'sink': 310.43, 'microwave': 249.74, 'dishwasher': 212.46, 'oven': 248.66}",[],cabinet door,"{'stove': 2, 'microwave': 1, 'oven': 1}","Container id 1, is a ""cabinet door"" below the countertop. Additionally, it is the 2nd closest to the stove, the closest to the microwave, and the closest to the oven."
703,2,images/kitchen/15_segmented_sun_avdeakyjwzxtynyf.jpg,"[[255, 30], [255, 119], [296, 120], [298, 33]]",cabinet door,0.447,"[[0, 154], [512, 154], [512, 378], [0, 378]]",above,2.093,90.0,43.0,"{""above"": null, ""below"": null, ""left"": 712, ""right"": 704, ""top_left"": null, ""top_right"": null, ""bottom_left"": null, ""bottom_right"": null}","{""above"": null, ""below"": ""stove"", ""left"": null, ""right"": null, ""top_left"": null, ""top_right"": null, ""bottom_left"": ""oven"", ""bottom_right"": ""sink""}","{'refrigerator': 0.3957, 'coffee machine': 0.3917, 'electronic kettle': 0.2567, 'stove': 0.12, 'sink': 0.1337, 'microwave': 0.1654, 'dishwasher': 0.3321, 'oven': 0.1594}","{'refrigerator': 40.33, 'coffee machine': 39.63, 'electronic kettle': 44.5, 'stove': 103.33, 'sink': 62.16, 'microwave': 114.25, 'dishwasher': 171.43, 'oven': 117.45}",[],cabinet door,{},"Container id 2, is a ""cabinet door"" above the countertop."
704,3,images/kitchen/15_segmented_sun_avdeakyjwzxtynyf.jpg,"[[332, 30], [300, 33], [300, 120], [329, 121]]",cabinet door,0.424,"[[0, 154], [512, 154], [512, 378], [0, 378]]",above,2.844,91.0,32.0,"{""above"": null, ""below"": null, ""left"": 703, ""right"": 714, ""top_left"": null, ""top_right"": null, ""bottom_left"": null, ""bottom_right"": null}","{""above"": null, ""below"": ""sink"", ""left"": null, ""right"": null, ""top_left"": null, ""top_right"": null, ""bottom_left"": ""stove"", ""bottom_right"": null}","{'refrigerator': 0.3504, 'coffee machine': 0.3459, 'electronic kettle': 0.2164, 'stove': 0.1464, 'sink': 0.1175, 'microwave': 0.1983, 'dishwasher': 0.3931, 'oven': 0.195}","{'refrigerator': 46.77, 'coffee machine': 46.06, 'electronic kettle': 55.88, 'stove': 127.61, 'sink': 89.62, 'microwave': 130.82, 'dishwasher': 172.88, 'oven': 133.86}",[],cabinet door,{},"Container id 3, is a ""cabinet door"" above the countertop."
705,4,images/kitchen/15_segmented_sun_avdeakyjwzxtynyf.jpg,"[[167, 15], [170, 120], [202, 121], [200, 22]]",cabinet door,0.397,"[[0, 154], [512, 154], [512, 378], [0, 378]]",above,3.029,106.0,35.0,"{""above"": null, ""below"": null, ""left"": 707, ""right"": 712, ""top_left"": null, ""top_right"": null, ""bottom_left"": null, ""bottom_right"": null}","{""above"": null, ""below"": null, ""left"": ""dishwasher"", ""right"": null, ""top_left"": null, ""top_right"": null, ""bottom_left"": null, ""bottom_right"": ""oven""}","{'refrigerator': 0.5183, 'coffee machine': 0.5151, 'electronic kettle': 0.3774, 'stove': 0.1712, 'sink': 0.2422, 'microwave': 0.1771, 'dishwasher': 0.1942, 'oven': 0.1663}","{'refrigerator': 30.82, 'coffee machine': 30.22, 'electronic kettle': 30.11, 'stove': 47.47, 'sink': 31.81, 'microwave': 64.8, 'dishwasher': 162.33, 'oven': 65.13}",[],cabinet door,{},"Container id 4, is a ""cabinet door"" above the countertop."
706,5,images/kitchen/15_segmented_sun_avdeakyjwzxtynyf.jpg,"[[416, 23], [370, 27], [369, 74], [414, 72]]",cabinet door,0.375,"[[0, 154], [512, 154], [512, 378], [0, 378]]",above,1.085,51.0,47.0,"{""above"": null, ""below"": null, ""left"": 714, ""right"": 709, ""top_left"": null, ""top_right"": null, ""bottom_left"": null, ""bottom_right"": null}","{""above"": null, ""below"": null, ""left"": null, ""right"": null, ""top_left"": null, ""top_right"": null, ""bottom_left"": null, ""bottom_right"": null}","{'refrigerator': 0.3207, 'coffee machine': 0.3148, 'electronic kettle': 0.2216, 'stove': 0.2633, 'sink': 0.2, 'microwave': 0.316, 'dishwasher': 0.5191, 'oven': 0.3148}","{'refrigerator': 68.21, 'coffee machine': 67.79, 'electronic kettle': 89.9, 'stove': 143.02, 'sink': 126.94, 'microwave': 142.47, 'dishwasher': 169.89, 'oven': 144.45}",[],cabinet door,{},"Container id 5, is a ""cabinet door"" above the countertop."
707,6,images/kitchen/15_segmented_sun_avdeakyjwzxtynyf.jpg,"[[126, 7], [126, 46], [141, 52], [138, 121], [168, 122], [164, 14]]",cabinet door,0.399,"[[0, 154], [512, 154], [512, 378], [0, 378]]",above,2.738,115.0,42.0,"{""above"": null, ""below"": null, ""left"": null, ""right"": 705, ""top_left"": 710, ""top_right"": null, ""bottom_left"": null, ""bottom_right"": null}","{""above"": null, ""below"": null, ""left"": ""dishwasher"", ""right"": null, ""top_left"": null, ""top_right"": null, ""bottom_left"": ""sink"", ""bottom_right"": null}","{'refrigerator': 0.5812, 'coffee machine': 0.5782, 'electronic kettle': 0.4407, 'stove': 0.2284, 'sink': 0.3052, 'microwave': 0.2237, 'dishwasher': 0.1413, 'oven': 0.2129}","{'refrigerator': 28.79, 'coffee machine': 28.25, 'electronic kettle': 27.54, 'stove': 37.99, 'sink': 27.74, 'microwave': 51.35, 'dishwasher': 148.73, 'oven': 50.92}",[],cabinet door,{'dishwasher': 2},"Container id 6, is a ""cabinet door"" above the countertop. Additionally, it is the 2nd closest to the dishwasher."
708,7,images/kitchen/15_segmented_sun_avdeakyjwzxtynyf.jpg,"[[286, 177], [284, 255], [310, 265], [310, 254], [333, 237], [333, 182]]",drawer,0.411,"[[0, 154], [512, 154], [512, 378], [0, 378]]",below,1.796,88.0,49.0,"{""above"": 715, ""below"": null, ""left"": 702, ""right"": null, ""top_left"": null, ""top_right"": 716, ""bottom_left"": null, ""bottom_right"": null}","{""above"": ""sink"", ""below"": null, ""left"": null, ""right"": ""electronic kettle"", ""top_left"": ""stove"", ""top_right"": null, ""bottom_left"": null, ""bottom_right"": null}","{'refrigerator': 0.2498, 'coffee machine': 0.2495, 'electronic kettle': 0.1439, 'stove': 0.1471, 'sink': 0.1223, 'microwave': 0.1499, 'dishwasher': 0.4258, 'oven': 0.1599}","{'refrigerator': 3.67, 'coffee machine': 2.23, 'electronic kettle': 335.25, 'stove': 237.03, 'sink': 274.73, 'microwave': 216.58, 'dishwasher': 206.6, 'oven': 218.12}",[],drawer,"{'refrigerator': 2, 'coffee machine': 2}","Container id 7, is a ""drawer"" below the countertop. Additionally, it is the 2nd closest to the refrigerator, and the 2nd closest to the coffee machine."
709,8,images/kitchen/15_segmented_sun_avdeakyjwzxtynyf.jpg,"[[474, 17], [420, 22], [416, 73], [470, 72]]",cabinet door,0.373,"[[0, 154], [512, 154], [512, 378], [0, 378]]",above,0.966,56.0,58.0,"{""above"": null, ""below"": null, ""left"": 706, ""right"": null, ""top_left"": null, ""top_right"": null, ""bottom_left"": null, ""bottom_right"": null}","{""above"": null, ""below"": null, ""left"": null, ""right"": null, ""top_left"": null, ""top_right"": null, ""bottom_left"": null, ""bottom_right"": null}","{'refrigerator': 0.3046, 'coffee machine': 0.2984, 'electronic kettle': 0.2408, 'stove': 0.3355, 'sink': 0.2614, 'microwave': 0.3874, 'dishwasher': 0.6016, 'oven': 0.3875}","{'refrigerator': 83.19, 'coffee machine': 83.04, 'electronic kettle': 110.03, 'stove': 150.91, 'sink': 140.98, 'microwave': 149.4, 'dishwasher': 170.83, 'oven': 151.02}",[],cabinet door,{},"Container id 8, is a ""cabinet door"" above the countertop."
710,9,images/kitchen/15_segmented_sun_avdeakyjwzxtynyf.jpg,"[[66, 0], [70, 41], [122, 47], [120, 6]]",cabinet door,0.368,"[[0, 154], [512, 154], [512, 378], [0, 378]]",above,0.839,47.0,56.0,"{""above"": null, ""below"": null, ""left"": 711, ""right"": null, ""top_left"": null, ""top_right"": null, ""bottom_left"": null, ""bottom_right"": 707}","{""above"": null, ""below"": ""dishwasher"", ""left"": null, ""right"": null, ""top_left"": null, ""top_right"": null, ""bottom_left"": null, ""bottom_right"": null}","{'refrigerator': 0.6772, 'coffee machine': 0.6741, 'electronic kettle': 0.5364, 'stove': 0.3251, 'sink': 0.401, 'microwave': 0.3182, 'dishwasher': 0.1381, 'oven': 0.3076}","{'refrigerator': 29.93, 'coffee machine': 29.46, 'electronic kettle': 29.19, 'stove': 37.62, 'sink': 29.9, 'microwave': 46.95, 'dishwasher': 108.23, 'oven': 46.5}",[],cabinet door,{'dishwasher': 1},"Container id 9, is a ""cabinet door"" above the countertop. Additionally, it is the closest to the dishwasher."
711,10,images/kitchen/15_segmented_sun_avdeakyjwzxtynyf.jpg,"[[0, 0], [2, 35], [66, 39], [63, 0]]",cabinet door,0.361,"[[0, 154], [512, 154], [512, 378], [0, 378]]",above,0.591,39.0,66.0,"{""above"": null, ""below"": null, ""left"": null, ""right"": 710, ""top_left"": null, ""top_right"": null, ""bottom_left"": null, ""bottom_right"": null}","{""above"": null, ""below"": ""dishwasher"", ""left"": null, ""right"": null, ""top_left"": null, ""top_right"": null, ""bottom_left"": null, ""bottom_right"": null}","{'refrigerator': 0.7663, 'coffee machine': 0.7635, 'electronic kettle': 0.6262, 'stove': 0.4102, 'sink': 0.4908, 'microwave': 0.3957, 'dishwasher': 0.1491, 'oven': 0.3856}","{'refrigerator': 26.81, 'coffee machine': 26.39, 'electronic kettle': 25.49, 'stove': 30.19, 'sink': 25.05, 'microwave': 37.42, 'dishwasher': 68.84, 'oven': 36.8}",[],cabinet door,{},"Container id 10, is a ""cabinet door"" above the countertop."
712,11,images/kitchen/15_segmented_sun_avdeakyjwzxtynyf.jpg,"[[202, 22], [203, 90], [252, 92], [251, 31]]",cabinet door,0.367,"[[0, 154], [512, 154], [512, 378], [0, 378]]",above,1.4,70.0,50.0,"{""above"": null, ""below"": null, ""left"": 705, ""right"": 703, ""top_left"": null, ""top_right"": null, ""bottom_left"": null, ""bottom_right"": null}","{""above"": null, ""below"": null, ""left"": null, ""right"": null, ""top_left"": null, ""top_right"": null, ""bottom_left"": null, ""bottom_right"": null}","{'refrigerator': 0.4724, 'coffee machine': 0.4687, 'electronic kettle': 0.3319, 'stove': 0.1513, 'sink': 0.2009, 'microwave': 0.1774, 'dishwasher': 0.2626, 'oven': 0.1678}","{'refrigerator': 36.72, 'coffee machine': 36.1, 'electronic kettle': 38.42, 'stove': 70.97, 'sink': 46.03, 'microwave': 87.08, 'dishwasher': 163.22, 'oven': 88.79}",[],cabinet door,{},"Container id 11, is a ""cabinet door"" above the countertop."
713,12,images/kitchen/15_segmented_sun_avdeakyjwzxtynyf.jpg,"[[332, 120], [333, 120]]",cabinet door,0.352,"[[0, 154], [512, 154], [512, 378], [0, 378]]",above,0.0,0.0,1.0,"{""above"": null, ""below"": null, ""left"": null, ""right"": null, ""top_left"": null, ""top_right"": null, ""bottom_left"": null, ""bottom_right"": null}","{""above"": null, ""below"": null, ""left"": null, ""right"": null, ""top_left"": null, ""top_right"": null, ""bottom_left"": null, ""bottom_right"": null}","{'refrigerator': 0.2828, 'coffee machine': 0.2787, 'electronic kettle': 0.1449, 'stove': 0.1255, 'sink': 0.055, 'microwave': 0.1764, 'dishwasher': 0.4177, 'oven': 0.1773}","{'refrigerator': 41.17, 'coffee machine': 40.2, 'electronic kettle': 49.4, 'stove': 158.09, 'sink': 118.58, 'microwave': 152.69, 'dishwasher': 182.8, 'oven': 156.22}",[],cabinet door,{'sink': 1},"Container id 12, is a ""cabinet door"" above the countertop. Additionally, it is the closest to the sink."
714,13,images/kitchen/15_segmented_sun_avdeakyjwzxtynyf.jpg,"[[368, 27], [333, 30], [333, 113], [336, 77], [366, 74]]",drawer,0.35,"[[0, 154], [512, 154], [512, 378], [0, 378]]",above,2.457,86.0,35.0,"{""above"": null, ""below"": null, ""left"": 704, ""right"": 706, ""top_left"": null, ""top_right"": null, ""bottom_left"": null, ""bottom_right"": null}","{""above"": null, ""below"": null, ""left"": null, ""right"": null, ""top_left"": null, ""top_right"": null, ""bottom_left"": ""sink"", ""bottom_right"": null}","{'refrigerator': 0.3332, 'coffee machine': 0.3281, 'electronic kettle': 0.2101, 'stove': 0.1938, 'sink': 0.1447, 'microwave': 0.2465, 'dishwasher': 0.4454, 'oven': 0.2443}","{'refrigerator': 55.28, 'coffee machine': 54.65, 'electronic kettle': 70.2, 'stove': 136.05, 'sink': 109.97, 'microwave': 136.85, 'dishwasher': 171.32, 'oven': 139.34}",[],drawer,{},"Container id 13, is a ""drawer"" above the countertop."
715,14,images/kitchen/15_segmented_sun_avdeakyjwzxtynyf.jpg,"[[286, 191], [286, 204], [333, 211], [331, 197]]",drawer,0.332,"[[0, 154], [512, 154], [512, 378], [0, 378]]",below,0.426,20.0,47.0,"{""above"": null, ""below"": 716, ""left"": null, ""right"": null, ""top_left"": null, ""top_right"": null, ""bottom_left"": null, ""bottom_right"": null}","{""above"": null, ""below"": null, ""left"": null, ""right"": null, ""top_left"": null, ""top_right"": null, ""bottom_left"": null, ""bottom_right"": null}","{'refrigerator': 0.2568, 'coffee machine': 0.2554, 'electronic kettle': 0.1323, 'stove': 0.1128, 'sink': 0.0793, 'microwave': 0.1283, 'dishwasher': 0.4078, 'oven': 0.137}","{'refrigerator': 13.36, 'coffee machine': 11.98, 'electronic kettle': 352.66, 'stove': 225.2, 'sink': 277.69, 'microwave': 200.99, 'dishwasher': 201.18, 'oven': 203.85}",[],drawer,"{'electronic kettle': 1, 'stove': 1, 'sink': 2, 'microwave': 2, 'oven': 2}","Container id 14, is a ""drawer"" below the countertop. Additionally, it is the closest to the electronic kettle, the closest to the stove, the 2nd closest to the sink, the 2nd closest to the microwave, and the 2nd closest to the oven."
716,15,images/kitchen/15_segmented_sun_avdeakyjwzxtynyf.jpg,"[[286, 206], [287, 232], [323, 240], [332, 238], [333, 213]]",drawer,0.369,"[[0, 154], [512, 154], [512, 378], [0, 378]]",below,0.723,34.0,47.0,"{""above"": 715, ""below"": null, ""left"": 702, ""right"": null, ""top_left"": null, ""top_right"": null, ""bottom_left"": 708, ""bottom_right"": null}","{""above"": null, ""below"": null, ""left"": null, ""right"": null, ""top_left"": null, ""top_right"": null, ""bottom_left"": null, ""bottom_right"": null}","{'refrigerator': 0.2456, 'coffee machine': 0.2452, 'electronic kettle': 0.1381, 'stove': 0.1463, 'sink': 0.1181, 'microwave': 0.1512, 'dishwasher': 0.4281, 'oven': 0.1611}","{'refrigerator': 4.66, 'coffee machine': 3.2, 'electronic kettle': 335.97, 'stove': 234.71, 'sink': 272.71, 'microwave': 214.35, 'dishwasher': 205.85, 'oven': 216.02}",[],drawer,"{'refrigerator': 1, 'coffee machine': 1, 'electronic kettle': 2}","Container id 15, is a ""drawer"" below the countertop. Additionally, it is the closest to the refrigerator, the closest to the coffee machine, and the 2nd closest to the electronic kettle."
745,1,images/kitchen/6_segmented_sun_afstlyyibsjscpbm.jpg,"[[117, 53], [80, 55], [81, 121], [118, 120]]",cabinet door,0.501,"[[0, 156], [256, 156], [256, 256], [0, 256]]",above,1.789,68.0,38.0,"{""above"": null, ""below"": null, ""left"": 746, ""right"": null, ""top_left"": null, ""top_right"": null, ""bottom_left"": null, ""bottom_right"": null}","{""above"": null, ""below"": ""oven"", ""left"": null, ""right"": null, ""top_left"": null, ""top_right"": null, ""bottom_left"": null, ""bottom_right"": null}","{'electronic kettle': 0.3445, 'oven': 0.2793, 'sink': 0.313, 'dishwasher': 0.3304}","{'electronic kettle': 28.36, 'oven': 81.18, 'sink': 44.02, 'dishwasher': 38.21}",[],cabinet door,{},"Container id 1, is a ""cabinet door"" above the countertop."
746,2,images/kitchen/6_segmented_sun_afstlyyibsjscpbm.jpg,"[[43, 57], [43, 120], [76, 120], [76, 58]]",cabinet door,0.44,"[[0, 156], [256, 156], [256, 256], [0, 256]]",above,1.909,63.0,33.0,"{""above"": null, ""below"": null, ""left"": 747, ""right"": 745, ""top_left"": null, ""top_right"": null, ""bottom_left"": null, ""bottom_right"": null}","{""above"": null, ""below"": null, ""left"": null, ""right"": null, ""top_left"": null, ""top_right"": null, ""bottom_left"": null, ""bottom_right"": null}","{'electronic kettle': 0.442, 'oven': 0.3114, 'sink': 0.3965, 'dishwasher': 0.4196}","{'electronic kettle': 21.15, 'oven': 60.8, 'sink': 32.56, 'dishwasher': 28.51}",[],cabinet door,{},"Container id 2, is a ""cabinet door"" above the countertop."
747,3,images/kitchen/6_segmented_sun_afstlyyibsjscpbm.jpg,"[[4, 48], [4, 120], [41, 120], [41, 57]]",cabinet door,0.456,"[[0, 156], [256, 156], [256, 256], [0, 256]]",above,1.946,72.0,37.0,"{""above"": null, ""below"": null, ""left"": null, ""right"": 746, ""top_left"": null, ""top_right"": null, ""bottom_left"": null, ""bottom_right"": null}","{""above"": null, ""below"": null, ""left"": null, ""right"": null, ""top_left"": null, ""top_right"": null, ""bottom_left"": null, ""bottom_right"": null}","{'electronic kettle': 0.5407, 'oven': 0.3772, 'sink': 0.4889, 'dishwasher': 0.5145}","{'electronic kettle': 17.93, 'oven': 47.65, 'sink': 26.78, 'dishwasher': 23.74}",[],cabinet door,{},"Container id 3, is a ""cabinet door"" above the countertop."
748,4,images/kitchen/6_segmented_sun_afstlyyibsjscpbm.jpg,"[[178, 183], [177, 234], [220, 251], [220, 190]]",cabinet door,0.433,"[[0, 156], [256, 156], [256, 256], [0, 256]]",below,1.581,68.0,43.0,"{""above"": null, ""below"": null, ""left"": 749, ""right"": null, ""top_left"": null, ""top_right"": null, ""bottom_left"": null, ""bottom_right"": null}","{""above"": ""sink"", ""below"": null, ""left"": null, ""right"": null, ""top_left"": null, ""top_right"": null, ""bottom_left"": null, ""bottom_right"": null}","{'electronic kettle': 0.1898, 'oven': 0.2447, 'sink': 0.1431, 'dishwasher': 0.1479}","{'electronic kettle': 278.37, 'oven': 197.97, 'sink': 249.38, 'dishwasher': 263.84}",[],cabinet door,"{'electronic kettle': 1, 'oven': 2, 'sink': 2, 'dishwasher': 1}","Container id 4, is a ""cabinet door"" below the countertop. Additionally, it is the closest to the electronic kettle, the 2nd closest to the oven, the 2nd closest to the sink, and the closest to the dishwasher."
749,5,images/kitchen/6_segmented_sun_afstlyyibsjscpbm.jpg,"[[144, 176], [143, 222], [176, 234], [175, 182]]",cabinet door,0.398,"[[0, 156], [256, 156], [256, 256], [0, 256]]",below,1.758,58.0,33.0,"{""above"": null, ""below"": null, ""left"": null, ""right"": 748, ""top_left"": null, ""top_right"": null, ""bottom_left"": null, ""bottom_right"": null}","{""above"": null, ""below"": null, ""left"": ""oven"", ""right"": null, ""top_left"": null, ""top_right"": ""sink"", ""bottom_left"": null, ""bottom_right"": null}","{'electronic kettle': 0.2081, 'oven': 0.1322, 'sink': 0.1187, 'dishwasher': 0.1489}","{'electronic kettle': 310.83, 'oven': 199.95, 'sink': 299.25, 'dishwasher': 308.41}",[],cabinet door,"{'electronic kettle': 2, 'oven': 1, 'sink': 1, 'dishwasher': 2}","Container id 5, is a ""cabinet door"" below the countertop. Additionally, it is the 2nd closest to the electronic kettle, the closest to the oven, the closest to the sink, and the 2nd closest to the dishwasher."
750,6,images/kitchen/6_segmented_sun_afstlyyibsjscpbm.jpg,"[[0, 46], [1, 122]]",cabinet door,0.319,"[[0, 156], [256, 156], [256, 256], [0, 256]]",above,76.0,76.0,1.0,"{""above"": null, ""below"": null, ""left"": null, ""right"": null, ""top_left"": null, ""top_right"": null, ""bottom_left"": null, ""bottom_right"": null}","{""above"": null, ""below"": null, ""left"": null, ""right"": null, ""top_left"": null, ""top_right"": null, ""bottom_left"": null, ""bottom_right"": null}","{'electronic kettle': 0.6006, 'oven': 0.4247, 'sink': 0.5463, 'dishwasher': 0.5729}","{'electronic kettle': 16.71, 'oven': 42.14, 'sink': 24.49, 'dishwasher': 21.87}",[],cabinet door,{},"Container id 6, is a ""cabinet door"" above the countertop."
841,1,images/kitchen/12_segmented_sun_aopqdojqibxivqgu.jpg,"[[263, 405], [152, 413], [153, 652], [265, 613]]",cabinet door,0.493,"[[0, 365], [1024, 365], [1024, 689], [0, 689]]",below,2.186,247.0,113.0,"{""above"": null, ""below"": null, ""left"": 842, ""right"": null, ""top_left"": null, ""top_right"": null, ""bottom_left"": null, ""bottom_right"": null}","{""above"": null, ""below"": null, ""left"": null, ""right"": null, ""top_left"": null, ""top_right"": ""oven"", ""bottom_left"": null, ""bottom_right"": null}","{'refrigerator': 0.439, 'dishwasher': 0.2942, 'coffee machine': 0.197, 'dish drying rack': 0.6389, 'oven': 0.1111, 'stove': 0.1354, 'sink': 0.2994}","{'refrigerator': 340.43, 'dishwasher': 349.29, 'coffee machine': 309.96, 'dish drying rack': 350.05, 'oven': 326.22, 'stove': 303.1, 'sink': 335.67}",[],cabinet door,{},"Container id 1, is a ""cabinet door"" below the countertop."
842,2,images/kitchen/12_segmented_sun_aopqdojqibxivqgu.jpg,"[[148, 413], [0, 423], [0, 686], [149, 653]]",cabinet door,0.504,"[[0, 365], [1024, 365], [1024, 689], [0, 689]]",below,1.832,273.0,149.0,"{""above"": null, ""below"": null, ""left"": null, ""right"": 841, ""top_left"": null, ""top_right"": null, ""bottom_left"": null, ""bottom_right"": null}","{""above"": null, ""below"": null, ""left"": null, ""right"": null, ""top_left"": null, ""top_right"": ""stove"", ""bottom_left"": null, ""bottom_right"": null}","{'refrigerator': 0.5478, 'dishwasher': 0.4043, 'coffee machine': 0.2899, 'dish drying rack': 0.7491, 'oven': 0.2164, 'stove': 0.2253, 'sink': 0.407}","{'refrigerator': 342.4, 'dishwasher': 349.55, 'coffee machine': 324.19, 'dish drying rack': 350.08, 'oven': 338.19, 'stove': 324.11, 'sink': 339.58}",[],cabinet door,{},"Container id 2, is a ""cabinet door"" below the countertop."
843,3,images/kitchen/12_segmented_sun_aopqdojqibxivqgu.jpg,"[[101, 108], [97, 293], [172, 300], [176, 126]]",cabinet door,0.463,"[[0, 365], [1024, 365], [1024, 689], [0, 689]]",above,2.43,192.0,79.0,"{""above"": null, ""below"": null, ""left"": 844, ""right"": null, ""top_left"": null, ""top_right"": null, ""bottom_left"": null, ""bottom_right"": null}","{""above"": null, ""below"": null, ""left"": null, ""right"": null, ""top_left"": null, ""top_right"": null, ""bottom_left"": null, ""bottom_right"": ""stove""}","{'refrigerator': 0.4838, 'dishwasher': 0.4005, 'coffee machine': 0.2116, 'dish drying rack': 0.7023, 'oven': 0.2445, 'stove': 0.1932, 'sink': 0.356}","{'refrigerator': 12.82, 'dishwasher': 29.91, 'coffee machine': 29.25, 'dish drying rack': 11.83, 'oven': 52.0, 'stove': 46.87, 'sink': 21.6}",[],cabinet door,{},"Container id 3, is a ""cabinet door"" above the countertop."
844,4,images/kitchen/12_segmented_sun_aopqdojqibxivqgu.jpg,"[[0, 82], [0, 292], [90, 296], [96, 107]]",cabinet door,0.459,"[[0, 365], [1024, 365], [1024, 689], [0, 689]]",above,2.229,214.0,96.0,"{""above"": null, ""below"": null, ""left"": null, ""right"": 843, ""top_left"": null, ""top_right"": null, ""bottom_left"": null, ""bottom_right"": null}","{""above"": null, ""below"": null, ""left"": null, ""right"": null, ""top_left"": null, ""top_right"": null, ""bottom_left"": null, ""bottom_right"": null}","{'refrigerator': 0.5572, 'dishwasher': 0.4696, 'coffee machine': 0.2815, 'dish drying rack': 0.7758, 'oven': 0.3017, 'stove': 0.2547, 'sink': 0.4279}","{'refrigerator': 12.17, 'dishwasher': 26.54, 'coffee machine': 23.79, 'dish drying rack': 11.46, 'oven': 42.22, 'stove': 36.4, 'sink': 19.27}",[],cabinet door,{},"Container id 4, is a ""cabinet door"" above the countertop."
845,5,images/kitchen/12_segmented_sun_aopqdojqibxivqgu.jpg,"[[419, 373], [421, 397], [520, 405], [518, 379]]",drawer,0.505,"[[0, 365], [1024, 365], [1024, 689], [0, 689]]",below,0.317,32.0,101.0,"{""above"": null, ""below"": 849, ""left"": null, ""right"": null, ""top_left"": null, ""top_right"": null, ""bottom_left"": null, ""bottom_right"": null}","{""above"": null, ""below"": null, ""left"": null, ""right"": null, ""top_left"": ""coffee machine"", ""top_right"": ""sink"", ""bottom_left"": null, ""bottom_right"": ""dishwasher""}","{'refrigerator': 0.2059, 'dishwasher': 0.0935, 'coffee machine': 0.0958, 'dish drying rack': 0.4176, 'oven': 0.1276, 'stove': 0.1379, 'sink': 0.0633}","{'refrigerator': 348.82, 'dishwasher': 34.14, 'coffee machine': 207.24, 'dish drying rack': 359.55, 'oven': 159.18, 'stove': 182.61, 'sink': 345.16}",[],drawer,"{'refrigerator': 2, 'dish drying rack': 2, 'sink': 1}","Container id 5, is a ""drawer"" below the countertop. Additionally, it is the 2nd closest to the refrigerator, the 2nd closest to the dish drying rack, and the closest to the sink."
846,6,images/kitchen/12_segmented_sun_aopqdojqibxivqgu.jpg,"[[398, 372], [381, 377], [375, 480], [401, 475]]",cabinet door,0.378,"[[0, 365], [1024, 365], [1024, 689], [0, 689]]",below,4.154,108.0,26.0,"{""above"": null, ""below"": null, ""left"": null, ""right"": 850, ""top_left"": null, ""top_right"": null, ""bottom_left"": null, ""bottom_right"": null}","{""above"": null, ""below"": null, ""left"": ""oven"", ""right"": null, ""top_left"": ""coffee machine"", ""top_right"": null, ""bottom_left"": null, ""bottom_right"": null}","{'refrigerator': 0.2765, 'dishwasher': 0.1445, 'coffee machine': 0.0768, 'dish drying rack': 0.4842, 'oven': 0.0559, 'stove': 0.0811, 'sink': 0.1349}","{'refrigerator': 345.27, 'dishwasher': 8.79, 'coffee machine': 255.11, 'dish drying rack': 356.01, 'oven': 164.45, 'stove': 206.89, 'sink': 339.8}",[],cabinet door,"{'oven': 1, 'stove': 1}","Container id 6, is a ""cabinet door"" below the countertop. Additionally, it is the closest to the oven, and the closest to the stove."
847,7,images/kitchen/12_segmented_sun_aopqdojqibxivqgu.jpg,"[[364, 169], [376, 244], [355, 254], [355, 308], [440, 313], [442, 185]]",cabinet door,0.351,"[[0, 365], [1024, 365], [1024, 689], [0, 689]]",above,1.655,144.0,87.0,"{""above"": null, ""below"": null, ""left"": 848, ""right"": 852, ""top_left"": null, ""top_right"": null, ""bottom_left"": null, ""bottom_right"": null}","{""above"": null, ""below"": ""coffee machine"", ""left"": null, ""right"": null, ""top_left"": null, ""top_right"": null, ""bottom_left"": ""stove"", ""bottom_right"": null}","{'refrigerator': 0.278, 'dishwasher': 0.2208, 'coffee machine': 0.0747, 'dish drying rack': 0.4961, 'oven': 0.17, 'stove': 0.1313, 'sink': 0.1612}","{'refrigerator': 15.86, 'dishwasher': 49.68, 'coffee machine': 105.27, 'dish drying rack': 13.12, 'oven': 108.46, 'stove': 123.4, 'sink': 38.19}",[],cabinet door,{'coffee machine': 2},"Container id 7, is a ""cabinet door"" above the countertop. Additionally, it is the 2nd closest to the coffee machine."
848,8,images/kitchen/12_segmented_sun_aopqdojqibxivqgu.jpg,"[[366, 170], [376, 244], [357, 253], [357, 306], [391, 312], [403, 181]]",cabinet door,0.314,"[[0, 365], [1024, 365], [1024, 689], [0, 689]]",above,3.087,142.0,46.0,"{""above"": null, ""below"": null, ""left"": null, ""right"": 847, ""top_left"": null, ""top_right"": null, ""bottom_left"": null, ""bottom_right"": null}","{""above"": null, ""below"": ""coffee machine"", ""left"": null, ""right"": null, ""top_left"": null, ""top_right"": null, ""bottom_left"": null, ""bottom_right"": null}","{'refrigerator': 0.2889, 'dishwasher': 0.2288, 'coffee machine': 0.0735, 'dish drying rack': 0.5071, 'oven': 0.1677, 'stove': 0.1263, 'sink': 0.1706}","{'refrigerator': 15.44, 'dishwasher': 47.71, 'coffee machine': 96.71, 'dish drying rack': 12.94, 'oven': 104.76, 'stove': 118.96, 'sink': 36.14}",[],cabinet door,{'coffee machine': 1},"Container id 8, is a ""cabinet door"" above the countertop. Additionally, it is the closest to the coffee machine."
849,9,images/kitchen/12_segmented_sun_aopqdojqibxivqgu.jpg,"[[420, 373], [417, 480], [519, 509], [520, 381]]",drawer,0.336,"[[0, 365], [1024, 365], [1024, 689], [0, 689]]",below,1.32,136.0,103.0,"{""above"": 845, ""below"": null, ""left"": 850, ""right"": null, ""top_left"": null, ""top_right"": null, ""bottom_left"": null, ""bottom_right"": 851}","{""above"": null, ""below"": null, ""left"": ""oven"", ""right"": ""dishwasher"", ""top_left"": ""coffee machine"", ""top_right"": ""sink"", ""bottom_left"": null, ""bottom_right"": null}","{'refrigerator': 0.2169, 'dishwasher': 0.0791, 'coffee machine': 0.118, 'dish drying rack': 0.4201, 'oven': 0.1191, 'stove': 0.1444, 'sink': 0.0822}","{'refrigerator': 338.87, 'dishwasher': 10.33, 'coffee machine': 224.1, 'dish drying rack': 354.32, 'oven': 176.59, 'stove': 197.98, 'sink': 318.5}",[],drawer,{'dishwasher': 2},"Container id 9, is a ""drawer"" below the countertop. Additionally, it is the 2nd closest to the dishwasher."
850,10,images/kitchen/12_segmented_sun_aopqdojqibxivqgu.jpg,"[[420, 398], [418, 479], [463, 493], [464, 405]]",cabinet door,0.38,"[[0, 365], [1024, 365], [1024, 689], [0, 689]]",below,2.065,95.0,46.0,"{""above"": null, ""below"": null, ""left"": 846, ""right"": 851, ""top_left"": null, ""top_right"": 845, ""bottom_left"": null, ""bottom_right"": null}","{""above"": null, ""below"": null, ""left"": ""oven"", ""right"": null, ""top_left"": null, ""top_right"": null, ""bottom_left"": null, ""bottom_right"": null}","{'refrigerator': 0.2403, 'dishwasher': 0.1006, 'coffee machine': 0.1083, 'dish drying rack': 0.4431, 'oven': 0.0964, 'stove': 0.1257, 'sink': 0.1038}","{'refrigerator': 339.36, 'dishwasher': 4.39, 'coffee machine': 234.9, 'dish drying rack': 353.78, 'oven': 179.64, 'stove': 203.96, 'sink': 324.05}",[],cabinet door,"{'oven': 2, 'stove': 2}","Container id 10, is a ""cabinet door"" below the countertop. Additionally, it is the 2nd closest to the oven, and the 2nd closest to the stove."
851,11,images/kitchen/12_segmented_sun_aopqdojqibxivqgu.jpg,"[[469, 404], [466, 493], [519, 509], [520, 409]]",cabinet door,0.383,"[[0, 365], [1024, 365], [1024, 689], [0, 689]]",below,1.944,105.0,54.0,"{""above"": 845, ""below"": null, ""left"": 850, ""right"": null, ""top_left"": 849, ""top_right"": null, ""bottom_left"": null, ""bottom_right"": null}","{""above"": null, ""below"": null, ""left"": null, ""right"": ""dishwasher"", ""top_left"": null, ""top_right"": null, ""bottom_left"": null, ""bottom_right"": null}","{'refrigerator': 0.2047, 'dishwasher': 0.0579, 'coffee machine': 0.1425, 'dish drying rack': 0.4021, 'oven': 0.139, 'stove': 0.1679, 'sink': 0.0807}","{'refrigerator': 333.05, 'dishwasher': 359.6, 'coffee machine': 222.75, 'dish drying rack': 351.97, 'oven': 183.09, 'stove': 200.62, 'sink': 301.14}",[],cabinet door,"{'refrigerator': 1, 'dishwasher': 1, 'dish drying rack': 1, 'sink': 2}","Container id 11, is a ""cabinet door"" below the countertop. Additionally, it is the closest to the refrigerator, the closest to the dishwasher, the closest to the dish drying rack, and the 2nd closest to the sink."
852,12,images/kitchen/12_segmented_sun_aopqdojqibxivqgu.jpg,"[[408, 180], [404, 307], [438, 314], [442, 186]]",cabinet door,0.363,"[[0, 365], [1024, 365], [1024, 689], [0, 689]]",above,3.526,134.0,38.0,"{""above"": null, ""below"": null, ""left"": 847, ""right"": null, ""top_left"": null, ""top_right"": null, ""bottom_left"": null, ""bottom_right"": null}","{""above"": null, ""below"": null, ""left"": null, ""right"": null, ""top_left"": null, ""top_right"": null, ""bottom_left"": ""coffee machine"", ""bottom_right"": null}","{'refrigerator': 0.2511, 'dishwasher': 0.2031, 'coffee machine': 0.0854, 'dish drying rack': 0.4688, 'oven': 0.1798, 'stove': 0.1476, 'sink': 0.1396}","{'refrigerator': 17.37, 'dishwasher': 55.49, 'coffee machine': 123.77, 'dish drying rack': 13.77, 'oven': 117.0, 'stove': 132.66, 'sink': 44.94}",[],cabinet door,{},"Container id 12, is a ""cabinet door"" above the countertop."
884,1,images/kitchen/10_segmented_sun_ayzwrfmejwnjncpp.jpg,"[[397, 152], [395, 236], [429, 238], [436, 225], [435, 156]]",cabinet door,0.377,"[[0, 359], [800, 359], [800, 535], [0, 535]]",above,2.098,86.0,41.0,"{""above"": null, ""below"": null, ""left"": null, ""right"": 886, ""top_left"": null, ""top_right"": null, ""bottom_left"": null, ""bottom_right"": null}","{""above"": null, ""below"": ""microwave"", ""left"": null, ""right"": null, ""top_left"": null, ""top_right"": null, ""bottom_left"": null, ""bottom_right"": null}","{'stove': 0.1977, 'microwave': 0.076, 'oven': 0.1464, 'sink': 0.2567}","{'stove': 114.17, 'microwave': 75.48, 'oven': 82.11, 'sink': 63.58}",[],cabinet door,{'microwave': 1},"Container id 1, is a ""cabinet door"" above the countertop. Additionally, it is the closest to the microwave."
885,2,images/kitchen/10_segmented_sun_ayzwrfmejwnjncpp.jpg,"[[170, 11], [169, 146], [207, 153], [215, 39]]",cabinet door,0.331,"[[0, 359], [800, 359], [800, 535], [0, 535]]",above,3.087,142.0,46.0,"{""above"": null, ""below"": null, ""left"": null, ""right"": 892, ""top_left"": null, ""top_right"": null, ""bottom_left"": null, ""bottom_right"": null}","{""above"": null, ""below"": null, ""left"": null, ""right"": null, ""top_left"": null, ""top_right"": null, ""bottom_left"": null, ""bottom_right"": null}","{'stove': 0.3373, 'microwave': 0.3202, 'oven': 0.3683, 'sink': 0.4948}","{'stove': 62.43, 'microwave': 36.89, 'oven': 45.71, 'sink': 44.77}",[],cabinet door,{},"Container id 2, is a ""cabinet door"" above the countertop."
886,3,images/kitchen/10_segmented_sun_ayzwrfmejwnjncpp.jpg,"[[396, 152], [395, 237], [476, 240], [477, 158]]",cabinet door,0.309,"[[0, 359], [800, 359], [800, 535], [0, 535]]",above,1.073,88.0,82.0,"{""above"": null, ""below"": null, ""left"": 884, ""right"": 891, ""top_left"": null, ""top_right"": null, ""bottom_left"": null, ""bottom_right"": null}","{""above"": null, ""below"": ""microwave"", ""left"": null, ""right"": null, ""top_left"": null, ""top_right"": null, ""bottom_left"": null, ""bottom_right"": null}","{'stove': 0.2101, 'microwave': 0.0785, 'oven': 0.1499, 'sink': 0.2536}","{'stove': 118.18, 'microwave': 89.43, 'oven': 89.3, 'sink': 67.77}",[],cabinet door,{'microwave': 2},"Container id 3, is a ""cabinet door"" above the countertop. Additionally, it is the 2nd closest to the microwave."
887,4,images/kitchen/10_segmented_sun_ayzwrfmejwnjncpp.jpg,"[[391, 363], [369, 376], [370, 435], [392, 425]]",cabinet door,0.362,"[[0, 359], [800, 359], [800, 535], [0, 535]]",below,3.13,72.0,23.0,"{""above"": 890, ""below"": null, ""left"": null, ""right"": null, ""top_left"": null, ""top_right"": null, ""bottom_left"": null, ""bottom_right"": null}","{""above"": null, ""below"": null, ""left"": null, ""right"": null, ""top_left"": null, ""top_right"": ""oven"", ""bottom_left"": null, ""bottom_right"": null}","{'stove': 0.0489, 'microwave': 0.1448, 'oven': 0.0852, 'sink': 0.1554}","{'stove': 211.75, 'microwave': 293.81, 'oven': 314.26, 'sink': 8.81}",[],cabinet door,"{'stove': 2, 'oven': 2, 'sink': 1}","Container id 4, is a ""cabinet door"" below the countertop. Additionally, it is the 2nd closest to the stove, the 2nd closest to the oven, and the closest to the sink."
888,5,images/kitchen/10_segmented_sun_ayzwrfmejwnjncpp.jpg,"[[201, 431], [131, 458], [139, 467], [133, 534], [202, 532]]",cabinet door,0.315,"[[0, 359], [800, 359], [800, 535], [0, 535]]",below,1.451,103.0,71.0,"{""above"": null, ""below"": null, ""left"": 893, ""right"": null, ""top_left"": 889, ""top_right"": null, ""bottom_left"": null, ""bottom_right"": null}","{""above"": null, ""below"": null, ""left"": null, ""right"": ""oven"", ""top_left"": null, ""top_right"": null, ""bottom_left"": null, ""bottom_right"": null}","{'stove': 0.2182, 'microwave': 0.3613, 'oven': 0.3237, 'sink': 0.3868}","{'stove': 328.61, 'microwave': 322.41, 'oven': 332.59, 'sink': 350.46}",[],cabinet door,{},"Container id 5, is a ""cabinet door"" below the countertop."
889,6,images/kitchen/10_segmented_sun_ayzwrfmejwnjncpp.jpg,"[[201, 398], [28, 449], [28, 488], [201, 426]]",drawer,0.42,"[[0, 359], [800, 359], [800, 535], [0, 535]]",below,0.52,90.0,173.0,"{""above"": null, ""below"": 893, ""left"": null, ""right"": null, ""top_left"": null, ""top_right"": null, ""bottom_left"": null, ""bottom_right"": 888}","{""above"": null, ""below"": null, ""left"": null, ""right"": ""oven"", ""top_left"": null, ""top_right"": ""stove"", ""bottom_left"": null, ""bottom_right"": null}","{'stove': 0.2444, 'microwave': 0.3776, 'oven': 0.3514, 'sink': 0.4304}","{'stove': 343.9, 'microwave': 332.47, 'oven': 342.93, 'sink': 357.57}",[],drawer,{},"Container id 6, is a ""drawer"" below the countertop."
890,7,images/kitchen/10_segmented_sun_ayzwrfmejwnjncpp.jpg,"[[391, 343], [366, 348], [364, 354], [356, 357], [357, 369], [390, 360]]",drawer,0.332,"[[0, 359], [800, 359], [800, 535], [0, 535]]",below,0.743,26.0,35.0,"{""above"": null, ""below"": 887, ""left"": null, ""right"": null, ""top_left"": null, ""top_right"": null, ""bottom_left"": null, ""bottom_right"": null}","{""above"": null, ""below"": null, ""left"": null, ""right"": null, ""top_left"": null, ""top_right"": null, ""bottom_left"": null, ""bottom_right"": null}","{'stove': 0.0375, 'microwave': 0.1102, 'oven': 0.0712, 'sink': 0.1782}","{'stove': 146.68, 'microwave': 308.55, 'oven': 348.08, 'sink': 23.18}",[],drawer,"{'stove': 1, 'oven': 1, 'sink': 2}","Container id 7, is a ""drawer"" below the countertop. Additionally, it is the closest to the stove, the closest to the oven, and the 2nd closest to the sink."
891,8,images/kitchen/10_segmented_sun_ayzwrfmejwnjncpp.jpg,"[[442, 157], [443, 233], [477, 239], [477, 160]]",cabinet door,0.385,"[[0, 359], [800, 359], [800, 535], [0, 535]]",above,2.343,82.0,35.0,"{""above"": null, ""below"": null, ""left"": 886, ""right"": null, ""top_left"": null, ""top_right"": null, ""bottom_left"": null, ""bottom_right"": null}","{""above"": null, ""below"": null, ""left"": null, ""right"": null, ""top_left"": null, ""top_right"": null, ""bottom_left"": ""microwave"", ""bottom_right"": null}","{'stove': 0.2224, 'microwave': 0.0815, 'oven': 0.1511, 'sink': 0.2448}","{'stove': 123.86, 'microwave': 107.05, 'oven': 98.7, 'sink': 73.08}",[],cabinet door,{},"Container id 8, is a ""cabinet door"" above the countertop."
892,9,images/kitchen/10_segmented_sun_ayzwrfmejwnjncpp.jpg,"[[220, 37], [219, 143], [228, 160], [256, 166], [256, 57]]",cabinet door,0.323,"[[0, 359], [800, 359], [800, 535], [0, 535]]",above,3.486,129.0,37.0,"{""above"": null, ""below"": null, ""left"": 885, ""right"": null, ""top_left"": null, ""top_right"": null, ""bottom_left"": null, ""bottom_right"": null}","{""above"": null, ""below"": null, ""left"": null, ""right"": null, ""top_left"": null, ""top_right"": null, ""bottom_left"": null, ""bottom_right"": null}","{'stove': 0.2936, 'microwave': 0.2667, 'oven': 0.3168, 'sink': 0.4429}","{'stove': 68.25, 'microwave': 38.47, 'oven': 48.52, 'sink': 46.67}",[],cabinet door,{},"Container id 9, is a ""cabinet door"" above the countertop."
893,10,images/kitchen/10_segmented_sun_ayzwrfmejwnjncpp.jpg,"[[201, 431], [30, 494], [29, 532], [201, 533]]",cabinet door,0.336,"[[0, 359], [800, 359], [800, 535], [0, 535]]",below,0.593,102.0,172.0,"{""above"": 889, ""below"": null, ""left"": null, ""right"": 888, ""top_left"": null, ""top_right"": null, ""bottom_left"": null, ""bottom_right"": null}","{""above"": null, ""below"": null, ""left"": null, ""right"": ""oven"", ""top_left"": null, ""top_right"": ""stove"", ""bottom_left"": null, ""bottom_right"": null}","{'stove': 0.2664, 'microwave': 0.4079, 'oven': 0.3725, 'sink': 0.4362}","{'stove': 331.46, 'microwave': 324.98, 'oven': 334.11, 'sink': 349.73}",[],cabinet door,{},"Container id 10, is a ""cabinet door"" below the countertop."
1162,1,images/kitchen/16_segmented_sun_amtngujfdqlygigl.jpg,"[[845, 143], [786, 162], [786, 330], [843, 329]]",cabinet door,0.504,"[[0, 366], [1024, 366], [1024, 683], [0, 683]]",above,3.169,187.0,59.0,"{""above"": null, ""below"": null, ""left"": 1163, ""right"": 1168, ""top_left"": null, ""top_right"": null, ""bottom_left"": null, ""bottom_right"": null}","{""above"": null, ""below"": null, ""left"": null, ""right"": null, ""top_left"": null, ""top_right"": null, ""bottom_left"": null, ""bottom_right"": null}","{'microwave': 0.4247, 'oven': 0.2811, 'refrigerator': 0.6126, 'stove': 0.1933, 'sink': 0.4401, 'dish rack': 0.3117, 'dishwasher': 0.1881, 'toaster': 0.2238}","{'microwave': 174.18, 'oven': 133.74, 'refrigerator': 167.9, 'stove': 58.64, 'sink': 158.22, 'dish rack': 87.13, 'dishwasher': 54.63, 'toaster': 145.95}",[],cabinet door,{'stove': 2},"Container id 1, is a ""cabinet door"" above the countertop. Additionally, it is the 2nd closest to the stove."
1163,2,images/kitchen/16_segmented_sun_amtngujfdqlygigl.jpg,"[[701, 157], [701, 330], [778, 330], [783, 160]]",cabinet door,0.534,"[[0, 366], [1024, 366], [1024, 683], [0, 683]]",above,2.11,173.0,82.0,"{""above"": null, ""below"": null, ""left"": null, ""right"": 1162, ""top_left"": null, ""top_right"": null, ""bottom_left"": null, ""bottom_right"": null}","{""above"": null, ""below"": null, ""left"": null, ""right"": null, ""top_left"": null, ""top_right"": null, ""bottom_left"": ""toaster"", ""bottom_right"": null}","{'microwave': 0.3644, 'oven': 0.2412, 'refrigerator': 0.5531, 'stove': 0.2286, 'sink': 0.3836, 'dish rack': 0.3179, 'dishwasher': 0.2266, 'toaster': 0.1752}","{'microwave': 173.63, 'oven': 123.77, 'refrigerator': 166.86, 'stove': 45.27, 'sink': 155.24, 'dish rack': 76.18, 'dishwasher': 41.7, 'toaster': 135.56}",[],cabinet door,{},"Container id 2, is a ""cabinet door"" above the countertop."
1164,3,images/kitchen/16_segmented_sun_amtngujfdqlygigl.jpg,"[[724, 424], [719, 551], [772, 545], [774, 429]]",cabinet door,0.456,"[[0, 366], [1024, 366], [1024, 683], [0, 683]]",below,2.309,127.0,55.0,"{""above"": null, ""below"": null, ""left"": 1165, ""right"": null, ""top_left"": 1177, ""top_right"": null, ""bottom_left"": null, ""bottom_right"": null}","{""above"": null, ""below"": null, ""left"": null, ""right"": null, ""top_left"": null, ""top_right"": null, ""bottom_left"": null, ""bottom_right"": ""dish rack""}","{'microwave': 0.3996, 'oven': 0.1394, 'refrigerator': 0.5486, 'stove': 0.1595, 'sink': 0.3555, 'dish rack': 0.1318, 'dishwasher': 0.1704, 'toaster': 0.1503}","{'microwave': 203.14, 'oven': 178.75, 'refrigerator': 187.51, 'stove': 347.33, 'sink': 185.94, 'dish rack': 57.59, 'dishwasher': 344.11, 'toaster': 209.82}",[],cabinet door,"{'stove': 1, 'dish rack': 1, 'dishwasher': 1}","Container id 3, is a ""cabinet door"" below the countertop. Additionally, it is the closest to the stove, the closest to the dish rack, and the closest to the dishwasher."
1165,4,images/kitchen/16_segmented_sun_amtngujfdqlygigl.jpg,"[[654, 453], [653, 556], [716, 554], [719, 455]]",cabinet door,0.399,"[[0, 366], [1024, 366], [1024, 683], [0, 683]]",below,1.561,103.0,66.0,"{""above"": 1177, ""below"": null, ""left"": null, ""right"": 1164, ""top_left"": null, ""top_right"": null, ""bottom_left"": null, ""bottom_right"": null}","{""above"": null, ""below"": null, ""left"": ""oven"", ""right"": null, ""top_left"": ""stove"", ""top_right"": null, ""bottom_left"": null, ""bottom_right"": null}","{'microwave': 0.3604, 'oven': 0.0898, 'refrigerator': 0.5011, 'stove': 0.2116, 'sink': 0.3077, 'dish rack': 0.1551, 'dishwasher': 0.2225, 'toaster': 0.1196}","{'microwave': 208.33, 'oven': 187.01, 'refrigerator': 189.85, 'stove': 346.61, 'sink': 189.5, 'dish rack': 38.83, 'dishwasher': 344.17, 'toaster': 227.89}",[],cabinet door,"{'oven': 2, 'dish rack': 2}","Container id 4, is a ""cabinet door"" below the countertop. Additionally, it is the 2nd closest to the oven, and the 2nd closest to the dish rack."
1166,5,images/kitchen/16_segmented_sun_amtngujfdqlygigl.jpg,"[[293, 394], [234, 398], [234, 421], [290, 413]]",drawer,0.481,"[[0, 366], [1024, 366], [1024, 683], [0, 683]]",below,0.458,27.0,59.0,"{""above"": null, ""below"": 1173, ""left"": null, ""right"": null, ""top_left"": null, ""top_right"": null, ""bottom_left"": 1176, ""bottom_right"": null}","{""above"": null, ""below"": null, ""left"": null, ""right"": null, ""top_left"": null, ""top_right"": null, ""bottom_left"": null, ""bottom_right"": ""sink""}","{'microwave': 0.0951, 'oven': 0.2634, 'refrigerator': 0.1504, 'stove': 0.5501, 'sink': 0.0493, 'dish rack': 0.4968, 'dishwasher': 0.5578, 'toaster': 0.2634}","{'microwave': 286.0, 'oven': 15.11, 'refrigerator': 182.32, 'stove': 3.19, 'sink': 35.78, 'dish rack': 20.85, 'dishwasher': 1.94, 'toaster': 358.01}",[],drawer,{'refrigerator': 2},"Container id 5, is a ""drawer"" below the countertop. Additionally, it is the 2nd closest to the refrigerator."
1167,6,images/kitchen/16_segmented_sun_amtngujfdqlygigl.jpg,"[[211, 185], [170, 186], [171, 325], [227, 321], [231, 193]]",cabinet door,0.424,"[[0, 366], [1024, 366], [1024, 683], [0, 683]]",above,2.295,140.0,61.0,"{""above"": null, ""below"": null, ""left"": null, ""right"": 1174, ""top_left"": null, ""top_right"": null, ""bottom_left"": null, ""bottom_right"": null}","{""above"": null, ""below"": null, ""left"": null, ""right"": ""microwave"", ""top_left"": null, ""top_right"": null, ""bottom_left"": ""refrigerator"", ""bottom_right"": null}","{'microwave': 0.0866, 'oven': 0.3649, 'refrigerator': 0.1627, 'stove': 0.6207, 'sink': 0.1854, 'dish rack': 0.6002, 'dishwasher': 0.6258, 'toaster': 0.3365}","{'microwave': 29.21, 'oven': 33.67, 'refrigerator': 128.36, 'stove': 15.34, 'sink': 61.19, 'dish rack': 31.16, 'dishwasher': 14.11, 'toaster': 21.72}",[],cabinet door,{},"Container id 6, is a ""cabinet door"" above the countertop."
1168,7,images/kitchen/16_segmented_sun_amtngujfdqlygigl.jpg,"[[956, 74], [869, 86], [870, 335], [949, 334]]",cabinet door,0.457,"[[0, 366], [1024, 366], [1024, 683], [0, 683]]",above,3.0,261.0,87.0,"{""above"": null, ""below"": null, ""left"": 1162, ""right"": null, ""top_left"": null, ""top_right"": null, ""bottom_left"": null, ""bottom_right"": null}","{""above"": null, ""below"": ""stove"", ""left"": null, ""right"": null, ""top_left"": null, ""top_right"": null, ""bottom_left"": null, ""bottom_right"": null}","{'microwave': 0.5054, 'oven': 0.3568, 'refrigerator': 0.6946, 'stove': 0.1938, 'sink': 0.5227, 'dish rack': 0.3444, 'dishwasher': 0.1834, 'toaster': 0.3045}","{'microwave': 171.98, 'oven': 139.76, 'refrigerator': 167.04, 'stove': 83.3, 'sink': 158.6, 'dish rack': 100.44, 'dishwasher': 80.31, 'toaster': 149.89}",[],cabinet door,{'dishwasher': 2},"Container id 7, is a ""cabinet door"" above the countertop. Additionally, it is the 2nd closest to the dishwasher."
1169,8,images/kitchen/16_segmented_sun_amtngujfdqlygigl.jpg,"[[449, 432], [447, 520], [454, 530], [500, 535], [500, 437]]",cabinet door,0.416,"[[0, 366], [1024, 366], [1024, 683], [0, 683]]",below,1.943,103.0,53.0,"{""above"": 1170, ""below"": null, ""left"": null, ""right"": null, ""top_left"": null, ""top_right"": null, ""bottom_left"": null, ""bottom_right"": null}","{""above"": null, ""below"": null, ""left"": null, ""right"": ""oven"", ""top_left"": null, ""top_right"": ""sink"", ""bottom_left"": null, ""bottom_right"": null}","{'microwave': 0.214, 'oven': 0.0859, 'refrigerator': 0.3273, 'stove': 0.3828, 'sink': 0.1343, 'dish rack': 0.3151, 'dishwasher': 0.3923, 'toaster': 0.1226}","{'microwave': 228.36, 'oven': 0.11, 'refrigerator': 193.17, 'stove': 354.32, 'sink': 197.16, 'dish rack': 20.12, 'dishwasher': 352.74, 'toaster': 320.7}",[],cabinet door,{'oven': 1},"Container id 8, is a ""cabinet door"" below the countertop. Additionally, it is the closest to the oven."
1170,9,images/kitchen/16_segmented_sun_amtngujfdqlygigl.jpg,"[[449, 406], [450, 429], [500, 432], [499, 408]]",drawer,0.478,"[[0, 366], [1024, 366], [1024, 683], [0, 683]]",below,0.51,26.0,51.0,"{""above"": null, ""below"": 1169, ""left"": null, ""right"": null, ""top_left"": null, ""top_right"": null, ""bottom_left"": null, ""bottom_right"": null}","{""above"": null, ""below"": null, ""left"": null, ""right"": null, ""top_left"": null, ""top_right"": null, ""bottom_left"": null, ""bottom_right"": null}","{'microwave': 0.1776, 'oven': 0.1011, 'refrigerator': 0.3227, 'stove': 0.3778, 'sink': 0.1334, 'dish rack': 0.3365, 'dishwasher': 0.3856, 'toaster': 0.0932}","{'microwave': 214.8, 'oven': 35.51, 'refrigerator': 182.85, 'stove': 3.14, 'sink': 171.86, 'dish rack': 29.73, 'dishwasher': 1.33, 'toaster': 348.18}",[],drawer,{'toaster': 2},"Container id 9, is a ""drawer"" below the countertop. Additionally, it is the 2nd closest to the toaster."
1171,10,images/kitchen/16_segmented_sun_amtngujfdqlygigl.jpg,"[[267, 176], [264, 257], [327, 267], [329, 195]]",cabinet door,0.384,"[[0, 366], [1024, 366], [1024, 683], [0, 683]]",above,1.4,91.0,65.0,"{""above"": null, ""below"": null, ""left"": 1174, ""right"": null, ""top_left"": null, ""top_right"": null, ""bottom_left"": null, ""bottom_right"": null}","{""above"": null, ""below"": ""microwave"", ""left"": null, ""right"": null, ""top_left"": null, ""top_right"": null, ""bottom_left"": null, ""bottom_right"": null}","{'microwave': 0.0571, 'oven': 0.3139, 'refrigerator': 0.2279, 'stove': 0.5515, 'sink': 0.1777, 'dish rack': 0.5445, 'dishwasher': 0.5557, 'toaster': 0.2737}","{'microwave': 91.43, 'oven': 43.77, 'refrigerator': 141.33, 'stove': 18.95, 'sink': 86.0, 'dish rack': 36.69, 'dishwasher': 17.53, 'toaster': 30.6}",[],cabinet door,{'microwave': 1},"Container id 10, is a ""cabinet door"" above the countertop. Additionally, it is the closest to the microwave."
1172,11,images/kitchen/16_segmented_sun_amtngujfdqlygigl.jpg,"[[289, 497]]",cabinet door,0.42,"[[0, 366], [1024, 366], [1024, 683], [0, 683]]",below,0.0,0.0,0.0,"{""above"": null, ""below"": null, ""left"": null, ""right"": null, ""top_left"": null, ""top_right"": null, ""bottom_left"": null, ""bottom_right"": null}","{""above"": null, ""below"": null, ""left"": null, ""right"": null, ""top_left"": null, ""top_right"": null, ""bottom_left"": null, ""bottom_right"": null}","{'microwave': 0.165, 'oven': 0.233, 'refrigerator': 0.1892, 'stove': 0.5297, 'sink': 0.0484, 'dish rack': 0.4548, 'dishwasher': 0.539, 'toaster': 0.2556}","{'microwave': 271.69, 'oven': 358.8, 'refrigerator': 204.89, 'stove': 355.35, 'sink': 292.69, 'dish rack': 13.13, 'dishwasher': 354.19, 'toaster': 341.13}",[],cabinet door,{'sink': 2},"Container id 11, is a ""cabinet door"" below the countertop. Additionally, it is the 2nd closest to the sink."
1173,12,images/kitchen/16_segmented_sun_amtngujfdqlygigl.jpg,"[[292, 415], [234, 424], [235, 515], [291, 491]]",cabinet door,0.326,"[[0, 366], [1024, 366], [1024, 683], [0, 683]]",below,1.724,100.0,58.0,"{""above"": 1166, ""below"": null, ""left"": 1176, ""right"": null, ""top_left"": null, ""top_right"": null, ""bottom_left"": null, ""bottom_right"": null}","{""above"": null, ""below"": null, ""left"": null, ""right"": ""sink"", ""top_left"": null, ""top_right"": null, ""bottom_left"": null, ""bottom_right"": null}","{'microwave': 0.1383, 'oven': 0.2552, 'refrigerator': 0.1588, 'stove': 0.5492, 'sink': 0.0428, 'dish rack': 0.4826, 'dishwasher': 0.5579, 'toaster': 0.2684}","{'microwave': 280.83, 'oven': 5.43, 'refrigerator': 198.57, 'stove': 358.55, 'sink': 338.55, 'dish rack': 15.92, 'dishwasher': 357.38, 'toaster': 348.48}",[],cabinet door,{'sink': 1},"Container id 12, is a ""cabinet door"" below the countertop. Additionally, it is the closest to the sink."
1174,13,images/kitchen/16_segmented_sun_amtngujfdqlygigl.jpg,"[[264, 174], [202, 178], [239, 193], [233, 324], [261, 321]]",cabinet door,0.337,"[[0, 366], [1024, 366], [1024, 683], [0, 683]]",above,2.419,150.0,62.0,"{""above"": null, ""below"": null, ""left"": 1167, ""right"": 1171, ""top_left"": null, ""top_right"": null, ""bottom_left"": null, ""bottom_right"": null}","{""above"": null, ""below"": null, ""left"": null, ""right"": null, ""top_left"": null, ""top_right"": null, ""bottom_left"": null, ""bottom_right"": ""microwave""}","{'microwave': 0.0639, 'oven': 0.3417, 'refrigerator': 0.1856, 'stove': 0.5921, 'sink': 0.1758, 'dish rack': 0.5759, 'dishwasher': 0.5969, 'toaster': 0.3095}","{'microwave': 45.41, 'oven': 36.98, 'refrigerator': 135.19, 'stove': 16.43, 'sink': 70.51, 'dish rack': 33.01, 'dishwasher': 15.13, 'toaster': 24.38}",[],cabinet door,{'microwave': 2},"Container id 13, is a ""cabinet door"" above the countertop. Additionally, it is the 2nd closest to the microwave."
1175,14,images/kitchen/16_segmented_sun_amtngujfdqlygigl.jpg,"[[0, 5], [0, 188], [135, 212], [137, 67]]",cabinet door,0.39,"[[0, 366], [1024, 366], [1024, 683], [0, 683]]",above,1.511,207.0,137.0,"{""above"": null, ""below"": null, ""left"": null, ""right"": null, ""top_left"": null, ""top_right"": null, ""bottom_left"": null, ""bottom_right"": null}","{""above"": null, ""below"": ""refrigerator"", ""left"": null, ""right"": null, ""top_left"": null, ""top_right"": null, ""bottom_left"": null, ""bottom_right"": null}","{'microwave': 0.2334, 'oven': 0.5119, 'refrigerator': 0.2284, 'stove': 0.7555, 'sink': 0.3295, 'dish rack': 0.7461, 'dishwasher': 0.7593, 'toaster': 0.4779}","{'microwave': 37.79, 'oven': 36.3, 'refrigerator': 88.01, 'stove': 20.53, 'sink': 53.02, 'dish rack': 33.45, 'dishwasher': 19.49, 'toaster': 28.12}",[],cabinet door,{},"Container id 14, is a ""cabinet door"" above the countertop."
1176,15,images/kitchen/16_segmented_sun_amtngujfdqlygigl.jpg,"[[168, 394], [167, 511], [226, 520], [231, 401]]",drawer,0.475,"[[0, 366], [1024, 366], [1024, 683], [0, 683]]",below,1.969,126.0,64.0,"{""above"": null, ""below"": null, ""left"": null, ""right"": 1173, ""top_left"": null, ""top_right"": 1166, ""bottom_left"": null, ""bottom_right"": null}","{""above"": null, ""below"": null, ""left"": ""refrigerator"", ""right"": null, ""top_left"": null, ""top_right"": null, ""bottom_left"": null, ""bottom_right"": null}","{'microwave': 0.1538, 'oven': 0.3082, 'refrigerator': 0.1083, 'stove': 0.6019, 'sink': 0.0934, 'dish rack': 0.5345, 'dishwasher': 0.6105, 'toaster': 0.3197}","{'microwave': 300.83, 'oven': 5.22, 'refrigerator': 205.56, 'stove': 359.05, 'sink': 352.75, 'dish rack': 14.77, 'dishwasher': 357.96, 'toaster': 351.05}",[],drawer,{'refrigerator': 1},"Container id 15, is a ""drawer"" below the countertop. Additionally, it is the closest to the refrigerator."
1177,16,images/kitchen/16_segmented_sun_amtngujfdqlygigl.jpg,"[[653, 421], [654, 448], [719, 452], [719, 423]]",cabinet door,0.334,"[[0, 366], [1024, 366], [1024, 683], [0, 683]]",below,0.47,31.0,66.0,"{""above"": null, ""below"": 1165, ""left"": null, ""right"": null, ""top_left"": null, ""top_right"": null, ""bottom_left"": null, ""bottom_right"": 1164}","{""above"": null, ""below"": null, ""left"": ""stove"", ""right"": null, ""top_left"": null, ""top_right"": null, ""bottom_left"": null, ""bottom_right"": null}","{'microwave': 0.3381, 'oven': 0.1003, 'refrigerator': 0.4953, 'stove': 0.2053, 'sink': 0.3041, 'dish rack': 0.1945, 'dishwasher': 0.2135, 'toaster': 0.0874}","{'microwave': 199.95, 'oven': 153.54, 'refrigerator': 183.48, 'stove': 1.86, 'sink': 179.08, 'dish rack': 51.83, 'dishwasher': 358.65, 'toaster': 202.27}",[],cabinet door,{'toaster': 1},"Container id 16, is a ""cabinet door"" below the countertop. Additionally, it is the closest to the toaster."
1208,1,images/kitchen/2_segmented_sun_afcfhyswruwldnwr.jpg,"[[230, 139], [229, 204], [255, 216], [255, 143]]",drawer,0.617,"[[0, 127], [256, 127], [256, 256], [0, 256]]",below,2.962,77.0,26.0,"{""above"": null, ""below"": null, ""left"": null, ""right"": null, ""top_left"": null, ""top_right"": null, ""bottom_left"": null, ""bottom_right"": null}","{""above"": null, ""below"": null, ""left"": null, ""right"": null, ""top_left"": null, ""top_right"": null, ""bottom_left"": null, ""bottom_right"": null}",{},{},[],drawer,{},"Container id 1, is a ""drawer"" below the countertop."
1209,2,images/kitchen/2_segmented_sun_afcfhyswruwldnwr.jpg,"[[245, 0], [245, 98], [251, 100], [255, 0]]",cabinet door,0.424,"[[0, 127], [256, 127], [256, 256], [0, 256]]",above,10.0,100.0,10.0,"{""above"": null, ""below"": null, ""left"": null, ""right"": null, ""top_left"": null, ""top_right"": null, ""bottom_left"": null, ""bottom_right"": null}","{""above"": null, ""below"": null, ""left"": null, ""right"": null, ""top_left"": null, ""top_right"": null, ""bottom_left"": null, ""bottom_right"": null}",{},{},[],cabinet door,{},"Container id 2, is a ""cabinet door"" above the countertop."
1803,1,images/kitchen/22_segmented_sun_augjvuygusrwlxqz.jpg,"[[567, 329], [453, 410], [458, 811], [565, 759], [541, 745]]",cabinet door,0.462,"[[0, 1231], [1647, 1231], [1647, 2470], [0, 2470]]",above,4.228,482.0,114.0,"{""above"": null, ""below"": null, ""left"": null, ""right"": 1812, ""top_left"": null, ""top_right"": null, ""bottom_left"": null, ""bottom_right"": null}","{""above"": null, ""below"": null, ""left"": null, ""right"": null, ""top_left"": null, ""top_right"": null, ""bottom_left"": null, ""bottom_right"": null}","{'oven': 0.2899, 'dish': 0.2424}","{'oven': 36.16, 'dish': 113.84}",[],cabinet door,{},"Container id 1, is a ""cabinet door"" above the countertop."
1804,2,images/kitchen/22_segmented_sun_augjvuygusrwlxqz.jpg,"[[806, 1424], [806, 1952], [1267, 2174], [1275, 1487]]",cabinet door,0.472,"[[0, 1231], [1647, 1231], [1647, 2470], [0, 2470]]",below,1.599,750.0,469.0,"{""above"": 1805, ""below"": null, ""left"": 1810, ""right"": 1807, ""top_left"": null, ""top_right"": null, ""bottom_left"": null, ""bottom_right"": null}","{""above"": null, ""below"": null, ""left"": null, ""right"": null, ""top_left"": null, ""top_right"": null, ""bottom_left"": null, ""bottom_right"": null}","{'oven': 0.2236, 'dish': 0.3196}","{'oven': 285.13, 'dish': 211.11}",[],cabinet door,{},"Container id 2, is a ""cabinet door"" below the countertop."
1805,3,images/kitchen/22_segmented_sun_augjvuygusrwlxqz.jpg,"[[804, 1291], [809, 1419], [1279, 1472], [1275, 1306]]",drawer,0.413,"[[0, 1231], [1647, 1231], [1647, 2470], [0, 2470]]",below,0.381,181.0,475.0,"{""above"": null, ""below"": 1804, ""left"": null, ""right"": null, ""top_left"": null, ""top_right"": null, ""bottom_left"": 1810, ""bottom_right"": null}","{""above"": null, ""below"": null, ""left"": null, ""right"": null, ""top_left"": null, ""top_right"": null, ""bottom_left"": null, ""bottom_right"": null}","{'oven': 0.1028, 'dish': 0.277}","{'oven': 303.85, 'dish': 187.2}",[],drawer,{},"Container id 3, is a ""drawer"" below the countertop."
1806,4,images/kitchen/22_segmented_sun_augjvuygusrwlxqz.jpg,"[[958, 62], [743, 209], [746, 701], [961, 624]]",cabinet door,0.423,"[[0, 1231], [1647, 1231], [1647, 2470], [0, 2470]]",above,2.931,639.0,218.0,"{""above"": null, ""below"": null, ""left"": 1812, ""right"": 1809, ""top_left"": null, ""top_right"": null, ""bottom_left"": null, ""bottom_right"": null}","{""above"": null, ""below"": null, ""left"": null, ""right"": null, ""top_left"": null, ""top_right"": null, ""bottom_left"": null, ""bottom_right"": null}","{'oven': 0.271, 'dish': 0.361}","{'oven': 63.44, 'dish': 125.74}",[],cabinet door,{},"Container id 4, is a ""cabinet door"" above the countertop."
1807,5,images/kitchen/22_segmented_sun_augjvuygusrwlxqz.jpg,"[[1290, 1486], [1278, 2176], [1641, 2343], [1643, 1530]]",cabinet door,0.458,"[[0, 1231], [1647, 1231], [1647, 2470], [0, 2470]]",below,2.348,857.0,365.0,"{""above"": null, ""below"": null, ""left"": 1804, ""right"": null, ""top_left"": 1805, ""top_right"": null, ""bottom_left"": null, ""bottom_right"": null}","{""above"": null, ""below"": null, ""left"": null, ""right"": null, ""top_left"": ""oven"", ""top_right"": null, ""bottom_left"": null, ""bottom_right"": null}","{'oven': 0.2713, 'dish': 0.4653}","{'oven': 251.82, 'dish': 206.43}",[],cabinet door,{},"Container id 5, is a ""cabinet door"" below the countertop."
1808,6,images/kitchen/22_segmented_sun_augjvuygusrwlxqz.jpg,"[[397, 1271], [392, 1759], [556, 1835], [555, 1286]]",cabinet door,0.429,"[[0, 1231], [1647, 1231], [1647, 2470], [0, 2470]]",below,3.439,564.0,164.0,"{""above"": null, ""below"": null, ""left"": null, ""right"": 1810, ""top_left"": 1811, ""top_right"": null, ""bottom_left"": null, ""bottom_right"": null}","{""above"": null, ""below"": null, ""left"": ""oven"", ""right"": null, ""top_left"": null, ""top_right"": null, ""bottom_left"": null, ""bottom_right"": null}","{'oven': 0.2855, 'dish': 0.1234}","{'oven': 330.36, 'dish': 227.18}",[],cabinet door,{'dish': 2},"Container id 6, is a ""cabinet door"" below the countertop. Additionally, it is the 2nd closest to the dish."
1809,7,images/kitchen/22_segmented_sun_augjvuygusrwlxqz.jpg,"[[1341, 0], [973, 54], [980, 863], [1345, 777]]",cabinet door,0.411,"[[0, 1231], [1647, 1231], [1647, 2470], [0, 2470]]",above,2.32,863.0,372.0,"{""above"": null, ""below"": 1816, ""left"": 1806, ""right"": null, ""top_left"": null, ""top_right"": null, ""bottom_left"": null, ""bottom_right"": null}","{""above"": null, ""below"": ""oven"", ""left"": null, ""right"": null, ""top_left"": null, ""top_right"": null, ""bottom_left"": null, ""bottom_right"": null}","{'oven': 0.2348, 'dish': 0.4243}","{'oven': 85.72, 'dish': 137.84}",[],cabinet door,{},"Container id 7, is a ""cabinet door"" above the countertop."
1810,8,images/kitchen/22_segmented_sun_augjvuygusrwlxqz.jpg,"[[564, 1281], [563, 1838], [794, 1948], [796, 1295]]",cabinet door,0.448,"[[0, 1231], [1647, 1231], [1647, 2470], [0, 2470]]",below,2.863,667.0,233.0,"{""above"": null, ""below"": null, ""left"": 1808, ""right"": 1804, ""top_left"": null, ""top_right"": null, ""bottom_left"": null, ""bottom_right"": null}","{""above"": null, ""below"": null, ""left"": null, ""right"": null, ""top_left"": null, ""top_right"": null, ""bottom_left"": null, ""bottom_right"": null}","{'oven': 0.2397, 'dish': 0.1872}","{'oven': 318.45, 'dish': 215.35}",[],cabinet door,{},"Container id 8, is a ""cabinet door"" below the countertop."
1811,9,images/kitchen/22_segmented_sun_augjvuygusrwlxqz.jpg,"[[283, 1270], [283, 1350], [386, 1361], [383, 1270]]",drawer,0.434,"[[0, 1231], [1647, 1231], [1647, 2470], [0, 2470]]",below,0.883,91.0,103.0,"{""above"": null, ""below"": null, ""left"": null, ""right"": null, ""top_left"": null, ""top_right"": null, ""bottom_left"": null, ""bottom_right"": null}","{""above"": null, ""below"": null, ""left"": null, ""right"": null, ""top_left"": null, ""top_right"": null, ""bottom_left"": null, ""bottom_right"": null}","{'oven': 0.3029, 'dish': 0.0392}","{'oven': 347.53, 'dish': 202.1}",[],drawer,{'dish': 1},"Container id 9, is a ""drawer"" below the countertop. Additionally, it is the closest to the dish."
1812,10,images/kitchen/22_segmented_sun_augjvuygusrwlxqz.jpg,"[[738, 213], [575, 326], [579, 764], [737, 700], [702, 540], [737, 509]]",cabinet door,0.437,"[[0, 1231], [1647, 1231], [1647, 2470], [0, 2470]]",above,3.38,551.0,163.0,"{""above"": null, ""below"": null, ""left"": 1803, ""right"": 1806, ""top_left"": null, ""top_right"": null, ""bottom_left"": null, ""bottom_right"": null}","{""above"": null, ""below"": null, ""left"": null, ""right"": null, ""top_left"": null, ""top_right"": null, ""bottom_left"": null, ""bottom_right"": null}","{'oven': 0.273, 'dish': 0.2979}","{'oven': 48.81, 'dish': 120.73}",[],cabinet door,{},"Container id 10, is a ""cabinet door"" above the countertop."
1813,11,images/kitchen/22_segmented_sun_augjvuygusrwlxqz.jpg,"[[1101, 900], [1105, 900]]",cabinet door,0.352,"[[0, 1231], [1647, 1231], [1647, 2470], [0, 2470]]",above,0.0,0.0,4.0,"{""above"": null, ""below"": null, ""left"": null, ""right"": null, ""top_left"": null, ""top_right"": null, ""bottom_left"": null, ""bottom_right"": null}","{""above"": null, ""below"": null, ""left"": null, ""right"": null, ""top_left"": null, ""top_right"": null, ""bottom_left"": null, ""bottom_right"": null}","{'oven': 0.0822, 'dish': 0.3205}","{'oven': 63.55, 'dish': 157.18}",[],cabinet door,{},"Container id 11, is a ""cabinet door"" above the countertop."
1814,12,images/kitchen/22_segmented_sun_augjvuygusrwlxqz.jpg,"[[1119, 900], [1121, 900], [1122, 901], [1125, 901], [1126, 900], [1128, 900], [1127, 900], [1126, 899], [1121, 899], [1120, 900]]",cabinet door,0.426,"[[0, 1231], [1647, 1231], [1647, 2470], [0, 2470]]",above,0.222,2.0,9.0,"{""above"": null, ""below"": null, ""left"": null, ""right"": null, ""top_left"": null, ""top_right"": null, ""bottom_left"": null, ""bottom_right"": null}","{""above"": null, ""below"": null, ""left"": null, ""right"": null, ""top_left"": null, ""top_right"": null, ""bottom_left"": null, ""bottom_right"": null}","{'oven': 0.0794, 'dish': 0.3269}","{'oven': 68.02, 'dish': 157.65}",[],cabinet door,{'oven': 1},"Container id 12, is a ""cabinet door"" above the countertop. Additionally, it is the closest to the oven."
1815,13,images/kitchen/22_segmented_sun_augjvuygusrwlxqz.jpg,"[[1160, 882], [1161, 883], [1166, 883], [1167, 882], [1170, 882], [1171, 881], [1170, 880], [1163, 880], [1162, 881], [1160, 881]]",drawer,0.443,"[[0, 1231], [1647, 1231], [1647, 2470], [0, 2470]]",above,0.273,3.0,11.0,"{""above"": null, ""below"": null, ""left"": null, ""right"": null, ""top_left"": null, ""top_right"": null, ""bottom_left"": null, ""bottom_right"": null}","{""above"": null, ""below"": null, ""left"": null, ""right"": null, ""top_left"": null, ""top_right"": null, ""bottom_left"": null, ""bottom_right"": null}","{'oven': 0.0814, 'dish': 0.3422}","{'oven': 78.85, 'dish': 157.58}",[],drawer,{'oven': 2},"Container id 13, is a ""drawer"" above the countertop. Additionally, it is the 2nd closest to the oven."
1816,14,images/kitchen/22_segmented_sun_augjvuygusrwlxqz.jpg,"[[1130, 862], [1130, 864], [1133, 866], [1139, 864], [1139, 862], [1135, 860], [1132, 860]]",drawer,0.435,"[[0, 1231], [1647, 1231], [1647, 2470], [0, 2470]]",above,0.667,6.0,9.0,"{""above"": null, ""below"": null, ""left"": null, ""right"": null, ""top_left"": null, ""top_right"": null, ""bottom_left"": null, ""bottom_right"": null}","{""above"": null, ""below"": null, ""left"": null, ""right"": null, ""top_left"": null, ""top_right"": null, ""bottom_left"": null, ""bottom_right"": null}","{'oven': 0.0901, 'dish': 0.3351}","{'oven': 73.11, 'dish': 155.89}",[],drawer,{},"Container id 14, is a ""drawer"" above the countertop."
1817,15,images/kitchen/22_segmented_sun_augjvuygusrwlxqz.jpg,"[[1094, 859], [1092, 861], [1092, 865], [1093, 866], [1096, 866], [1099, 863], [1099, 862], [1096, 859]]",drawer,0.425,"[[0, 1231], [1647, 1231], [1647, 2470], [0, 2470]]",above,1.0,7.0,7.0,"{""above"": null, ""below"": null, ""left"": null, ""right"": null, ""top_left"": null, ""top_right"": null, ""bottom_left"": null, ""bottom_right"": null}","{""above"": null, ""below"": null, ""left"": null, ""right"": null, ""top_left"": null, ""top_right"": null, ""bottom_left"": null, ""bottom_right"": null}","{'oven': 0.0947, 'dish': 0.3232}","{'oven': 65.51, 'dish': 154.94}",[],drawer,{},"Container id 15, is a ""drawer"" above the countertop."
1818,16,images/kitchen/22_segmented_sun_augjvuygusrwlxqz.jpg,"[[1378, 862], [1366, 857], [1355, 861], [1340, 862], [1357, 864]]",drawer,0.327,"[[0, 1231], [1647, 1231], [1647, 2470], [0, 2470]]",above,0.184,7.0,38.0,"{""above"": null, ""below"": null, ""left"": null, ""right"": null, ""top_left"": null, ""top_right"": null, ""bottom_left"": null, ""bottom_right"": null}","{""above"": null, ""below"": null, ""left"": null, ""right"": null, ""top_left"": null, ""top_right"": null, ""bottom_left"": null, ""bottom_right"": null}","{'oven': 0.0999, 'dish': 0.4057}","{'oven': 119.81, 'dish': 160.21}",[],drawer,{},"Container id 16, is a ""drawer"" above the countertop."
1819,17,images/kitchen/22_segmented_sun_augjvuygusrwlxqz.jpg,"[[1235, 881], [1219, 842], [1195, 850], [1187, 861], [1166, 862], [1171, 868], [1189, 864], [1199, 888]]",drawer,0.423,"[[0, 1231], [1647, 1231], [1647, 2470], [0, 2470]]",above,0.667,46.0,69.0,"{""above"": null, ""below"": null, ""left"": null, ""right"": null, ""top_left"": null, ""top_right"": null, ""bottom_left"": null, ""bottom_right"": null}","{""above"": null, ""below"": null, ""left"": null, ""right"": null, ""top_left"": null, ""top_right"": null, ""bottom_left"": null, ""bottom_right"": null}","{'oven': 0.0858, 'dish': 0.3537}","{'oven': 86.26, 'dish': 157.34}",[],drawer,{},"Container id 17, is a ""drawer"" above the countertop."
1820,18,images/kitchen/22_segmented_sun_augjvuygusrwlxqz.jpg,"[[1286, 829], [1282, 833], [1286, 847], [1282, 872], [1288, 875], [1306, 862], [1292, 854], [1293, 833]]",drawer,0.394,"[[0, 1231], [1647, 1231], [1647, 2470], [0, 2470]]",above,1.917,46.0,24.0,"{""above"": null, ""below"": null, ""left"": null, ""right"": null, ""top_left"": null, ""top_right"": null, ""bottom_left"": null, ""bottom_right"": null}","{""above"": null, ""below"": null, ""left"": null, ""right"": null, ""top_left"": null, ""top_right"": null, ""bottom_left"": null, ""bottom_right"": null}","{'oven': 0.094, 'dish': 0.3849}","{'oven': 106.16, 'dish': 158.52}",[],drawer,{},"Container id 18, is a ""drawer"" above the countertop."
1821,19,images/kitchen/22_segmented_sun_augjvuygusrwlxqz.jpg,"[[1440, 823], [1440, 826], [1445, 826], [1446, 825], [1446, 824], [1445, 823]]",cabinet door,0.384,"[[0, 1231], [1647, 1231], [1647, 2470], [0, 2470]]",above,0.5,3.0,6.0,"{""above"": null, ""below"": null, ""left"": null, ""right"": null, ""top_left"": null, ""top_right"": null, ""bottom_left"": null, ""bottom_right"": null}","{""above"": null, ""below"": null, ""left"": null, ""right"": null, ""top_left"": null, ""top_right"": null, ""bottom_left"": null, ""bottom_right"": null}","{'oven': 0.1262, 'dish': 0.4366}","{'oven': 128.27, 'dish': 159.95}",[],cabinet door,{},"Container id 19, is a ""cabinet door"" above the countertop."
1822,20,images/kitchen/22_segmented_sun_augjvuygusrwlxqz.jpg,"[[1478, 823], [1478, 825], [1479, 826], [1483, 826], [1487, 824], [1487, 823], [1484, 823], [1483, 822], [1479, 822]]",cabinet door,0.4,"[[0, 1231], [1647, 1231], [1647, 2470], [0, 2470]]",above,0.444,4.0,9.0,"{""above"": null, ""below"": null, ""left"": null, ""right"": null, ""top_left"": null, ""top_right"": null, ""bottom_left"": null, ""bottom_right"": null}","{""above"": null, ""below"": null, ""left"": null, ""right"": null, ""top_left"": null, ""top_right"": null, ""bottom_left"": null, ""bottom_right"": null}","{'oven': 0.1347, 'dish': 0.4489}","{'oven': 132.52, 'dish': 160.48}",[],cabinet door,{},"Container id 20, is a ""cabinet door"" above the countertop."
1823,21,images/kitchen/22_segmented_sun_augjvuygusrwlxqz.jpg,"[[1543, 823], [1543, 825], [1547, 828], [1564, 825], [1562, 823], [1555, 822], [1547, 819]]",drawer,0.326,"[[0, 1231], [1647, 1231], [1647, 2470], [0, 2470]]",above,0.429,9.0,21.0,"{""above"": null, ""below"": null, ""left"": null, ""right"": null, ""top_left"": null, ""top_right"": null, ""bottom_left"": null, ""bottom_right"": null}","{""above"": null, ""below"": null, ""left"": null, ""right"": null, ""top_left"": null, ""top_right"": null, ""bottom_left"": null, ""bottom_right"": null}","{'oven': 0.1516, 'dish': 0.471}","{'oven': 139.04, 'dish': 161.43}",[],drawer,{},"Container id 21, is a ""drawer"" above the countertop."
1824,22,images/kitchen/22_segmented_sun_augjvuygusrwlxqz.jpg,"[[1530, 823], [1517, 817], [1507, 821], [1504, 825], [1520, 828], [1528, 826]]",drawer,0.314,"[[0, 1231], [1647, 1231], [1647, 2470], [0, 2470]]",above,0.423,11.0,26.0,"{""above"": null, ""below"": null, ""left"": null, ""right"": null, ""top_left"": null, ""top_right"": null, ""bottom_left"": null, ""bottom_right"": null}","{""above"": null, ""below"": null, ""left"": null, ""right"": null, ""top_left"": null, ""top_right"": null, ""bottom_left"": null, ""bottom_right"": null}","{'oven': 0.1432, 'dish': 0.4603}","{'oven': 136.02, 'dish': 160.96}",[],drawer,{},"Container id 22, is a ""drawer"" above the countertop."
1866,1,images/kitchen/15_segmented_sun_apuaydbvdodzgqrh.jpg,"[[175, 146], [173, 194], [193, 194], [192, 147]]",cabinet door,0.454,"[[0, 144], [256, 144], [256, 256], [0, 256]]",below,2.4,48.0,20.0,"{""above"": null, ""below"": null, ""left"": 1872, ""right"": 1880, ""top_left"": null, ""top_right"": 1876, ""bottom_left"": null, ""bottom_right"": null}","{""above"": null, ""below"": null, ""left"": null, ""right"": null, ""top_left"": null, ""top_right"": ""coffee machine"", ""bottom_left"": null, ""bottom_right"": null}","{'stove': 0.2159, 'coffee machine': 0.344, 'dish drying rack': 0.4798, 'refrigerator': 0.2, 'microwave': 0.4251, 'oven': 0.2038, 'sink': 0.4169, 'electronic kettle': 0.1896}","{'stove': 116.81, 'coffee machine': 207.23, 'dish drying rack': 187.96, 'refrigerator': 210.95, 'microwave': 201.44, 'oven': 280.74, 'sink': 222.38, 'electronic kettle': 19.36}",[],cabinet door,{},"Container id 1, is a ""cabinet door"" below the countertop."
1867,2,images/kitchen/15_segmented_sun_apuaydbvdodzgqrh.jpg,"[[237, 31], [235, 111], [255, 113], [255, 31]]",cabinet door,0.418,"[[0, 144], [256, 144], [256, 256], [0, 256]]",above,4.1,82.0,20.0,"{""above"": 1868, ""below"": null, ""left"": null, ""right"": null, ""top_left"": null, ""top_right"": null, ""bottom_left"": null, ""bottom_right"": null}","{""above"": null, ""below"": null, ""left"": null, ""right"": null, ""top_left"": null, ""top_right"": null, ""bottom_left"": ""coffee machine"", ""bottom_right"": null}","{'stove': 0.5377, 'coffee machine': 0.4916, 'dish drying rack': 0.6793, 'refrigerator': 0.3832, 'microwave': 0.5796, 'oven': 0.1523, 'sink': 0.48, 'electronic kettle': 0.3357}","{'stove': 120.06, 'coffee machine': 166.43, 'dish drying rack': 162.32, 'refrigerator': 153.69, 'microwave': 168.32, 'oven': 151.58, 'sink': 180.99, 'electronic kettle': 88.82}",[],cabinet door,{},"Container id 2, is a ""cabinet door"" above the countertop."
1868,3,images/kitchen/15_segmented_sun_apuaydbvdodzgqrh.jpg,"[[244, 23], [254, 23], [255, 24], [255, 23]]",cabinet door,0.364,"[[0, 144], [256, 144], [256, 256], [0, 256]]",above,0.091,1.0,11.0,"{""above"": null, ""below"": null, ""left"": null, ""right"": null, ""top_left"": null, ""top_right"": null, ""bottom_left"": null, ""bottom_right"": null}","{""above"": null, ""below"": null, ""left"": null, ""right"": null, ""top_left"": null, ""top_right"": null, ""bottom_left"": null, ""bottom_right"": null}","{'stove': 0.664, 'coffee machine': 0.5546, 'dish drying rack': 0.7468, 'refrigerator': 0.4717, 'microwave': 0.637, 'oven': 0.2558, 'sink': 0.5133, 'electronic kettle': 0.469}","{'stove': 115.63, 'coffee machine': 153.37, 'dish drying rack': 152.95, 'refrigerator': 140.01, 'microwave': 156.83, 'oven': 126.44, 'sink': 165.91, 'electronic kettle': 91.35}",[],cabinet door,{},"Container id 3, is a ""cabinet door"" above the countertop."
1869,4,images/kitchen/15_segmented_sun_apuaydbvdodzgqrh.jpg,"[[123, 157], [124, 195], [146, 195], [146, 157]]",cabinet door,0.431,"[[0, 144], [256, 144], [256, 256], [0, 256]]",below,1.652,38.0,23.0,"{""above"": null, ""below"": null, ""left"": 1875, ""right"": 1872, ""top_left"": 1879, ""top_right"": null, ""bottom_left"": null, ""bottom_right"": null}","{""above"": ""refrigerator"", ""below"": null, ""left"": null, ""right"": null, ""top_left"": null, ""top_right"": null, ""bottom_left"": null, ""bottom_right"": null}","{'stove': 0.1805, 'coffee machine': 0.2441, 'dish drying rack': 0.351, 'refrigerator': 0.1246, 'microwave': 0.3128, 'oven': 0.2762, 'sink': 0.3442, 'electronic kettle': 0.3163}","{'stove': 78.3, 'coffee machine': 225.23, 'dish drying rack': 193.56, 'refrigerator': 252.44, 'microwave': 213.2, 'oven': 308.5, 'sink': 239.63, 'electronic kettle': 8.54}",[],cabinet door,{'stove': 1},"Container id 4, is a ""cabinet door"" below the countertop. Additionally, it is the closest to the stove."
1870,5,images/kitchen/15_segmented_sun_apuaydbvdodzgqrh.jpg,"[[30, 168], [0, 169], [0, 234], [34, 233]]",cabinet door,0.49,"[[0, 144], [256, 144], [256, 256], [0, 256]]",below,1.941,66.0,34.0,"{""above"": null, ""below"": null, ""left"": null, ""right"": 1873, ""top_left"": null, ""top_right"": null, ""bottom_left"": null, ""bottom_right"": null}","{""above"": ""dish drying rack"", ""below"": null, ""left"": null, ""right"": null, ""top_left"": null, ""top_right"": ""microwave"", ""bottom_left"": null, ""bottom_right"": null}","{'stove': 0.3802, 'coffee machine': 0.2883, 'dish drying rack': 0.1519, 'refrigerator': 0.3459, 'microwave': 0.2493, 'oven': 0.5756, 'sink': 0.3971, 'electronic kettle': 0.6412}","{'stove': 16.46, 'coffee machine': 302.78, 'dish drying rack': 264.99, 'refrigerator': 327.11, 'microwave': 285.42, 'oven': 330.3, 'sink': 292.82, 'electronic kettle': 358.03}",[],cabinet door,{'dish drying rack': 1},"Container id 5, is a ""cabinet door"" below the countertop. Additionally, it is the closest to the dish drying rack."
1871,6,images/kitchen/15_segmented_sun_apuaydbvdodzgqrh.jpg,"[[126, 46], [92, 47], [94, 114], [126, 112]]",cabinet door,0.369,"[[0, 144], [256, 144], [256, 256], [0, 256]]",above,2.0,68.0,34.0,"{""above"": null, ""below"": null, ""left"": null, ""right"": null, ""top_left"": null, ""top_right"": null, ""bottom_left"": null, ""bottom_right"": null}","{""above"": null, ""below"": ""refrigerator"", ""left"": ""sink"", ""right"": null, ""top_left"": null, ""top_right"": null, ""bottom_left"": ""coffee machine"", ""bottom_right"": null}","{'stove': 0.4552, 'coffee machine': 0.1379, 'dish drying rack': 0.3277, 'refrigerator': 0.1506, 'microwave': 0.214, 'oven': 0.2467, 'sink': 0.1088, 'electronic kettle': 0.4942}","{'stove': 76.49, 'coffee machine': 137.84, 'dish drying rack': 145.94, 'refrigerator': 77.67, 'microwave': 153.77, 'oven': 11.62, 'sink': 196.59, 'electronic kettle': 39.27}",[],cabinet door,"{'coffee machine': 1, 'microwave': 1, 'sink': 1}","Container id 6, is a ""cabinet door"" above the countertop. Additionally, it is the closest to the coffee machine, the closest to the microwave, and the closest to the sink."
1872,7,images/kitchen/15_segmented_sun_apuaydbvdodzgqrh.jpg,"[[171, 156], [148, 157], [149, 195], [171, 194]]",cabinet door,0.457,"[[0, 144], [256, 144], [256, 256], [0, 256]]",below,1.696,39.0,23.0,"{""above"": null, ""below"": null, ""left"": 1869, ""right"": 1866, ""top_left"": null, ""top_right"": null, ""bottom_left"": null, ""bottom_right"": null}","{""above"": null, ""below"": null, ""left"": null, ""right"": null, ""top_left"": null, ""top_right"": null, ""bottom_left"": null, ""bottom_right"": null}","{'stove': 0.1811, 'coffee machine': 0.296, 'dish drying rack': 0.4182, 'refrigerator': 0.1586, 'microwave': 0.3718, 'oven': 0.2381, 'sink': 0.3827, 'electronic kettle': 0.2485}","{'stove': 100.32, 'coffee machine': 215.51, 'dish drying rack': 191.16, 'refrigerator': 227.75, 'microwave': 207.18, 'oven': 295.6, 'sink': 230.57, 'electronic kettle': 11.22}",[],cabinet door,{'stove': 2},"Container id 7, is a ""cabinet door"" below the countertop. Additionally, it is the 2nd closest to the stove."
1873,8,images/kitchen/15_segmented_sun_apuaydbvdodzgqrh.jpg,"[[34, 169], [36, 231], [83, 230], [82, 169]]",cabinet door,0.309,"[[0, 144], [256, 144], [256, 256], [0, 256]]",below,1.265,62.0,49.0,"{""above"": null, ""below"": null, ""left"": 1870, ""right"": null, ""top_left"": null, ""top_right"": null, ""bottom_left"": null, ""bottom_right"": null}","{""above"": ""coffee machine"", ""below"": null, ""left"": null, ""right"": null, ""top_left"": null, ""top_right"": null, ""bottom_left"": null, ""bottom_right"": ""stove""}","{'stove': 0.2704, 'coffee machine': 0.2419, 'dish drying rack': 0.1978, 'refrigerator': 0.2524, 'microwave': 0.2424, 'oven': 0.4745, 'sink': 0.3643, 'electronic kettle': 0.5231}","{'stove': 24.27, 'coffee machine': 279.03, 'dish drying rack': 228.4, 'refrigerator': 313.07, 'microwave': 257.67, 'oven': 323.58, 'sink': 275.66, 'electronic kettle': 357.96}",[],cabinet door,{'dish drying rack': 2},"Container id 8, is a ""cabinet door"" below the countertop. Additionally, it is the 2nd closest to the dish drying rack."
1874,9,images/kitchen/15_segmented_sun_apuaydbvdodzgqrh.jpg,"[[193, 51], [183, 52], [183, 86], [194, 84]]",drawer,0.341,"[[0, 144], [256, 144], [256, 256], [0, 256]]",above,3.182,35.0,11.0,"{""above"": null, ""below"": null, ""left"": null, ""right"": 1878, ""top_left"": null, ""top_right"": null, ""bottom_left"": null, ""bottom_right"": null}","{""above"": null, ""below"": null, ""left"": null, ""right"": null, ""top_left"": null, ""top_right"": null, ""bottom_left"": null, ""bottom_right"": ""oven""}","{'stove': 0.4872, 'coffee machine': 0.343, 'dish drying rack': 0.5343, 'refrigerator': 0.2576, 'microwave': 0.4285, 'oven': 0.085, 'sink': 0.3218, 'electronic kettle': 0.3821}","{'stove': 103.19, 'coffee machine': 158.76, 'dish drying rack': 156.24, 'refrigerator': 136.02, 'microwave': 162.85, 'oven': 73.48, 'sink': 179.88, 'electronic kettle': 64.41}",[],drawer,{'oven': 2},"Container id 9, is a ""drawer"" above the countertop. Additionally, it is the 2nd closest to the oven."
1875,10,images/kitchen/15_segmented_sun_apuaydbvdodzgqrh.jpg,"[[121, 158], [103, 158], [101, 161], [101, 172], [104, 174], [121, 175]]",drawer,0.316,"[[0, 144], [256, 144], [256, 256], [0, 256]]",below,0.85,17.0,20.0,"{""above"": 1879, ""below"": null, ""left"": null, ""right"": 1869, ""top_left"": null, ""top_right"": null, ""bottom_left"": null, ""bottom_right"": null}","{""above"": null, ""below"": null, ""left"": null, ""right"": null, ""top_left"": null, ""top_right"": null, ""bottom_left"": null, ""bottom_right"": null}","{'stove': 0.2309, 'coffee machine': 0.1772, 'dish drying rack': 0.2744, 'refrigerator': 0.0985, 'microwave': 0.2381, 'oven': 0.3093, 'sink': 0.2887, 'electronic kettle': 0.3923}","{'stove': 61.8, 'coffee machine': 235.86, 'dish drying rack': 191.69, 'refrigerator': 290.77, 'microwave': 217.38, 'oven': 322.23, 'sink': 249.41, 'electronic kettle': 10.82}",[],drawer,{'refrigerator': 2},"Container id 10, is a ""drawer"" below the countertop. Additionally, it is the 2nd closest to the refrigerator."
1876,11,images/kitchen/15_segmented_sun_apuaydbvdodzgqrh.jpg,"[[195, 150], [195, 159], [203, 165], [204, 162], [203, 155], [197, 150]]",cabinet door,0.337,"[[0, 144], [256, 144], [256, 256], [0, 256]]",below,1.667,15.0,9.0,"{""above"": null, ""below"": 1880, ""left"": null, ""right"": null, ""top_left"": null, ""top_right"": null, ""bottom_left"": 1866, ""bottom_right"": null}","{""above"": null, ""below"": null, ""left"": null, ""right"": null, ""top_left"": null, ""top_right"": null, ""bottom_left"": null, ""bottom_right"": null}","{'stove': 0.2702, 'coffee machine': 0.3709, 'dish drying rack': 0.5209, 'refrigerator': 0.2262, 'microwave': 0.4562, 'oven': 0.1633, 'sink': 0.429, 'electronic kettle': 0.1671}","{'stove': 121.77, 'coffee machine': 198.94, 'dish drying rack': 183.23, 'refrigerator': 196.92, 'microwave': 195.03, 'oven': 267.58, 'sink': 214.66, 'electronic kettle': 36.71}",[],cabinet door,{},"Container id 11, is a ""cabinet door"" below the countertop."
1877,12,images/kitchen/15_segmented_sun_apuaydbvdodzgqrh.jpg,"[[216, 179], [214, 226], [235, 228], [235, 194]]",cabinet door,0.308,"[[0, 144], [256, 144], [256, 256], [0, 256]]",below,2.333,49.0,21.0,"{""above"": null, ""below"": null, ""left"": null, ""right"": null, ""top_left"": null, ""top_right"": null, ""bottom_left"": null, ""bottom_right"": null}","{""above"": null, ""below"": null, ""left"": null, ""right"": ""electronic kettle"", ""top_left"": null, ""top_right"": null, ""bottom_left"": null, ""bottom_right"": null}","{'stove': 0.2317, 'coffee machine': 0.4941, 'dish drying rack': 0.6138, 'refrigerator': 0.3518, 'microwave': 0.5716, 'oven': 0.3108, 'sink': 0.5701, 'electronic kettle': 0.074}","{'stove': 156.64, 'coffee machine': 211.51, 'dish drying rack': 195.81, 'refrigerator': 215.38, 'microwave': 206.63, 'oven': 255.59, 'sink': 222.05, 'electronic kettle': 329.13}",[],cabinet door,{'electronic kettle': 1},"Container id 12, is a ""cabinet door"" below the countertop. Additionally, it is the closest to the electronic kettle."
1878,13,images/kitchen/15_segmented_sun_apuaydbvdodzgqrh.jpg,"[[210, 49], [196, 51], [196, 86], [210, 85]]",drawer,0.325,"[[0, 144], [256, 144], [256, 256], [0, 256]]",above,2.643,37.0,14.0,"{""above"": null, ""below"": null, ""left"": 1874, ""right"": null, ""top_left"": null, ""top_right"": null, ""bottom_left"": null, ""bottom_right"": null}","{""above"": null, ""below"": ""oven"", ""left"": null, ""right"": null, ""top_left"": null, ""top_right"": null, ""bottom_left"": null, ""bottom_right"": null}","{'stove': 0.4994, 'coffee machine': 0.3817, 'dish drying rack': 0.5724, 'refrigerator': 0.2891, 'microwave': 0.468, 'oven': 0.0845, 'sink': 0.3625, 'electronic kettle': 0.3676}","{'stove': 107.71, 'coffee machine': 160.78, 'dish drying rack': 157.75, 'refrigerator': 141.44, 'microwave': 164.16, 'oven': 101.31, 'sink': 179.67, 'electronic kettle': 70.24}",[],drawer,{'oven': 1},"Container id 13, is a ""drawer"" above the countertop. Additionally, it is the closest to the oven."
1879,14,images/kitchen/15_segmented_sun_apuaydbvdodzgqrh.jpg,"[[104, 148], [105, 156], [121, 155], [121, 147]]",drawer,0.342,"[[0, 144], [256, 144], [256, 256], [0, 256]]",below,0.529,9.0,17.0,"{""above"": null, ""below"": 1875, ""left"": null, ""right"": null, ""top_left"": null, ""top_right"": null, ""bottom_left"": null, ""bottom_right"": null}","{""above"": ""refrigerator"", ""below"": null, ""left"": null, ""right"": null, ""top_left"": null, ""top_right"": null, ""bottom_left"": null, ""bottom_right"": null}","{'stove': 0.2631, 'coffee machine': 0.1534, 'dish drying rack': 0.2809, 'refrigerator': 0.0561, 'microwave': 0.2261, 'oven': 0.276, 'sink': 0.2557, 'electronic kettle': 0.3908}","{'stove': 68.28, 'coffee machine': 223.54, 'dish drying rack': 182.99, 'refrigerator': 294.4, 'microwave': 207.27, 'oven': 327.46, 'sink': 243.71, 'electronic kettle': 17.06}",[],drawer,"{'coffee machine': 2, 'refrigerator': 1, 'microwave': 2, 'sink': 2}","Container id 14, is a ""drawer"" below the countertop. Additionally, it is the 2nd closest to the coffee machine, the closest to the refrigerator, the 2nd closest to the microwave, and the 2nd closest to the sink."
1880,15,images/kitchen/15_segmented_sun_apuaydbvdodzgqrh.jpg,"[[195, 162], [195, 175], [203, 183], [204, 169], [200, 164]]",drawer,0.315,"[[0, 144], [256, 144], [256, 256], [0, 256]]",below,2.333,21.0,9.0,"{""above"": 1876, ""below"": null, ""left"": 1866, ""right"": null, ""top_left"": null, ""top_right"": null, ""bottom_left"": null, ""bottom_right"": null}","{""above"": null, ""below"": null, ""left"": null, ""right"": null, ""top_left"": null, ""top_right"": null, ""bottom_left"": null, ""bottom_right"": null}","{'stove': 0.2385, 'coffee machine': 0.3846, 'dish drying rack': 0.5242, 'refrigerator': 0.2398, 'microwave': 0.4672, 'oven': 0.2013, 'sink': 0.4515, 'electronic kettle': 0.1478}","{'stove': 126.52, 'coffee machine': 204.32, 'dish drying rack': 187.39, 'refrigerator': 205.66, 'microwave': 199.55, 'oven': 268.11, 'sink': 218.65, 'electronic kettle': 24.75}",[],drawer,{'electronic kettle': 2},"Container id 15, is a ""drawer"" below the countertop. Additionally, it is the 2nd closest to the electronic kettle."
2117,1,images/kitchen/3_segmented_sun_aobtqmsjotgsxppu.jpg,"[[697, 100], [632, 115], [630, 228], [693, 228]]",cabinet door,0.494,"[[0, 337], [800, 337], [800, 600], [0, 600]]",above,1.91,128.0,67.0,"{""above"": null, ""below"": null, ""left"": null, ""right"": 2118, ""top_left"": null, ""top_right"": null, ""bottom_left"": null, ""bottom_right"": null}","{""above"": null, ""below"": null, ""left"": null, ""right"": null, ""top_left"": null, ""top_right"": null, ""bottom_left"": null, ""bottom_right"": null}","{'refrigerator': 0.5069, 'oven': 0.3705, 'microwave': 0.3555, 'stove': 0.3479, 'dish drying rack': 0.3649, 'toaster': 0.3294, 'electronic kettle': 0.2589}","{'refrigerator': 157.71, 'oven': 69.33, 'microwave': 68.29, 'stove': 68.76, 'dish drying rack': 81.65, 'toaster': 156.14, 'electronic kettle': 86.73}",[],cabinet door,"{'refrigerator': 1, 'dish drying rack': 1, 'toaster': 1, 'electronic kettle': 1}","Container id 1, is a ""cabinet door"" above the countertop. Additionally, it is the closest to the refrigerator, the closest to the dish drying rack, the closest to the toaster, and the closest to the electronic kettle."
2118,2,images/kitchen/3_segmented_sun_aobtqmsjotgsxppu.jpg,"[[741, 90], [700, 100], [697, 230], [738, 230]]",cabinet door,0.391,"[[0, 337], [800, 337], [800, 600], [0, 600]]",above,3.182,140.0,44.0,"{""above"": null, ""below"": null, ""left"": 2117, ""right"": 2119, ""top_left"": null, ""top_right"": null, ""bottom_left"": null, ""bottom_right"": null}","{""above"": null, ""below"": null, ""left"": null, ""right"": null, ""top_left"": null, ""top_right"": null, ""bottom_left"": null, ""bottom_right"": null}","{'refrigerator': 0.5609, 'oven': 0.3598, 'microwave': 0.3439, 'stove': 0.3369, 'dish drying rack': 0.3663, 'toaster': 0.3832, 'electronic kettle': 0.267}","{'refrigerator': 159.38, 'oven': 78.0, 'microwave': 77.32, 'stove': 78.01, 'dish drying rack': 90.47, 'toaster': 158.81, 'electronic kettle': 98.89}",[],cabinet door,"{'refrigerator': 2, 'oven': 2, 'microwave': 2, 'stove': 2, 'dish drying rack': 2, 'toaster': 2, 'electronic kettle': 2}","Container id 2, is a ""cabinet door"" above the countertop. Additionally, it is the 2nd closest to the refrigerator, the 2nd closest to the oven, the 2nd closest to the microwave, the 2nd closest to the stove, the 2nd closest to the dish drying rack, the 2nd closest to the toaster, and the 2nd closest to the electronic kettle."
2119,3,images/kitchen/3_segmented_sun_aobtqmsjotgsxppu.jpg,"[[748, 88], [741, 231], [799, 235], [799, 92]]",cabinet door,0.427,"[[0, 337], [800, 337], [800, 600], [0, 600]]",above,2.534,147.0,58.0,"{""above"": null, ""below"": null, ""left"": 2118, ""right"": null, ""top_left"": null, ""top_right"": null, ""bottom_left"": null, ""bottom_right"": null}","{""above"": null, ""below"": null, ""left"": null, ""right"": null, ""top_left"": null, ""top_right"": null, ""bottom_left"": null, ""bottom_right"": null}","{'refrigerator': 0.6109, 'oven': 0.3536, 'microwave': 0.3373, 'stove': 0.3309, 'dish drying rack': 0.3715, 'toaster': 0.4331, 'electronic kettle': 0.2809}","{'refrigerator': 161.04, 'oven': 86.42, 'microwave': 86.13, 'stove': 87.01, 'dish drying rack': 98.63, 'toaster': 161.21, 'electronic kettle': 109.55}",[],cabinet door,"{'oven': 1, 'microwave': 1, 'stove': 1}","Container id 3, is a ""cabinet door"" above the countertop. Additionally, it is the closest to the oven, the closest to the microwave, and the closest to the stove."
2128,1,images/kitchen/16_segmented_sun_alqafgyfzsctxwtt.jpg,"[[214, 128], [213, 294], [279, 294], [280, 137]]",cabinet door,0.491,"[[0, 358], [1024, 358], [1024, 685], [0, 685]]",above,2.478,166.0,67.0,"{""above"": null, ""below"": null, ""left"": null, ""right"": 2130, ""top_left"": null, ""top_right"": null, ""bottom_left"": null, ""bottom_right"": null}","{""above"": null, ""below"": null, ""left"": null, ""right"": null, ""top_left"": null, ""top_right"": null, ""bottom_left"": null, ""bottom_right"": null}","{'stove': 0.1871, 'refrigerator': 0.5847, 'oven': 0.525, 'microwave': 0.5239}","{'stove': 41.38, 'refrigerator': 15.23, 'oven': 12.4, 'microwave': 11.91}",[],cabinet door,{},"Container id 1, is a ""cabinet door"" above the countertop."
2129,2,images/kitchen/16_segmented_sun_alqafgyfzsctxwtt.jpg,"[[945, 109], [872, 126], [874, 216], [945, 208]]",cabinet door,0.478,"[[0, 358], [1024, 358], [1024, 685], [0, 685]]",above,1.466,107.0,73.0,"{""above"": null, ""below"": null, ""left"": null, ""right"": 2131, ""top_left"": null, ""top_right"": null, ""bottom_left"": 2141, ""bottom_right"": null}","{""above"": null, ""below"": null, ""left"": null, ""right"": null, ""top_left"": null, ""top_right"": null, ""bottom_left"": null, ""bottom_right"": null}","{'stove': 0.4295, 'refrigerator': 0.1948, 'oven': 0.1542, 'microwave': 0.1497}","{'stove': 157.69, 'refrigerator': 82.22, 'oven': 99.34, 'microwave': 99.68}",[],cabinet door,{},"Container id 2, is a ""cabinet door"" above the countertop."
2130,3,images/kitchen/16_segmented_sun_alqafgyfzsctxwtt.jpg,"[[285, 137], [285, 293], [350, 294], [350, 145]]",cabinet door,0.498,"[[0, 358], [1024, 358], [1024, 685], [0, 685]]",above,2.415,157.0,65.0,"{""above"": null, ""below"": null, ""left"": 2128, ""right"": null, ""top_left"": null, ""top_right"": null, ""bottom_left"": null, ""bottom_right"": null}","{""above"": null, ""below"": null, ""left"": null, ""right"": null, ""top_left"": null, ""top_right"": null, ""bottom_left"": null, ""bottom_right"": null}","{'stove': 0.1461, 'refrigerator': 0.5283, 'oven': 0.4681, 'microwave': 0.4669}","{'stove': 55.52, 'refrigerator': 16.53, 'oven': 13.53, 'microwave': 12.99}",[],cabinet door,{},"Container id 3, is a ""cabinet door"" above the countertop."
2131,4,images/kitchen/16_segmented_sun_alqafgyfzsctxwtt.jpg,"[[1023, 90], [948, 108], [950, 208], [1023, 200]]",cabinet door,0.489,"[[0, 358], [1024, 358], [1024, 685], [0, 685]]",above,1.573,118.0,75.0,"{""above"": null, ""below"": null, ""left"": 2129, ""right"": null, ""top_left"": null, ""top_right"": null, ""bottom_left"": null, ""bottom_right"": null}","{""above"": null, ""below"": null, ""left"": null, ""right"": null, ""top_left"": null, ""top_right"": null, ""bottom_left"": null, ""bottom_right"": null}","{'stove': 0.4916, 'refrigerator': 0.2069, 'oven': 0.1849, 'microwave': 0.1809}","{'stove': 159.3, 'refrigerator': 100.05, 'oven': 118.25, 'microwave': 118.98}",[],cabinet door,{},"Container id 4, is a ""cabinet door"" above the countertop."
2132,5,images/kitchen/16_segmented_sun_alqafgyfzsctxwtt.jpg,"[[822, 168], [773, 177], [775, 295], [825, 291]]",cabinet door,0.433,"[[0, 358], [1024, 358], [1024, 685], [0, 685]]",above,2.442,127.0,52.0,"{""above"": null, ""below"": null, ""left"": null, ""right"": 2137, ""top_left"": null, ""top_right"": null, ""bottom_left"": null, ""bottom_right"": null}","{""above"": null, ""below"": null, ""left"": null, ""right"": null, ""top_left"": null, ""top_right"": null, ""bottom_left"": null, ""bottom_right"": null}","{'stove': 0.3263, 'refrigerator': 0.18, 'oven': 0.1164, 'microwave': 0.1125}","{'stove': 160.7, 'refrigerator': 49.94, 'oven': 56.37, 'microwave': 55.13}",[],cabinet door,{},"Container id 5, is a ""cabinet door"" above the countertop."
2133,6,images/kitchen/16_segmented_sun_alqafgyfzsctxwtt.jpg,"[[497, 154], [519, 210], [510, 238], [484, 246], [483, 301], [554, 295], [555, 169]]",cabinet door,0.36,"[[0, 358], [1024, 358], [1024, 685], [0, 685]]",above,2.042,147.0,72.0,"{""above"": null, ""below"": null, ""left"": null, ""right"": 2135, ""top_left"": null, ""top_right"": 2143, ""bottom_left"": null, ""bottom_right"": null}","{""above"": null, ""below"": null, ""left"": null, ""right"": null, ""top_left"": null, ""top_right"": null, ""bottom_left"": null, ""bottom_right"": null}","{'stove': 0.1342, 'refrigerator': 0.3736, 'oven': 0.3112, 'microwave': 0.3097}","{'stove': 125.15, 'refrigerator': 21.95, 'oven': 18.51, 'microwave': 17.71}",[],cabinet door,{},"Container id 6, is a ""cabinet door"" above the countertop."
2134,7,images/kitchen/16_segmented_sun_alqafgyfzsctxwtt.jpg,"[[699, 162], [660, 173], [665, 257], [700, 253]]",cabinet door,0.426,"[[0, 358], [1024, 358], [1024, 685], [0, 685]]",above,2.375,95.0,40.0,"{""above"": null, ""below"": null, ""left"": null, ""right"": 2138, ""top_left"": null, ""top_right"": null, ""bottom_left"": null, ""bottom_right"": null}","{""above"": null, ""below"": null, ""left"": null, ""right"": null, ""top_left"": null, ""top_right"": null, ""bottom_left"": null, ""bottom_right"": null}","{'stove': 0.2465, 'refrigerator': 0.2623, 'oven': 0.1967, 'microwave': 0.194}","{'stove': 149.46, 'refrigerator': 36.28, 'oven': 35.55, 'microwave': 34.47}",[],cabinet door,{},"Container id 7, is a ""cabinet door"" above the countertop."
2135,8,images/kitchen/16_segmented_sun_alqafgyfzsctxwtt.jpg,"[[558, 169], [558, 293], [599, 296], [600, 174]]",cabinet door,0.467,"[[0, 358], [1024, 358], [1024, 685], [0, 685]]",above,3.024,127.0,42.0,"{""above"": null, ""below"": null, ""left"": 2143, ""right"": null, ""top_left"": null, ""top_right"": null, ""bottom_left"": null, ""bottom_right"": null}","{""above"": null, ""below"": null, ""left"": null, ""right"": null, ""top_left"": null, ""top_right"": null, ""bottom_left"": null, ""bottom_right"": null}","{'stove': 0.1683, 'refrigerator': 0.325, 'oven': 0.2616, 'microwave': 0.2598}","{'stove': 140.24, 'refrigerator': 25.04, 'oven': 21.7, 'microwave': 20.77}",[],cabinet door,{},"Container id 8, is a ""cabinet door"" above the countertop."
2136,9,images/kitchen/16_segmented_sun_alqafgyfzsctxwtt.jpg,"[[286, 426], [219, 431], [225, 548], [300, 534], [298, 447]]",cabinet door,0.374,"[[0, 358], [1024, 358], [1024, 685], [0, 685]]",below,1.506,122.0,81.0,"{""above"": 2139, ""below"": null, ""left"": null, ""right"": null, ""top_left"": null, ""top_right"": null, ""bottom_left"": null, ""bottom_right"": null}","{""above"": null, ""below"": null, ""left"": null, ""right"": null, ""top_left"": null, ""top_right"": null, ""bottom_left"": null, ""bottom_right"": null}","{'stove': 0.1542, 'refrigerator': 0.552, 'oven': 0.5075, 'microwave': 0.5083}","{'stove': 324.03, 'refrigerator': 353.69, 'oven': 348.46, 'microwave': 347.95}",[],cabinet door,{},"Container id 9, is a ""cabinet door"" below the countertop."
2137,10,images/kitchen/16_segmented_sun_alqafgyfzsctxwtt.jpg,"[[860, 161], [772, 171], [777, 298], [862, 296]]",cabinet door,0.322,"[[0, 358], [1024, 358], [1024, 685], [0, 685]]",above,1.522,137.0,90.0,"{""above"": null, ""below"": null, ""left"": 2132, ""right"": 2141, ""top_left"": null, ""top_right"": 2129, ""bottom_left"": null, ""bottom_right"": null}","{""above"": null, ""below"": null, ""left"": null, ""right"": null, ""top_left"": null, ""top_right"": null, ""bottom_left"": null, ""bottom_right"": null}","{'stove': 0.3412, 'refrigerator': 0.1713, 'oven': 0.1095, 'microwave': 0.1054}","{'stove': 161.39, 'refrigerator': 54.11, 'oven': 63.4, 'microwave': 62.35}",[],cabinet door,"{'refrigerator': 2, 'oven': 2, 'microwave': 2}","Container id 10, is a ""cabinet door"" above the countertop. Additionally, it is the 2nd closest to the refrigerator, the 2nd closest to the oven, and the 2nd closest to the microwave."
2138,11,images/kitchen/16_segmented_sun_alqafgyfzsctxwtt.jpg,"[[743, 152], [657, 165], [665, 256], [746, 249]]",cabinet door,0.32,"[[0, 358], [1024, 358], [1024, 685], [0, 685]]",above,1.169,104.0,89.0,"{""above"": null, ""below"": null, ""left"": 2134, ""right"": 2140, ""top_left"": null, ""top_right"": null, ""bottom_left"": null, ""bottom_right"": null}","{""above"": null, ""below"": null, ""left"": null, ""right"": null, ""top_left"": null, ""top_right"": null, ""bottom_left"": null, ""bottom_right"": null}","{'stove': 0.2642, 'refrigerator': 0.2512, 'oven': 0.1856, 'microwave': 0.1826}","{'stove': 150.53, 'refrigerator': 39.53, 'oven': 39.9, 'microwave': 38.82}",[],cabinet door,{},"Container id 11, is a ""cabinet door"" above the countertop."
2139,12,images/kitchen/16_segmented_sun_alqafgyfzsctxwtt.jpg,"[[307, 394], [219, 398], [219, 428], [305, 422]]",drawer,0.564,"[[0, 358], [1024, 358], [1024, 685], [0, 685]]",below,0.386,34.0,88.0,"{""above"": null, ""below"": 2136, ""left"": null, ""right"": 2142, ""top_left"": null, ""top_right"": null, ""bottom_left"": null, ""bottom_right"": null}","{""above"": null, ""below"": null, ""left"": null, ""right"": null, ""top_left"": null, ""top_right"": null, ""bottom_left"": null, ""bottom_right"": null}","{'stove': 0.1325, 'refrigerator': 0.5512, 'oven': 0.502, 'microwave': 0.5023}","{'stove': 344.03, 'refrigerator': 359.32, 'oven': 354.59, 'microwave': 354.06}",[],drawer,{'stove': 2},"Container id 12, is a ""drawer"" below the countertop. Additionally, it is the 2nd closest to the stove."
2140,13,images/kitchen/16_segmented_sun_alqafgyfzsctxwtt.jpg,"[[743, 152], [702, 163], [705, 251], [746, 250]]",cabinet door,0.439,"[[0, 358], [1024, 358], [1024, 685], [0, 685]]",above,2.25,99.0,44.0,"{""above"": null, ""below"": null, ""left"": 2138, ""right"": null, ""top_left"": null, ""top_right"": null, ""bottom_left"": null, ""bottom_right"": null}","{""above"": null, ""below"": null, ""left"": null, ""right"": null, ""top_left"": null, ""top_right"": null, ""bottom_left"": null, ""bottom_right"": null}","{'stove': 0.2799, 'refrigerator': 0.239, 'oven': 0.1736, 'microwave': 0.1703}","{'stove': 152.05, 'refrigerator': 42.38, 'oven': 43.86, 'microwave': 42.78}",[],cabinet door,{},"Container id 13, is a ""cabinet door"" above the countertop."
2141,14,images/kitchen/16_segmented_sun_alqafgyfzsctxwtt.jpg,"[[859, 161], [826, 168], [830, 293], [865, 290]]",cabinet door,0.434,"[[0, 358], [1024, 358], [1024, 685], [0, 685]]",above,3.385,132.0,39.0,"{""above"": null, ""below"": null, ""left"": 2137, ""right"": null, ""top_left"": null, ""top_right"": 2129, ""bottom_left"": null, ""bottom_right"": null}","{""above"": null, ""below"": null, ""left"": null, ""right"": null, ""top_left"": null, ""top_right"": null, ""bottom_left"": null, ""bottom_right"": null}","{'stove': 0.3631, 'refrigerator': 0.1619, 'oven': 0.1043, 'microwave': 0.0998}","{'stove': 162.08, 'refrigerator': 61.06, 'oven': 75.04, 'microwave': 74.44}",[],cabinet door,"{'refrigerator': 1, 'oven': 1, 'microwave': 1}","Container id 14, is a ""cabinet door"" above the countertop. Additionally, it is the closest to the refrigerator, the closest to the oven, and the closest to the microwave."
2142,15,images/kitchen/16_segmented_sun_alqafgyfzsctxwtt.jpg,"[[387, 387], [310, 392], [309, 419], [336, 418], [331, 414], [334, 402], [386, 398]]",drawer,0.327,"[[0, 358], [1024, 358], [1024, 685], [0, 685]]",below,0.41,32.0,78.0,"{""above"": null, ""below"": null, ""left"": 2139, ""right"": null, ""top_left"": null, ""top_right"": null, ""bottom_left"": null, ""bottom_right"": null}","{""above"": null, ""below"": null, ""left"": null, ""right"": null, ""top_left"": null, ""top_right"": ""stove"", ""bottom_left"": null, ""bottom_right"": null}","{'stove': 0.0703, 'refrigerator': 0.4867, 'oven': 0.4374, 'microwave': 0.4377}","{'stove': 333.49, 'refrigerator': 359.83, 'oven': 354.45, 'microwave': 353.85}",[],drawer,{'stove': 1},"Container id 15, is a ""drawer"" below the countertop. Additionally, it is the closest to the stove."
2143,16,images/kitchen/16_segmented_sun_alqafgyfzsctxwtt.jpg,"[[508, 162], [506, 194], [520, 209], [509, 221], [507, 294], [555, 294], [554, 169]]",cabinet door,0.368,"[[0, 358], [1024, 358], [1024, 685], [0, 685]]",above,2.694,132.0,49.0,"{""above"": null, ""below"": null, ""left"": null, ""right"": 2135, ""top_left"": null, ""top_right"": null, ""bottom_left"": 2133, ""bottom_right"": null}","{""above"": null, ""below"": null, ""left"": null, ""right"": null, ""top_left"": null, ""top_right"": null, ""bottom_left"": null, ""bottom_right"": null}","{'stove': 0.1446, 'refrigerator': 0.3707, 'oven': 0.3077, 'microwave': 0.306}","{'stove': 125.44, 'refrigerator': 23.5, 'oven': 20.34, 'microwave': 19.54}",[],cabinet door,{},"Container id 16, is a ""cabinet door"" above the countertop."
2309,1,images/kitchen/5_segmented_sun_aawsixgpgwqanatu.jpg,"[[234, 109], [169, 114], [169, 219], [233, 208]]",cabinet door,0.48,"[[0, 56], [256, 56], [256, 256], [0, 256]]",below,1.692,110.0,65.0,"{""above"": 2311, ""below"": null, ""left"": null, ""right"": 2313, ""top_left"": null, ""top_right"": null, ""bottom_left"": null, ""bottom_right"": null}","{""above"": null, ""below"": null, ""left"": ""oven"", ""right"": null, ""top_left"": null, ""top_right"": null, ""bottom_left"": null, ""bottom_right"": null}","{'oven': 0.228, 'sink': 0.3013, 'dishwasher': 0.228}","{'oven': 181.91, 'sink': 278.97, 'dishwasher': 181.91}",[],cabinet door,"{'oven': 1, 'dishwasher': 1}","Container id 1, is a ""cabinet door"" below the countertop. Additionally, it is the closest to the oven, and the closest to the dishwasher."
2310,2,images/kitchen/5_segmented_sun_aawsixgpgwqanatu.jpg,"[[67, 124], [1, 125], [1, 254], [67, 245]]",cabinet door,0.497,"[[0, 56], [256, 56], [256, 256], [0, 256]]",below,1.97,130.0,66.0,"{""above"": 2312, ""below"": null, ""left"": null, ""right"": null, ""top_left"": null, ""top_right"": null, ""bottom_left"": null, ""bottom_right"": null}","{""above"": null, ""below"": null, ""left"": null, ""right"": ""oven"", ""top_left"": null, ""top_right"": null, ""bottom_left"": null, ""bottom_right"": null}","{'oven': 0.2459, 'sink': 0.6265, 'dishwasher': 0.2459}","{'oven': 342.18, 'sink': 324.33, 'dishwasher': 342.18}",[],cabinet door,"{'oven': 2, 'dishwasher': 2}","Container id 2, is a ""cabinet door"" below the countertop. Additionally, it is the 2nd closest to the oven, and the 2nd closest to the dishwasher."
2311,3,images/kitchen/5_segmented_sun_aawsixgpgwqanatu.jpg,"[[255, 81], [172, 85], [169, 108], [255, 101]]",drawer,0.464,"[[0, 56], [256, 56], [256, 256], [0, 256]]",below,0.314,27.0,86.0,"{""above"": null, ""below"": 2309, ""left"": null, ""right"": null, ""top_left"": null, ""top_right"": null, ""bottom_left"": null, ""bottom_right"": null}","{""above"": ""sink"", ""below"": null, ""left"": null, ""right"": null, ""top_left"": null, ""top_right"": null, ""bottom_left"": null, ""bottom_right"": null}","{'oven': 0.3172, 'sink': 0.1088, 'dishwasher': 0.3172}","{'oven': 144.93, 'sink': 278.03, 'dishwasher': 144.93}",[],drawer,{'sink': 1},"Container id 3, is a ""drawer"" below the countertop. Additionally, it is the closest to the sink."
2312,4,images/kitchen/5_segmented_sun_aawsixgpgwqanatu.jpg,"[[68, 94], [0, 98], [0, 122], [68, 117]]",drawer,0.428,"[[0, 56], [256, 56], [256, 256], [0, 256]]",below,0.412,28.0,68.0,"{""above"": null, ""below"": 2310, ""left"": null, ""right"": null, ""top_left"": null, ""top_right"": null, ""bottom_left"": null, ""bottom_right"": null}","{""above"": null, ""below"": null, ""left"": null, ""right"": null, ""top_left"": null, ""top_right"": null, ""bottom_left"": null, ""bottom_right"": null}","{'oven': 0.2746, 'sink': 0.5296, 'dishwasher': 0.2746}","{'oven': 31.53, 'sink': 343.95, 'dishwasher': 31.53}",[],drawer,{},"Container id 4, is a ""drawer"" below the countertop."
2313,5,images/kitchen/5_segmented_sun_aawsixgpgwqanatu.jpg,"[[253, 106], [236, 113], [236, 208], [255, 205]]",cabinet door,0.44,"[[0, 56], [256, 56], [256, 256], [0, 256]]",below,5.368,102.0,19.0,"{""above"": null, ""below"": null, ""left"": 2309, ""right"": null, ""top_left"": 2311, ""top_right"": null, ""bottom_left"": null, ""bottom_right"": null}","{""above"": null, ""below"": null, ""left"": null, ""right"": null, ""top_left"": null, ""top_right"": null, ""bottom_left"": null, ""bottom_right"": null}","{'oven': 0.3488, 'sink': 0.2946, 'dishwasher': 0.3488}","{'oven': 179.21, 'sink': 255.48, 'dishwasher': 179.21}",[],cabinet door,{'sink': 2},"Container id 5, is a ""cabinet door"" below the countertop. Additionally, it is the 2nd closest to the sink."
2465,1,images/kitchen/2_segmented_sun_aqrobmkgpethsrfm.jpg,"[[104, 123], [106, 156], [139, 141], [139, 123]]",cabinet door,0.317,,,0.943,33.0,35.0,"{""above"": null, ""below"": null, ""left"": null, ""right"": null, ""top_left"": null, ""top_right"": null, ""bottom_left"": null, ""bottom_right"": null}","{""above"": null, ""below"": null, ""left"": null, ""right"": null, ""top_left"": null, ""top_right"": ""coffee machine"", ""bottom_left"": null, ""bottom_right"": ""dishwasher""}","{'coffee machine': 0.0937, 'dishwasher': 0.0161}","{'coffee machine': 304.49, 'dishwasher': 33.92}",[],cabinet door,"{'coffee machine': 1, 'dishwasher': 1}","Container id 1, is a ""cabinet door"" nan the countertop. Additionally, it is the closest to the coffee machine, and the closest to the dishwasher."
2466,2,images/kitchen/2_segmented_sun_aqrobmkgpethsrfm.jpg,"[[251, 170], [248, 255], [255, 255], [255, 170]]",cabinet door,0.325,,,12.143,85.0,7.0,"{""above"": null, ""below"": null, ""left"": null, ""right"": null, ""top_left"": null, ""top_right"": null, ""bottom_left"": null, ""bottom_right"": null}","{""above"": null, ""below"": null, ""left"": null, ""right"": null, ""top_left"": null, ""top_right"": null, ""bottom_left"": null, ""bottom_right"": null}","{'coffee machine': 0.4216, 'dishwasher': 0.4015}","{'coffee machine': 223.31, 'dishwasher': 210.37}",[],cabinet door,"{'coffee machine': 2, 'dishwasher': 2}","Container id 2, is a ""cabinet door"" nan the countertop. Additionally, it is the 2nd closest to the coffee machine, and the 2nd closest to the dishwasher."
2481,1,images/kitchen/12_segmented_sun_aglwoufpxbtxqecp.jpg,"[[1141, 63], [1025, 84], [1029, 341], [1144, 337]]",cabinet door,0.403,"[[0, 484], [1200, 484], [1200, 900], [0, 900]]",above,2.336,278.0,119.0,"{""above"": null, ""below"": null, ""left"": null, ""right"": 2483, ""top_left"": null, ""top_right"": null, ""bottom_left"": null, ""bottom_right"": null}","{""above"": null, ""below"": null, ""left"": null, ""right"": null, ""top_left"": null, ""top_right"": null, ""bottom_left"": ""coffee machine"", ""bottom_right"": null}","{'refrigerator': 0.324, 'oven': 0.3102, 'stove': 0.6378, 'coffee machine': 0.2641, 'electronic kettle': 0.6319}","{'refrigerator': 114.63, 'oven': 115.15, 'stove': 153.37, 'coffee machine': 129.62, 'electronic kettle': 163.28}",[],cabinet door,{},"Container id 1, is a ""cabinet door"" above the countertop."
2482,2,images/kitchen/12_segmented_sun_aglwoufpxbtxqecp.jpg,"[[832, 82], [753, 97], [753, 256], [832, 248]]",cabinet door,0.38,"[[0, 484], [1200, 484], [1200, 900], [0, 900]]",above,2.203,174.0,79.0,"{""above"": null, ""below"": null, ""left"": null, ""right"": 2488, ""top_left"": null, ""top_right"": null, ""bottom_left"": null, ""bottom_right"": null}","{""above"": null, ""below"": null, ""left"": null, ""right"": null, ""top_left"": null, ""top_right"": null, ""bottom_left"": null, ""bottom_right"": null}","{'refrigerator': 0.3237, 'oven': 0.3109, 'stove': 0.4864, 'coffee machine': 0.2287, 'electronic kettle': 0.4589}","{'refrigerator': 79.36, 'oven': 78.31, 'stove': 140.49, 'coffee machine': 83.36, 'electronic kettle': 153.4}",[],cabinet door,{},"Container id 2, is a ""cabinet door"" above the countertop."
2483,3,images/kitchen/12_segmented_sun_aglwoufpxbtxqecp.jpg,"[[1199, 52], [1147, 67], [1150, 341], [1199, 342]]",cabinet door,0.363,"[[0, 484], [1200, 484], [1200, 900], [0, 900]]",above,5.577,290.0,52.0,"{""above"": null, ""below"": null, ""left"": 2481, ""right"": null, ""top_left"": null, ""top_right"": null, ""bottom_left"": null, ""bottom_right"": null}","{""above"": null, ""below"": null, ""left"": null, ""right"": null, ""top_left"": null, ""top_right"": null, ""bottom_left"": null, ""bottom_right"": null}","{'refrigerator': 0.3561, 'oven': 0.3429, 'stove': 0.6929, 'coffee machine': 0.3079, 'electronic kettle': 0.69}","{'refrigerator': 123.08, 'oven': 123.88, 'stove': 155.29, 'coffee machine': 137.69, 'electronic kettle': 164.39}",[],cabinet door,{},"Container id 3, is a ""cabinet door"" above the countertop."
2484,4,images/kitchen/12_segmented_sun_aglwoufpxbtxqecp.jpg,"[[1058, 645], [1039, 667], [1036, 691], [1068, 700], [1074, 649]]",cabinet door,0.369,"[[0, 484], [1200, 484], [1200, 900], [0, 900]]",below,1.447,55.0,38.0,"{""above"": null, ""below"": null, ""left"": null, ""right"": null, ""top_left"": 2485, ""top_right"": null, ""bottom_left"": null, ""bottom_right"": null}","{""above"": null, ""below"": null, ""left"": null, ""right"": null, ""top_left"": null, ""top_right"": null, ""bottom_left"": null, ""bottom_right"": null}","{'refrigerator': 0.1162, 'oven': 0.1156, 'stove': 0.5508, 'coffee machine': 0.1825, 'electronic kettle': 0.5991}","{'refrigerator': 187.39, 'oven': 194.32, 'stove': 182.46, 'coffee machine': 215.5, 'electronic kettle': 192.3}",[],cabinet door,{},"Container id 4, is a ""cabinet door"" below the countertop."
2485,5,images/kitchen/12_segmented_sun_aglwoufpxbtxqecp.jpg,"[[957, 557], [956, 671], [1015, 687], [1027, 640], [1076, 626], [1075, 577]]",drawer,0.375,"[[0, 484], [1200, 484], [1200, 900], [0, 900]]",below,1.083,130.0,120.0,"{""above"": 2487, ""below"": null, ""left"": null, ""right"": null, ""top_left"": null, ""top_right"": null, ""bottom_left"": null, ""bottom_right"": 2484}","{""above"": null, ""below"": null, ""left"": null, ""right"": null, ""top_left"": ""coffee machine"", ""top_right"": null, ""bottom_left"": null, ""bottom_right"": null}","{'refrigerator': 0.0915, 'oven': 0.0871, 'stove': 0.5254, 'coffee machine': 0.1455, 'electronic kettle': 0.569}","{'refrigerator': 170.91, 'oven': 179.49, 'stove': 179.37, 'coffee machine': 211.77, 'electronic kettle': 189.94}",[],drawer,"{'refrigerator': 1, 'oven': 1, 'coffee machine': 2}","Container id 5, is a ""drawer"" below the countertop. Additionally, it is the closest to the refrigerator, the closest to the oven, and the 2nd closest to the coffee machine."
2486,6,images/kitchen/12_segmented_sun_aglwoufpxbtxqecp.jpg,"[[442, 491], [330, 498], [326, 540], [440, 533]]",drawer,0.373,"[[0, 484], [1200, 484], [1200, 900], [0, 900]]",below,0.422,49.0,116.0,"{""above"": null, ""below"": 2489, ""left"": null, ""right"": null, ""top_left"": null, ""top_right"": null, ""bottom_left"": null, ""bottom_right"": null}","{""above"": null, ""below"": null, ""left"": null, ""right"": null, ""top_left"": null, ""top_right"": null, ""bottom_left"": null, ""bottom_right"": null}","{'refrigerator': 0.3434, 'oven': 0.3432, 'stove': 0.1304, 'coffee machine': 0.2984, 'electronic kettle': 0.1405}","{'refrigerator': 14.91, 'oven': 12.57, 'stove': 142.36, 'coffee machine': 359.48, 'electronic kettle': 189.98}",[],drawer,"{'stove': 2, 'electronic kettle': 1}","Container id 6, is a ""drawer"" below the countertop. Additionally, it is the 2nd closest to the stove, and the closest to the electronic kettle."
2487,7,images/kitchen/12_segmented_sun_aglwoufpxbtxqecp.jpg,"[[955, 509], [957, 555], [1076, 572], [1075, 523]]",cabinet door,0.384,"[[0, 484], [1200, 484], [1200, 900], [0, 900]]",below,0.521,63.0,121.0,"{""above"": null, ""below"": 2485, ""left"": null, ""right"": null, ""top_left"": null, ""top_right"": null, ""bottom_left"": null, ""bottom_right"": null}","{""above"": null, ""below"": null, ""left"": null, ""right"": null, ""top_left"": null, ""top_right"": null, ""bottom_left"": null, ""bottom_right"": null}","{'refrigerator': 0.1146, 'oven': 0.1039, 'stove': 0.528, 'coffee machine': 0.1239, 'electronic kettle': 0.5606}","{'refrigerator': 140.97, 'oven': 145.72, 'stove': 173.09, 'coffee machine': 188.77, 'electronic kettle': 184.14}",[],cabinet door,"{'refrigerator': 2, 'oven': 2, 'coffee machine': 1}","Container id 7, is a ""cabinet door"" below the countertop. Additionally, it is the 2nd closest to the refrigerator, the 2nd closest to the oven, and the closest to the coffee machine."
2488,8,images/kitchen/12_segmented_sun_aglwoufpxbtxqecp.jpg,"[[921, 66], [834, 82], [836, 247], [924, 243]]",drawer,0.301,"[[0, 484], [1200, 484], [1200, 900], [0, 900]]",above,2.011,181.0,90.0,"{""above"": null, ""below"": null, ""left"": 2482, ""right"": null, ""top_left"": null, ""top_right"": null, ""bottom_left"": null, ""bottom_right"": null}","{""above"": null, ""below"": null, ""left"": null, ""right"": null, ""top_left"": null, ""top_right"": null, ""bottom_left"": null, ""bottom_right"": null}","{'refrigerator': 0.3257, 'oven': 0.312, 'stove': 0.5365, 'coffee machine': 0.2367, 'electronic kettle': 0.514}","{'refrigerator': 89.6, 'oven': 88.99, 'stove': 143.78, 'coffee machine': 97.54, 'electronic kettle': 155.52}",[],drawer,{},"Container id 8, is a ""drawer"" above the countertop."
2489,9,images/kitchen/12_segmented_sun_aglwoufpxbtxqecp.jpg,"[[443, 537], [326, 542], [324, 582], [362, 568], [441, 563]]",drawer,0.303,"[[0, 484], [1200, 484], [1200, 900], [0, 900]]",below,0.378,45.0,119.0,"{""above"": 2486, ""below"": null, ""left"": null, ""right"": null, ""top_left"": null, ""top_right"": null, ""bottom_left"": null, ""bottom_right"": null}","{""above"": null, ""below"": null, ""left"": null, ""right"": null, ""top_left"": null, ""top_right"": null, ""bottom_left"": null, ""bottom_right"": null}","{'refrigerator': 0.3406, 'oven': 0.3417, 'stove': 0.1121, 'coffee machine': 0.3036, 'electronic kettle': 0.1448}","{'refrigerator': 10.1, 'oven': 7.75, 'stove': 152.89, 'coffee machine': 354.08, 'electronic kettle': 201.44}",[],drawer,"{'stove': 1, 'electronic kettle': 2}","Container id 9, is a ""drawer"" below the countertop. Additionally, it is the closest to the stove, and the 2nd closest to the electronic kettle."
2490,10,images/kitchen/12_segmented_sun_aglwoufpxbtxqecp.jpg,"[[1198, 723], [1198, 725], [1197, 726], [1197, 728], [1198, 729], [1199, 729], [1199, 723]]",drawer,0.333,"[[0, 484], [1200, 484], [1200, 900], [0, 900]]",below,3.0,6.0,2.0,"{""above"": null, ""below"": null, ""left"": null, ""right"": null, ""top_left"": null, ""top_right"": null, ""bottom_left"": null, ""bottom_right"": null}","{""above"": null, ""below"": null, ""left"": null, ""right"": null, ""top_left"": null, ""top_right"": null, ""bottom_left"": null, ""bottom_right"": null}","{'refrigerator': 0.2169, 'oven': 0.2175, 'stove': 0.6485, 'coffee machine': 0.2828, 'electronic kettle': 0.7003}","{'refrigerator': 193.9, 'oven': 197.6, 'stove': 185.38, 'coffee machine': 210.41, 'electronic kettle': 193.61}",[],drawer,{},"Container id 10, is a ""drawer"" below the countertop."
2491,11,images/kitchen/12_segmented_sun_aglwoufpxbtxqecp.jpg,"[[1090, 692], [1089, 692], [1089, 693], [1087, 695], [1088, 700], [1089, 700], [1089, 699], [1090, 698]]",cabinet door,0.312,"[[0, 484], [1200, 484], [1200, 900], [0, 900]]",below,2.667,8.0,3.0,"{""above"": null, ""below"": null, ""left"": null, ""right"": null, ""top_left"": null, ""top_right"": null, ""bottom_left"": null, ""bottom_right"": null}","{""above"": null, ""below"": null, ""left"": null, ""right"": null, ""top_left"": null, ""top_right"": null, ""bottom_left"": null, ""bottom_right"": null}","{'refrigerator': 0.1415, 'oven': 0.1421, 'stove': 0.5743, 'coffee machine': 0.2108, 'electronic kettle': 0.6249}","{'refrigerator': 193.11, 'oven': 198.77, 'stove': 184.07, 'coffee machine': 215.73, 'electronic kettle': 193.39}",[],cabinet door,{},"Container id 11, is a ""cabinet door"" below the countertop."
2492,12,images/kitchen/12_segmented_sun_aglwoufpxbtxqecp.jpg,"[[1155, 666], [1147, 717], [1170, 725], [1175, 678], [1166, 667]]",drawer,0.324,"[[0, 484], [1200, 484], [1200, 900], [0, 900]]",below,2.107,59.0,28.0,"{""above"": null, ""below"": null, ""left"": null, ""right"": null, ""top_left"": null, ""top_right"": null, ""bottom_left"": null, ""bottom_right"": null}","{""above"": null, ""below"": null, ""left"": null, ""right"": null, ""top_left"": null, ""top_right"": null, ""bottom_left"": null, ""bottom_right"": null}","{'refrigerator': 0.1891, 'oven': 0.1885, 'stove': 0.6231, 'coffee machine': 0.2506, 'electronic kettle': 0.672}","{'refrigerator': 188.64, 'oven': 192.9, 'stove': 183.41, 'coffee machine': 208.47, 'electronic kettle': 192.12}",[],drawer,{},"Container id 12, is a ""drawer"" below the countertop."
2566,1,images/kitchen/11_segmented_sun_andzglcqubvbzfhz.jpg,"[[496, 92], [471, 105], [472, 218], [517, 220], [519, 96]]",cabinet door,0.395,"[[0, 293], [700, 293], [700, 463], [0, 463]]",above,2.667,128.0,48.0,"{""above"": null, ""below"": null, ""left"": 2567, ""right"": null, ""top_left"": null, ""top_right"": null, ""bottom_left"": null, ""bottom_right"": null}","{""above"": null, ""below"": null, ""left"": null, ""right"": null, ""top_left"": null, ""top_right"": null, ""bottom_left"": null, ""bottom_right"": null}","{'dishwasher': 0.3271, 'refrigerator': 0.3915, 'toaster': 0.5381, 'microwave': 0.497, 'coffee machine': 0.2182, 'oven': 0.4642, 'dish drying rack': 0.4603, 'sink': 0.4548, 'oven stove': 0.4435}","{'dishwasher': 76.41, 'refrigerator': 155.08, 'toaster': 158.44, 'microwave': 188.99, 'coffee machine': 51.38, 'oven': 133.88, 'dish drying rack': 134.34, 'sink': 134.81, 'oven stove': 135.78}",[],cabinet door,{'coffee machine': 1},"Container id 1, is a ""cabinet door"" above the countertop. Additionally, it is the closest to the coffee machine."
2567,2,images/kitchen/11_segmented_sun_andzglcqubvbzfhz.jpg,"[[467, 95], [447, 110], [451, 221], [470, 214]]",cabinet door,0.377,"[[0, 293], [700, 293], [700, 463], [0, 463]]",above,5.478,126.0,23.0,"{""above"": null, ""below"": null, ""left"": 2569, ""right"": 2566, ""top_left"": null, ""top_right"": null, ""bottom_left"": null, ""bottom_right"": null}","{""above"": null, ""below"": null, ""left"": null, ""right"": null, ""top_left"": null, ""top_right"": null, ""bottom_left"": null, ""bottom_right"": null}","{'dishwasher': 0.3245, 'refrigerator': 0.3454, 'toaster': 0.4919, 'microwave': 0.4575, 'coffee machine': 0.2364, 'oven': 0.4228, 'dish drying rack': 0.4188, 'sink': 0.4131, 'oven stove': 0.4015}","{'dishwasher': 68.29, 'refrigerator': 154.54, 'toaster': 158.38, 'microwave': 191.87, 'coffee machine': 40.66, 'oven': 131.2, 'dish drying rack': 131.68, 'sink': 132.17, 'oven stove': 133.17}",[],cabinet door,{},"Container id 2, is a ""cabinet door"" above the countertop."
2568,3,images/kitchen/11_segmented_sun_andzglcqubvbzfhz.jpg,"[[429, 352], [427, 455], [456, 462], [457, 367]]",cabinet door,0.412,"[[0, 293], [700, 293], [700, 463], [0, 463]]",below,3.667,110.0,30.0,"{""above"": 2574, ""below"": null, ""left"": 2572, ""right"": 2571, ""top_left"": null, ""top_right"": null, ""bottom_left"": null, ""bottom_right"": null}","{""above"": null, ""below"": null, ""left"": null, ""right"": ""dishwasher"", ""top_left"": null, ""top_right"": null, ""bottom_left"": null, ""bottom_right"": null}","{'dishwasher': 0.1398, 'refrigerator': 0.3276, 'toaster': 0.4526, 'microwave': 0.5796, 'coffee machine': 0.2449, 'oven': 0.2597, 'dish drying rack': 0.2594, 'sink': 0.2578, 'oven stove': 0.2551}","{'dishwasher': 1.95, 'refrigerator': 206.89, 'toaster': 194.78, 'microwave': 222.4, 'coffee machine': 324.37, 'oven': 175.26, 'dish drying rack': 176.44, 'sink': 177.88, 'oven stove': 180.86}",[],cabinet door,{'dishwasher': 2},"Container id 3, is a ""cabinet door"" below the countertop. Additionally, it is the 2nd closest to the dishwasher."
2569,4,images/kitchen/11_segmented_sun_andzglcqubvbzfhz.jpg,"[[445, 112], [429, 123], [432, 224], [447, 220]]",cabinet door,0.393,"[[0, 293], [700, 293], [700, 463], [0, 463]]",above,6.222,112.0,18.0,"{""above"": null, ""below"": null, ""left"": null, ""right"": 2567, ""top_left"": null, ""top_right"": null, ""bottom_left"": null, ""bottom_right"": null}","{""above"": null, ""below"": null, ""left"": null, ""right"": null, ""top_left"": null, ""top_right"": null, ""bottom_left"": null, ""bottom_right"": null}","{'dishwasher': 0.3238, 'refrigerator': 0.3184, 'toaster': 0.4649, 'microwave': 0.4363, 'coffee machine': 0.2486, 'oven': 0.3981, 'dish drying rack': 0.394, 'sink': 0.3883, 'oven stove': 0.3765}","{'dishwasher': 63.51, 'refrigerator': 154.54, 'toaster': 158.6, 'microwave': 194.03, 'coffee machine': 34.95, 'oven': 129.66, 'dish drying rack': 130.15, 'sink': 130.64, 'oven stove': 131.66}",[],cabinet door,{'microwave': 2},"Container id 4, is a ""cabinet door"" above the countertop. Additionally, it is the 2nd closest to the microwave."
2570,5,images/kitchen/11_segmented_sun_andzglcqubvbzfhz.jpg,"[[145, 9], [148, 145], [168, 146], [169, 60]]",cabinet door,0.315,"[[0, 293], [700, 293], [700, 463], [0, 463]]",above,5.708,137.0,24.0,"{""above"": null, ""below"": null, ""left"": null, ""right"": null, ""top_left"": null, ""top_right"": null, ""bottom_left"": null, ""bottom_right"": null}","{""above"": null, ""below"": null, ""left"": ""microwave"", ""right"": null, ""top_left"": null, ""top_right"": null, ""bottom_left"": null, ""bottom_right"": null}","{'dishwasher': 0.6144, 'refrigerator': 0.2366, 'toaster': 0.2823, 'microwave': 0.0894, 'coffee machine': 0.5884, 'oven': 0.4095, 'dish drying rack': 0.4043, 'sink': 0.3981, 'oven stove': 0.3856}","{'dishwasher': 38.78, 'refrigerator': 78.53, 'toaster': 110.38, 'microwave': 186.89, 'coffee machine': 23.8, 'oven': 78.67, 'dish drying rack': 78.52, 'sink': 78.17, 'oven stove': 77.38}",[],cabinet door,"{'refrigerator': 1, 'toaster': 1, 'microwave': 1}","Container id 5, is a ""cabinet door"" above the countertop. Additionally, it is the closest to the refrigerator, the closest to the toaster, and the closest to the microwave."
2571,6,images/kitchen/11_segmented_sun_andzglcqubvbzfhz.jpg,"[[462, 370], [460, 460], [497, 462], [497, 389]]",cabinet door,0.387,"[[0, 293], [700, 293], [700, 463], [0, 463]]",below,2.486,92.0,37.0,"{""above"": null, ""below"": null, ""left"": 2568, ""right"": null, ""top_left"": null, ""top_right"": null, ""bottom_left"": null, ""bottom_right"": null}","{""above"": null, ""below"": null, ""left"": null, ""right"": ""dishwasher"", ""top_left"": null, ""top_right"": null, ""bottom_left"": null, ""bottom_right"": null}","{'dishwasher': 0.0963, 'refrigerator': 0.3728, 'toaster': 0.4983, 'microwave': 0.6213, 'coffee machine': 0.2201, 'oven': 0.3028, 'dish drying rack': 0.3027, 'sink': 0.3015, 'oven stove': 0.2993}","{'dishwasher': 354.85, 'refrigerator': 205.68, 'toaster': 194.98, 'microwave': 220.59, 'coffee machine': 314.85, 'oven': 178.48, 'dish drying rack': 179.49, 'sink': 180.74, 'oven stove': 183.3}",[],cabinet door,"{'dishwasher': 1, 'coffee machine': 2}","Container id 6, is a ""cabinet door"" below the countertop. Additionally, it is the closest to the dishwasher, and the 2nd closest to the coffee machine."
2572,7,images/kitchen/11_segmented_sun_andzglcqubvbzfhz.jpg,"[[408, 338], [405, 428], [422, 451], [425, 349]]",cabinet door,0.381,"[[0, 293], [700, 293], [700, 463], [0, 463]]",below,5.65,113.0,20.0,"{""above"": 2575, ""below"": null, ""left"": null, ""right"": 2574, ""top_left"": 2576, ""top_right"": null, ""bottom_left"": null, ""bottom_right"": null}","{""above"": null, ""below"": null, ""left"": null, ""right"": null, ""top_left"": null, ""top_right"": null, ""bottom_left"": null, ""bottom_right"": null}","{'dishwasher': 0.1741, 'refrigerator': 0.2893, 'toaster': 0.416, 'microwave': 0.5416, 'coffee machine': 0.2616, 'oven': 0.2303, 'dish drying rack': 0.2294, 'sink': 0.2272, 'oven stove': 0.2232}","{'dishwasher': 8.46, 'refrigerator': 206.12, 'toaster': 193.14, 'microwave': 223.08, 'coffee machine': 332.25, 'oven': 169.42, 'dish drying rack': 170.73, 'sink': 172.32, 'oven stove': 175.62}",[],cabinet door,"{'oven': 2, 'dish drying rack': 2, 'sink': 2, 'oven stove': 2}","Container id 7, is a ""cabinet door"" below the countertop. Additionally, it is the 2nd closest to the oven, the 2nd closest to the dish drying rack, the 2nd closest to the sink, and the 2nd closest to the oven stove."
2573,8,images/kitchen/11_segmented_sun_andzglcqubvbzfhz.jpg,"[[391, 303], [391, 326], [402, 331], [404, 328], [404, 308]]",drawer,0.357,"[[0, 293], [700, 293], [700, 463], [0, 463]]",below,2.154,28.0,13.0,"{""above"": null, ""below"": null, ""left"": null, ""right"": 2575, ""top_left"": null, ""top_right"": null, ""bottom_left"": null, ""bottom_right"": null}","{""above"": null, ""below"": null, ""left"": null, ""right"": null, ""top_left"": null, ""top_right"": null, ""bottom_left"": null, ""bottom_right"": null}","{'dishwasher': 0.2221, 'refrigerator': 0.2435, 'toaster': 0.3854, 'microwave': 0.4709, 'coffee machine': 0.2538, 'oven': 0.2433, 'dish drying rack': 0.2405, 'sink': 0.2362, 'oven stove': 0.2275}","{'dishwasher': 30.21, 'refrigerator': 189.74, 'toaster': 181.25, 'microwave': 217.06, 'coffee machine': 351.93, 'oven': 148.13, 'dish drying rack': 149.22, 'sink': 150.43, 'oven stove': 153.03}",[],drawer,"{'refrigerator': 2, 'toaster': 2}","Container id 8, is a ""drawer"" below the countertop. Additionally, it is the 2nd closest to the refrigerator, and the 2nd closest to the toaster."
2574,9,images/kitchen/11_segmented_sun_andzglcqubvbzfhz.jpg,"[[391, 302], [395, 419], [432, 461], [497, 461], [497, 340]]",drawer,0.328,"[[0, 293], [700, 293], [700, 463], [0, 463]]",below,1.5,159.0,106.0,"{""above"": 2575, ""below"": 2568, ""left"": 2572, ""right"": 2571, ""top_left"": null, ""top_right"": null, ""bottom_left"": null, ""bottom_right"": null}","{""above"": null, ""below"": null, ""left"": null, ""right"": ""dishwasher"", ""top_left"": null, ""top_right"": null, ""bottom_left"": null, ""bottom_right"": null}","{'dishwasher': 0.1409, 'refrigerator': 0.3214, 'toaster': 0.4492, 'microwave': 0.5699, 'coffee machine': 0.2364, 'oven': 0.2616, 'dish drying rack': 0.2609, 'sink': 0.259, 'oven stove': 0.2555}","{'dishwasher': 7.97, 'refrigerator': 204.53, 'toaster': 192.95, 'microwave': 221.29, 'coffee machine': 327.26, 'oven': 172.04, 'dish drying rack': 173.21, 'sink': 174.61, 'oven stove': 177.54}",[],drawer,{},"Container id 9, is a ""drawer"" below the countertop."
2575,10,images/kitchen/11_segmented_sun_andzglcqubvbzfhz.jpg,"[[407, 309], [406, 333], [422, 342], [425, 336], [424, 315]]",drawer,0.345,"[[0, 293], [700, 293], [700, 463], [0, 463]]",below,1.737,33.0,19.0,"{""above"": null, ""below"": null, ""left"": 2573, ""right"": null, ""top_left"": null, ""top_right"": null, ""bottom_left"": 2576, ""bottom_right"": null}","{""above"": null, ""below"": null, ""left"": null, ""right"": null, ""top_left"": null, ""top_right"": null, ""bottom_left"": null, ""bottom_right"": null}","{'dishwasher': 0.1985, 'refrigerator': 0.2667, 'toaster': 0.4076, 'microwave': 0.4941, 'coffee machine': 0.2337, 'oven': 0.2577, 'dish drying rack': 0.2553, 'sink': 0.2514, 'oven stove': 0.2435}","{'dishwasher': 31.08, 'refrigerator': 190.91, 'toaster': 182.49, 'microwave': 216.39, 'coffee machine': 348.91, 'oven': 152.46, 'dish drying rack': 153.53, 'sink': 154.75, 'oven stove': 157.32}",[],drawer,{},"Container id 10, is a ""drawer"" below the countertop."
2576,11,images/kitchen/11_segmented_sun_andzglcqubvbzfhz.jpg,"[[392, 330], [391, 409], [403, 424], [404, 337]]",cabinet door,0.37,"[[0, 293], [700, 293], [700, 463], [0, 463]]",below,7.231,94.0,13.0,"{""above"": 2573, ""below"": null, ""left"": null, ""right"": 2574, ""top_left"": null, ""top_right"": 2575, ""bottom_left"": null, ""bottom_right"": 2572}","{""above"": null, ""below"": null, ""left"": null, ""right"": null, ""top_left"": null, ""top_right"": null, ""bottom_left"": null, ""bottom_right"": null}","{'dishwasher': 0.1983, 'refrigerator': 0.262, 'toaster': 0.3915, 'microwave': 0.513, 'coffee machine': 0.2722, 'oven': 0.2147, 'dish drying rack': 0.2132, 'sink': 0.2104, 'oven stove': 0.205}","{'dishwasher': 13.2, 'refrigerator': 204.26, 'toaster': 191.03, 'microwave': 223.07, 'coffee machine': 337.97, 'oven': 163.22, 'dish drying rack': 164.6, 'sink': 166.24, 'oven stove': 169.69}",[],cabinet door,"{'oven': 1, 'dish drying rack': 1, 'sink': 1, 'oven stove': 1}","Container id 11, is a ""cabinet door"" below the countertop. Additionally, it is the closest to the oven, the closest to the dish drying rack, the closest to the sink, and the closest to the oven stove."
2644,1,images/kitchen/4_segmented_sun_axzmxlymdvjqqfpk.jpg,"[[138, 156], [91, 159], [94, 254], [143, 249]]",cabinet door,0.53,"[[0, 146], [512, 146], [512, 341], [0, 341]]",below,1.885,98.0,52.0,"{""above"": null, ""below"": null, ""left"": 2646, ""right"": 2645, ""top_left"": null, ""top_right"": null, ""bottom_left"": null, ""bottom_right"": null}","{""above"": null, ""below"": null, ""left"": null, ""right"": null, ""top_left"": null, ""top_right"": ""sink"", ""bottom_left"": null, ""bottom_right"": null}","{'microwave': 0.1993, 'refrigerator': 0.6, 'oven': 0.1934, 'sink': 0.138}","{'microwave': 220.17, 'refrigerator': 355.53, 'oven': 148.54, 'sink': 308.73}",[],cabinet door,"{'microwave': 2, 'oven': 2}","Container id 1, is a ""cabinet door"" below the countertop. Additionally, it is the 2nd closest to the microwave, and the 2nd closest to the oven."
2645,2,images/kitchen/4_segmented_sun_axzmxlymdvjqqfpk.jpg,"[[187, 155], [142, 157], [146, 250], [190, 246]]",cabinet door,0.488,"[[0, 146], [512, 146], [512, 341], [0, 341]]",below,1.979,95.0,48.0,"{""above"": null, ""below"": null, ""left"": 2644, ""right"": null, ""top_left"": null, ""top_right"": null, ""bottom_left"": null, ""bottom_right"": null}","{""above"": ""sink"", ""below"": null, ""left"": null, ""right"": null, ""top_left"": null, ""top_right"": null, ""bottom_left"": null, ""bottom_right"": null}","{'microwave': 0.2644, 'refrigerator': 0.5191, 'oven': 0.2674, 'sink': 0.1038}","{'microwave': 208.1, 'refrigerator': 355.28, 'oven': 156.87, 'sink': 273.03}",[],cabinet door,"{'refrigerator': 2, 'sink': 1}","Container id 2, is a ""cabinet door"" below the countertop. Additionally, it is the 2nd closest to the refrigerator, and the closest to the sink."
2646,3,images/kitchen/4_segmented_sun_axzmxlymdvjqqfpk.jpg,"[[88, 158], [31, 161], [38, 173], [30, 185], [33, 260], [92, 254]]",cabinet door,0.47,"[[0, 146], [512, 146], [512, 341], [0, 341]]",below,1.645,102.0,62.0,"{""above"": null, ""below"": null, ""left"": null, ""right"": 2644, ""top_left"": null, ""top_right"": null, ""bottom_left"": null, ""bottom_right"": null}","{""above"": ""microwave"", ""below"": ""oven"", ""left"": null, ""right"": null, ""top_left"": null, ""top_right"": null, ""bottom_left"": ""oven"", ""bottom_right"": null}","{'microwave': 0.128, 'refrigerator': 0.704, 'oven': 0.126, 'sink': 0.2148}","{'microwave': 248.23, 'refrigerator': 356.99, 'oven': 118.52, 'sink': 332.88}",[],cabinet door,"{'microwave': 1, 'oven': 1}","Container id 3, is a ""cabinet door"" below the countertop. Additionally, it is the closest to the microwave, and the closest to the oven."
2647,4,images/kitchen/4_segmented_sun_axzmxlymdvjqqfpk.jpg,"[[233, 154], [233, 155]]",cabinet door,0.429,"[[0, 146], [512, 146], [512, 341], [0, 341]]",below,inf,1.0,0.0,"{""above"": null, ""below"": null, ""left"": null, ""right"": null, ""top_left"": null, ""top_right"": null, ""bottom_left"": null, ""bottom_right"": null}","{""above"": null, ""below"": null, ""left"": null, ""right"": null, ""top_left"": null, ""top_right"": null, ""bottom_left"": null, ""bottom_right"": null}","{'microwave': 0.345, 'refrigerator': 0.4103, 'oven': 0.3985, 'sink': 0.1064}","{'microwave': 187.88, 'refrigerator': 4.83, 'oven': 152.79, 'sink': 194.38}",[],cabinet door,"{'refrigerator': 1, 'sink': 2}","Container id 4, is a ""cabinet door"" below the countertop. Additionally, it is the closest to the refrigerator, and the 2nd closest to the sink."
2681,1,images/kitchen/8_segmented_sun_aojmogpsfirohkai.jpg,"[[135, 421], [136, 558], [156, 574], [159, 429]]",cabinet door,0.389,"[[0, 383], [795, 383], [795, 682], [0, 682]]",below,6.375,153.0,24.0,"{""above"": null, ""below"": null, ""left"": null, ""right"": 2683, ""top_left"": 2682, ""top_right"": null, ""bottom_left"": null, ""bottom_right"": null}","{""above"": null, ""below"": null, ""left"": null, ""right"": null, ""top_left"": null, ""top_right"": null, ""bottom_left"": null, ""bottom_right"": null}",{},{},[],cabinet door,{},"Container id 1, is a ""cabinet door"" below the countertop."
2682,2,images/kitchen/8_segmented_sun_aojmogpsfirohkai.jpg,"[[103, 413], [101, 536], [121, 552], [123, 445], [115, 416]]",cabinet door,0.369,"[[0, 383], [795, 383], [795, 682], [0, 682]]",below,6.318,139.0,22.0,"{""above"": null, ""below"": null, ""left"": null, ""right"": null, ""top_left"": null, ""top_right"": null, ""bottom_left"": null, ""bottom_right"": 2681}","{""above"": null, ""below"": null, ""left"": null, ""right"": null, ""top_left"": null, ""top_right"": null, ""bottom_left"": null, ""bottom_right"": null}",{},{},[],cabinet door,{},"Container id 2, is a ""cabinet door"" below the countertop."
2683,3,images/kitchen/8_segmented_sun_aojmogpsfirohkai.jpg,"[[170, 430], [168, 577], [194, 595], [191, 436]]",cabinet door,0.338,"[[0, 383], [795, 383], [795, 682], [0, 682]]",below,6.346,165.0,26.0,"{""above"": null, ""below"": null, ""left"": 2681, ""right"": null, ""top_left"": null, ""top_right"": null, ""bottom_left"": null, ""bottom_right"": null}","{""above"": null, ""below"": null, ""left"": null, ""right"": null, ""top_left"": null, ""top_right"": null, ""bottom_left"": null, ""bottom_right"": null}",{},{},[],cabinet door,{},"Container id 3, is a ""cabinet door"" below the countertop."
2684,4,images/kitchen/8_segmented_sun_aojmogpsfirohkai.jpg,"[[41, 398], [39, 496], [48, 502], [51, 401]]",cabinet door,0.335,"[[0, 383], [795, 383], [795, 682], [0, 682]]",below,8.667,104.0,12.0,"{""above"": null, ""below"": null, ""left"": null, ""right"": 2687, ""top_left"": null, ""top_right"": null, ""bottom_left"": null, ""bottom_right"": null}","{""above"": null, ""below"": null, ""left"": null, ""right"": null, ""top_left"": null, ""top_right"": null, ""bottom_left"": null, ""bottom_right"": null}",{},{},[],cabinet door,{},"Container id 4, is a ""cabinet door"" below the countertop."
2685,5,images/kitchen/8_segmented_sun_aojmogpsfirohkai.jpg,"[[25, 250], [22, 290], [37, 293], [39, 254]]",cabinet door,0.327,"[[0, 383], [795, 383], [795, 682], [0, 682]]",above,2.529,43.0,17.0,"{""above"": null, ""below"": null, ""left"": null, ""right"": null, ""top_left"": null, ""top_right"": null, ""bottom_left"": null, ""bottom_right"": null}","{""above"": null, ""below"": null, ""left"": null, ""right"": null, ""top_left"": null, ""top_right"": null, ""bottom_left"": null, ""bottom_right"": null}",{},{},[],cabinet door,{},"Container id 5, is a ""cabinet door"" above the countertop."
2686,6,images/kitchen/8_segmented_sun_aojmogpsfirohkai.jpg,"[[75, 408]]",cabinet door,0.372,"[[0, 383], [795, 383], [795, 682], [0, 682]]",below,0.0,0.0,0.0,"{""above"": null, ""below"": null, ""left"": null, ""right"": null, ""top_left"": null, ""top_right"": null, ""bottom_left"": null, ""bottom_right"": null}","{""above"": null, ""below"": null, ""left"": null, ""right"": null, ""top_left"": null, ""top_right"": null, ""bottom_left"": null, ""bottom_right"": null}",{},{},[],cabinet door,{},"Container id 6, is a ""cabinet door"" below the countertop."
2687,7,images/kitchen/8_segmented_sun_aojmogpsfirohkai.jpg,"[[56, 401], [53, 502], [69, 511], [72, 423], [68, 405]]",cabinet door,0.322,"[[0, 383], [795, 383], [795, 682], [0, 682]]",below,5.789,110.0,19.0,"{""above"": null, ""below"": null, ""left"": 2684, ""right"": null, ""top_left"": null, ""top_right"": null, ""bottom_left"": null, ""bottom_right"": null}","{""above"": null, ""below"": null, ""left"": null, ""right"": null, ""top_left"": null, ""top_right"": null, ""bottom_left"": null, ""bottom_right"": null}",{},{},[],cabinet door,{},"Container id 7, is a ""cabinet door"" below the countertop."
2688,8,images/kitchen/8_segmented_sun_aojmogpsfirohkai.jpg,"[[0, 244], [0, 289], [11, 290], [14, 287], [14, 247]]",cabinet door,0.369,"[[0, 383], [795, 383], [795, 682], [0, 682]]",above,3.286,46.0,14.0,"{""above"": null, ""below"": null, ""left"": null, ""right"": null, ""top_left"": null, ""top_right"": null, ""bottom_left"": null, ""bottom_right"": null}","{""above"": null, ""below"": null, ""left"": null, ""right"": null, ""top_left"": null, ""top_right"": null, ""bottom_left"": null, ""bottom_right"": null}",{},{},[],cabinet door,{},"Container id 8, is a ""cabinet door"" above the countertop."
2892,1,images/kitchen/6_segmented_sun_advwcwduhfypopki.jpg,"[[1777, 13], [1509, 93], [1491, 478], [1765, 443], [1701, 402], [1764, 381]]",cabinet door,0.451,,,1.626,465.0,286.0,"{""above"": null, ""below"": null, ""left"": null, ""right"": 2897, ""top_left"": null, ""top_right"": null, ""bottom_left"": null, ""bottom_right"": null}","{""above"": null, ""below"": ""dish drying rack"", ""left"": null, ""right"": null, ""top_left"": null, ""top_right"": null, ""bottom_left"": null, ""bottom_right"": null}","{'oven': 0.3721, 'microwave': 0.444, 'stove': 0.5335, 'dish drying rack': 0.1261}","{'oven': 110.77, 'microwave': 111.26, 'stove': 97.89, 'dish drying rack': 90.4}",[],cabinet door,{'dish drying rack': 1},"Container id 1, is a ""cabinet door"" nan the countertop. Additionally, it is the closest to the dish drying rack."
2893,2,images/kitchen/6_segmented_sun_advwcwduhfypopki.jpg,"[[198, 1924], [193, 1922], [192, 1923], [188, 1923], [183, 1926], [186, 1928], [194, 1929], [198, 1926]]",drawer,0.405,,,0.467,7.0,15.0,"{""above"": null, ""below"": null, ""left"": null, ""right"": null, ""top_left"": null, ""top_right"": null, ""bottom_left"": null, ""bottom_right"": null}","{""above"": null, ""below"": null, ""left"": null, ""right"": null, ""top_left"": null, ""top_right"": null, ""bottom_left"": null, ""bottom_right"": null}","{'oven': 0.3659, 'microwave': 0.3145, 'stove': 0.3887, 'dish drying rack': 0.5978}","{'oven': 334.17, 'microwave': 342.7, 'stove': 3.11, 'dish drying rack': 320.38}",[],drawer,{},"Container id 2, is a ""drawer"" nan the countertop."
2894,3,images/kitchen/6_segmented_sun_advwcwduhfypopki.jpg,"[[560, 2049], [468, 1918], [103, 1961], [103, 2206], [553, 2153]]",cabinet door,0.357,,,0.63,288.0,457.0,"{""above"": null, ""below"": null, ""left"": null, ""right"": null, ""top_left"": 2893, ""top_right"": null, ""bottom_left"": null, ""bottom_right"": null}","{""above"": null, ""below"": null, ""left"": null, ""right"": null, ""top_left"": null, ""top_right"": null, ""bottom_left"": null, ""bottom_right"": null}","{'oven': 0.3425, 'microwave': 0.2827, 'stove': 0.3369, 'dish drying rack': 0.5878}","{'oven': 324.12, 'microwave': 331.51, 'stove': 356.55, 'dish drying rack': 314.04}",[],cabinet door,{},"Container id 3, is a ""cabinet door"" nan the countertop."
2895,4,images/kitchen/6_segmented_sun_advwcwduhfypopki.jpg,"[[1061, 1545], [1040, 2106], [1113, 2221], [1139, 1588]]",drawer,0.458,,,6.828,676.0,99.0,"{""above"": 2896, ""below"": null, ""left"": null, ""right"": null, ""top_left"": null, ""top_right"": null, ""bottom_left"": null, ""bottom_right"": null}","{""above"": null, ""below"": null, ""left"": null, ""right"": ""stove"", ""top_left"": null, ""top_right"": ""microwave"", ""bottom_left"": null, ""bottom_right"": null}","{'oven': 0.149, 'microwave': 0.0774, 'stove': 0.115, 'dish drying rack': 0.4048}","{'oven': 289.26, 'microwave': 285.04, 'stove': 20.27, 'dish drying rack': 296.44}",[],drawer,"{'oven': 2, 'microwave': 2, 'stove': 1}","Container id 4, is a ""drawer"" nan the countertop. Additionally, it is the 2nd closest to the oven, the 2nd closest to the microwave, and the closest to the stove."
2896,5,images/kitchen/6_segmented_sun_advwcwduhfypopki.jpg,"[[1062, 1406], [1057, 1536], [1133, 1574], [1121, 1534], [1155, 1455], [1138, 1432]]",cabinet door,0.428,,,1.714,168.0,98.0,"{""above"": null, ""below"": null, ""left"": null, ""right"": null, ""top_left"": null, ""top_right"": null, ""bottom_left"": null, ""bottom_right"": null}","{""above"": null, ""below"": ""microwave"", ""left"": null, ""right"": null, ""top_left"": null, ""top_right"": null, ""bottom_left"": null, ""bottom_right"": null}","{'oven': 0.048, 'microwave': 0.0445, 'stove': 0.1867, 'dish drying rack': 0.3001}","{'oven': 331.02, 'microwave': 73.07, 'stove': 57.33, 'dish drying rack': 305.24}",[],cabinet door,"{'oven': 1, 'microwave': 1, 'stove': 2}","Container id 5, is a ""cabinet door"" nan the countertop. Additionally, it is the closest to the oven, the closest to the microwave, and the 2nd closest to the stove."
2897,6,images/kitchen/6_segmented_sun_advwcwduhfypopki.jpg,"[[1917, 0], [1787, 12], [1782, 442], [1917, 424]]",drawer,0.307,,,3.274,442.0,135.0,"{""above"": null, ""below"": null, ""left"": 2892, ""right"": null, ""top_left"": null, ""top_right"": null, ""bottom_left"": null, ""bottom_right"": null}","{""above"": null, ""below"": null, ""left"": null, ""right"": null, ""top_left"": null, ""top_right"": null, ""bottom_left"": ""dish drying rack"", ""bottom_right"": null}","{'oven': 0.4187, 'microwave': 0.4907, 'stove': 0.5692, 'dish drying rack': 0.1625}","{'oven': 116.85, 'microwave': 116.4, 'stove': 103.24, 'dish drying rack': 110.93}",[],drawer,{'dish drying rack': 2},"Container id 6, is a ""drawer"" nan the countertop. Additionally, it is the 2nd closest to the dish drying rack."
3237,1,images/kitchen/8_segmented_sun_ayeksgxvkxbdgqil.jpg,"[[222, 31], [184, 37], [185, 112], [221, 113]]",cabinet door,0.468,"[[0, 145], [225, 145], [225, 300], [0, 300]]",above,2.158,82.0,38.0,"{""above"": null, ""below"": null, ""left"": 3243, ""right"": null, ""top_left"": null, ""top_right"": null, ""bottom_left"": null, ""bottom_right"": null}","{""above"": null, ""below"": ""oven"", ""left"": null, ""right"": null, ""top_left"": null, ""top_right"": null, ""bottom_left"": null, ""bottom_right"": null}","{'refrigerator': 0.4558, 'oven': 0.1996, 'stove': 0.3846, 'electronic kettle': 0.2529, 'sink': 0.357, 'microwave': 0.3537, 'toaster': 0.3438}","{'refrigerator': 155.06, 'oven': 95.21, 'stove': 118.92, 'electronic kettle': 128.47, 'sink': 122.03, 'microwave': 148.02, 'toaster': 148.67}",[],cabinet door,{'oven': 2},"Container id 1, is a ""cabinet door"" above the countertop. Additionally, it is the 2nd closest to the oven."
3238,2,images/kitchen/8_segmented_sun_ayeksgxvkxbdgqil.jpg,"[[73, 47], [72, 87], [91, 87], [92, 48]]",cabinet door,0.417,"[[0, 145], [225, 145], [225, 300], [0, 300]]",above,2.0,40.0,20.0,"{""above"": null, ""below"": null, ""left"": null, ""right"": 3240, ""top_left"": null, ""top_right"": null, ""bottom_left"": null, ""bottom_right"": null}","{""above"": null, ""below"": null, ""left"": null, ""right"": null, ""top_left"": null, ""top_right"": null, ""bottom_left"": null, ""bottom_right"": null}","{'refrigerator': 0.2271, 'oven': 0.3727, 'stove': 0.3782, 'electronic kettle': 0.2704, 'sink': 0.3454, 'microwave': 0.2046, 'toaster': 0.1969}","{'refrigerator': 113.53, 'oven': 35.2, 'stove': 68.82, 'electronic kettle': 52.31, 'sink': 67.3, 'microwave': 83.64, 'toaster': 81.54}",[],cabinet door,"{'refrigerator': 2, 'microwave': 2, 'toaster': 2}","Container id 2, is a ""cabinet door"" above the countertop. Additionally, it is the 2nd closest to the refrigerator, the 2nd closest to the microwave, and the 2nd closest to the toaster."
3239,3,images/kitchen/8_segmented_sun_ayeksgxvkxbdgqil.jpg,"[[118, 45]]",cabinet door,0.432,"[[0, 145], [225, 145], [225, 300], [0, 300]]",above,0.0,0.0,0.0,"{""above"": null, ""below"": null, ""left"": null, ""right"": null, ""top_left"": null, ""top_right"": null, ""bottom_left"": null, ""bottom_right"": null}","{""above"": null, ""below"": null, ""left"": null, ""right"": null, ""top_left"": null, ""top_right"": null, ""bottom_left"": null, ""bottom_right"": null}","{'refrigerator': 0.3262, 'oven': 0.3444, 'stove': 0.414, 'electronic kettle': 0.282, 'sink': 0.3798, 'microwave': 0.2727, 'toaster': 0.2628}","{'refrigerator': 124.9, 'oven': 52.74, 'stove': 84.36, 'electronic kettle': 75.77, 'sink': 84.36, 'microwave': 105.6, 'toaster': 104.78}",[],cabinet door,{},"Container id 3, is a ""cabinet door"" above the countertop."
3240,4,images/kitchen/8_segmented_sun_ayeksgxvkxbdgqil.jpg,"[[96, 44], [94, 86], [119, 87], [118, 47], [114, 43]]",cabinet door,0.371,"[[0, 145], [225, 145], [225, 300], [0, 300]]",above,1.76,44.0,25.0,"{""above"": null, ""below"": null, ""left"": 3238, ""right"": null, ""top_left"": null, ""top_right"": null, ""bottom_left"": null, ""bottom_right"": null}","{""above"": null, ""below"": null, ""left"": null, ""right"": null, ""top_left"": null, ""top_right"": null, ""bottom_left"": null, ""bottom_right"": null}","{'refrigerator': 0.2754, 'oven': 0.3289, 'stove': 0.3743, 'electronic kettle': 0.2487, 'sink': 0.3402, 'microwave': 0.224, 'toaster': 0.2143}","{'refrigerator': 125.65, 'oven': 44.47, 'stove': 79.72, 'electronic kettle': 67.42, 'sink': 79.25, 'microwave': 102.17, 'toaster': 101.01}",[],cabinet door,{},"Container id 4, is a ""cabinet door"" above the countertop."
3241,5,images/kitchen/8_segmented_sun_ayeksgxvkxbdgqil.jpg,"[[81, 153], [80, 216], [101, 222], [99, 155]]",cabinet door,0.368,"[[0, 145], [225, 145], [225, 300], [0, 300]]",below,3.286,69.0,21.0,"{""above"": null, ""below"": null, ""left"": null, ""right"": null, ""top_left"": null, ""top_right"": null, ""bottom_left"": null, ""bottom_right"": null}","{""above"": ""microwave"", ""below"": null, ""left"": null, ""right"": ""sink"", ""top_left"": ""refrigerator"", ""top_right"": ""electronic kettle"", ""bottom_left"": null, ""bottom_right"": null}","{'refrigerator': 0.1573, 'oven': 0.3008, 'stove': 0.1198, 'electronic kettle': 0.1771, 'sink': 0.1113, 'microwave': 0.1147, 'toaster': 0.1234}","{'refrigerator': 224.26, 'oven': 339.93, 'stove': 16.82, 'electronic kettle': 324.04, 'sink': 0.34, 'microwave': 270.33, 'toaster': 273.23}",[],cabinet door,"{'refrigerator': 1, 'stove': 1, 'electronic kettle': 1, 'sink': 1, 'microwave': 1, 'toaster': 1}","Container id 5, is a ""cabinet door"" below the countertop. Additionally, it is the closest to the refrigerator, the closest to the stove, the closest to the electronic kettle, the closest to the sink, the closest to the microwave, and the closest to the toaster."
3242,6,images/kitchen/8_segmented_sun_ayeksgxvkxbdgqil.jpg,"[[145, 60]]",cabinet door,0.311,"[[0, 145], [225, 145], [225, 300], [0, 300]]",above,0.0,0.0,0.0,"{""above"": null, ""below"": null, ""left"": null, ""right"": null, ""top_left"": null, ""top_right"": null, ""bottom_left"": null, ""bottom_right"": null}","{""above"": null, ""below"": null, ""left"": null, ""right"": null, ""top_left"": null, ""top_right"": null, ""bottom_left"": null, ""bottom_right"": null}","{'refrigerator': 0.3445, 'oven': 0.271, 'stove': 0.3733, 'electronic kettle': 0.2333, 'sink': 0.3398, 'microwave': 0.2659, 'toaster': 0.2553}","{'refrigerator': 138.66, 'oven': 59.75, 'stove': 94.81, 'electronic kettle': 90.65, 'sink': 95.86, 'microwave': 123.13, 'toaster': 123.0}",[],cabinet door,{},"Container id 6, is a ""cabinet door"" above the countertop."
3243,7,images/kitchen/8_segmented_sun_ayeksgxvkxbdgqil.jpg,"[[182, 37], [145, 39], [148, 87], [182, 87]]",cabinet door,0.36,"[[0, 145], [225, 145], [225, 300], [0, 300]]",above,1.351,50.0,37.0,"{""above"": null, ""below"": null, ""left"": null, ""right"": 3237, ""top_left"": null, ""top_right"": null, ""bottom_left"": null, ""bottom_right"": null}","{""above"": null, ""below"": null, ""left"": null, ""right"": null, ""top_left"": null, ""top_right"": null, ""bottom_left"": null, ""bottom_right"": null}","{'refrigerator': 0.3806, 'oven': 0.2429, 'stove': 0.3746, 'electronic kettle': 0.233, 'sink': 0.3423, 'microwave': 0.2921, 'toaster': 0.2816}","{'refrigerator': 144.53, 'oven': 69.47, 'stove': 102.75, 'electronic kettle': 103.4, 'sink': 104.55, 'microwave': 132.32, 'toaster': 132.55}",[],cabinet door,{},"Container id 7, is a ""cabinet door"" above the countertop."
3244,8,images/kitchen/8_segmented_sun_ayeksgxvkxbdgqil.jpg,"[[168, 166], [166, 238], [203, 253], [198, 249], [204, 173]]",cabinet door,0.308,"[[0, 145], [225, 145], [225, 300], [0, 300]]",below,2.289,87.0,38.0,"{""above"": null, ""below"": null, ""left"": null, ""right"": null, ""top_left"": null, ""top_right"": null, ""bottom_left"": null, ""bottom_right"": null}","{""above"": ""oven"", ""below"": null, ""left"": ""stove"", ""right"": null, ""top_left"": ""electronic kettle"", ""top_right"": null, ""bottom_left"": null, ""bottom_right"": null}","{'refrigerator': 0.4175, 'oven': 0.1827, 'stove': 0.1518, 'electronic kettle': 0.2164, 'sink': 0.1678, 'microwave': 0.3233, 'toaster': 0.3235}","{'refrigerator': 206.75, 'oven': 277.04, 'stove': 196.64, 'electronic kettle': 237.33, 'sink': 207.5, 'microwave': 216.61, 'toaster': 218.5}",[],cabinet door,"{'oven': 1, 'stove': 2, 'electronic kettle': 2, 'sink': 2}","Container id 8, is a ""cabinet door"" below the countertop. Additionally, it is the closest to the oven, the 2nd closest to the stove, the 2nd closest to the electronic kettle, and the 2nd closest to the sink."
3699,1,images/kitchen/11_segmented_sun_awmwrrktzbyokpcr.jpg,"[[394, 407], [399, 452], [543, 448], [539, 405]]",drawer,0.432,"[[0, 477], [1028, 477], [1028, 772], [0, 772]]",above,0.315,47.0,149.0,"{""above"": null, ""below"": null, ""left"": null, ""right"": null, ""top_left"": null, ""top_right"": null, ""bottom_left"": null, ""bottom_right"": null}","{""above"": null, ""below"": null, ""left"": null, ""right"": null, ""top_left"": null, ""top_right"": null, ""bottom_left"": null, ""bottom_right"": null}","{'refrigerator': 0.3977, 'oven': 0.3537, 'stove': 0.1735, 'dish': 0.231}","{'refrigerator': 5.72, 'oven': 344.79, 'stove': 327.68, 'dish': 89.57}",[],drawer,"{'stove': 1, 'dish': 1}","Container id 1, is a ""drawer"" above the countertop. Additionally, it is the closest to the stove, and the closest to the dish."
3700,2,images/kitchen/11_segmented_sun_awmwrrktzbyokpcr.jpg,"[[367, 4], [374, 147], [536, 136], [532, 0]]",cabinet door,0.435,"[[0, 477], [1028, 477], [1028, 772], [0, 772]]",above,0.87,147.0,169.0,"{""above"": null, ""below"": null, ""left"": 3704, ""right"": 3701, ""top_left"": null, ""top_right"": null, ""bottom_left"": null, ""bottom_right"": null}","{""above"": null, ""below"": null, ""left"": null, ""right"": null, ""top_left"": null, ""top_right"": null, ""bottom_left"": null, ""bottom_right"": ""stove""}","{'refrigerator': 0.517, 'oven': 0.3992, 'stove': 0.2437, 'dish': 0.5083}","{'refrigerator': 37.79, 'oven': 27.5, 'stove': 49.14, 'dish': 88.36}",[],cabinet door,{'dish': 2},"Container id 2, is a ""cabinet door"" above the countertop. Additionally, it is the 2nd closest to the dish."
3701,3,images/kitchen/11_segmented_sun_awmwrrktzbyokpcr.jpg,"[[544, 3], [551, 145], [760, 134], [756, 0]]",cabinet door,0.396,"[[0, 477], [1028, 477], [1028, 772], [0, 772]]",above,0.671,145.0,216.0,"{""above"": null, ""below"": null, ""left"": 3700, ""right"": 3708, ""top_left"": null, ""top_right"": null, ""bottom_left"": null, ""bottom_right"": null}","{""above"": null, ""below"": ""stove"", ""left"": null, ""right"": null, ""top_left"": null, ""top_right"": null, ""bottom_left"": null, ""bottom_right"": ""oven""}","{'refrigerator': 0.4059, 'oven': 0.2713, 'stove': 0.1854, 'dish': 0.5284}","{'refrigerator': 51.52, 'oven': 43.08, 'stove': 88.92, 'dish': 105.52}",[],cabinet door,{'stove': 2},"Container id 3, is a ""cabinet door"" above the countertop. Additionally, it is the 2nd closest to the stove."
3702,4,images/kitchen/11_segmented_sun_awmwrrktzbyokpcr.jpg,"[[14, 0], [24, 138], [149, 142], [140, 0]]",cabinet door,0.403,"[[0, 477], [1028, 477], [1028, 772], [0, 772]]",above,1.052,142.0,135.0,"{""above"": null, ""below"": null, ""left"": null, ""right"": 3705, ""top_left"": null, ""top_right"": null, ""bottom_left"": null, ""bottom_right"": null}","{""above"": null, ""below"": null, ""left"": null, ""right"": null, ""top_left"": null, ""top_right"": null, ""bottom_left"": null, ""bottom_right"": null}","{'refrigerator': 0.766, 'oven': 0.6686, 'stove': 0.4846, 'dish': 0.5927}","{'refrigerator': 24.54, 'oven': 16.13, 'stove': 22.53, 'dish': 59.28}",[],cabinet door,{},"Container id 4, is a ""cabinet door"" above the countertop."
3703,5,images/kitchen/11_segmented_sun_awmwrrktzbyokpcr.jpg,"[[147, 0], [158, 144], [363, 146], [354, 4]]",cabinet door,0.342,"[[0, 477], [1028, 477], [1028, 772], [0, 772]]",above,0.676,146.0,216.0,"{""above"": null, ""below"": null, ""left"": 3705, ""right"": 3704, ""top_left"": null, ""top_right"": null, ""bottom_left"": null, ""bottom_right"": null}","{""above"": null, ""below"": null, ""left"": null, ""right"": null, ""top_left"": null, ""top_right"": null, ""bottom_left"": null, ""bottom_right"": null}","{'refrigerator': 0.6441, 'oven': 0.5392, 'stove': 0.3621, 'dish': 0.5338}","{'refrigerator': 29.32, 'oven': 19.84, 'stove': 30.35, 'dish': 71.7}",[],cabinet door,{},"Container id 5, is a ""cabinet door"" above the countertop."
3704,6,images/kitchen/11_segmented_sun_awmwrrktzbyokpcr.jpg,"[[261, 0], [268, 144], [363, 147], [357, 4]]",cabinet door,0.314,"[[0, 477], [1028, 477], [1028, 772], [0, 772]]",above,1.441,147.0,102.0,"{""above"": null, ""below"": null, ""left"": 3703, ""right"": 3700, ""top_left"": null, ""top_right"": null, ""bottom_left"": null, ""bottom_right"": null}","{""above"": null, ""below"": null, ""left"": null, ""right"": null, ""top_left"": null, ""top_right"": null, ""bottom_left"": null, ""bottom_right"": null}","{'refrigerator': 0.6059, 'oven': 0.4978, 'stove': 0.3247, 'dish': 0.5214}","{'refrigerator': 31.35, 'oven': 21.54, 'stove': 34.26, 'dish': 76.3}",[],cabinet door,{},"Container id 6, is a ""cabinet door"" above the countertop."
3705,7,images/kitchen/11_segmented_sun_awmwrrktzbyokpcr.jpg,"[[148, 0], [157, 143], [263, 145], [257, 0]]",cabinet door,0.325,"[[0, 477], [1028, 477], [1028, 772], [0, 772]]",above,1.261,145.0,115.0,"{""above"": null, ""below"": null, ""left"": 3702, ""right"": 3703, ""top_left"": null, ""top_right"": null, ""bottom_left"": null, ""bottom_right"": null}","{""above"": null, ""below"": null, ""left"": null, ""right"": null, ""top_left"": null, ""top_right"": null, ""bottom_left"": null, ""bottom_right"": null}","{'refrigerator': 0.6783, 'oven': 0.5757, 'stove': 0.3962, 'dish': 0.5481}","{'refrigerator': 27.82, 'oven': 18.66, 'stove': 27.7, 'dish': 67.93}",[],cabinet door,{},"Container id 7, is a ""cabinet door"" above the countertop."
3706,8,images/kitchen/11_segmented_sun_awmwrrktzbyokpcr.jpg,"[[784, 0], [786, 133], [916, 128], [902, 111], [917, 84], [916, 0]]",cabinet door,0.315,"[[0, 477], [1028, 477], [1028, 772], [0, 772]]",above,1.0,133.0,133.0,"{""above"": null, ""below"": null, ""left"": 3708, ""right"": 3707, ""top_left"": null, ""top_right"": null, ""bottom_left"": null, ""bottom_right"": null}","{""above"": null, ""below"": ""oven"", ""left"": null, ""right"": null, ""top_left"": null, ""top_right"": null, ""bottom_left"": null, ""bottom_right"": null}","{'refrigerator': 0.3244, 'oven': 0.1834, 'stove': 0.2454, 'dish': 0.5927}","{'refrigerator': 75.09, 'oven': 80.89, 'stove': 132.45, 'dish': 121.59}",[],cabinet door,"{'refrigerator': 2, 'oven': 1}","Container id 8, is a ""cabinet door"" above the countertop. Additionally, it is the 2nd closest to the refrigerator, and the closest to the oven."
3707,9,images/kitchen/11_segmented_sun_awmwrrktzbyokpcr.jpg,"[[784, 0], [787, 133], [1022, 124], [1017, 0]]",cabinet door,0.344,"[[0, 477], [1028, 477], [1028, 772], [0, 772]]",above,0.559,133.0,238.0,"{""above"": null, ""below"": null, ""left"": 3706, ""right"": 3709, ""top_left"": null, ""top_right"": null, ""bottom_left"": null, ""bottom_right"": null}","{""above"": null, ""below"": ""oven"", ""left"": null, ""right"": null, ""top_left"": null, ""top_right"": null, ""bottom_left"": ""stove"", ""bottom_right"": null}","{'refrigerator': 0.3278, 'oven': 0.1902, 'stove': 0.2694, 'dish': 0.6139}","{'refrigerator': 79.75, 'oven': 88.83, 'stove': 135.09, 'dish': 123.15}",[],cabinet door,{'oven': 2},"Container id 9, is a ""cabinet door"" above the countertop. Additionally, it is the 2nd closest to the oven."
3708,10,images/kitchen/11_segmented_sun_awmwrrktzbyokpcr.jpg,"[[651, 0], [654, 138], [760, 134], [756, 0]]",cabinet door,0.301,"[[0, 477], [1028, 477], [1028, 772], [0, 772]]",above,1.266,138.0,109.0,"{""above"": null, ""below"": null, ""left"": 3701, ""right"": 3706, ""top_left"": null, ""top_right"": null, ""bottom_left"": null, ""bottom_right"": null}","{""above"": null, ""below"": ""stove"", ""left"": null, ""right"": null, ""top_left"": null, ""top_right"": null, ""bottom_left"": null, ""bottom_right"": null}","{'refrigerator': 0.3835, 'oven': 0.2446, 'stove': 0.191, 'dish': 0.5426}","{'refrigerator': 56.48, 'oven': 49.97, 'stove': 101.28, 'dish': 109.62}",[],cabinet door,{},"Container id 10, is a ""cabinet door"" above the countertop."
3709,11,images/kitchen/11_segmented_sun_awmwrrktzbyokpcr.jpg,"[[920, 0], [920, 129], [1022, 125], [1021, 2]]",cabinet door,0.308,"[[0, 477], [1028, 477], [1028, 772], [0, 772]]",above,1.265,129.0,102.0,"{""above"": null, ""below"": null, ""left"": 3707, ""right"": null, ""top_left"": null, ""top_right"": null, ""bottom_left"": null, ""bottom_right"": null}","{""above"": null, ""below"": null, ""left"": null, ""right"": null, ""top_left"": null, ""top_right"": null, ""bottom_left"": null, ""bottom_right"": null}","{'refrigerator': 0.3228, 'oven': 0.1966, 'stove': 0.3094, 'dish': 0.6446}","{'refrigerator': 89.07, 'oven': 104.49, 'stove': 142.02, 'dish': 127.09}",[],cabinet door,{'refrigerator': 1},"Container id 11, is a ""cabinet door"" above the countertop. Additionally, it is the closest to the refrigerator."
4185,1,images/kitchen/8_segmented_sun_amvpxkryxaldzmdv.jpg,"[[151, 197], [147, 255], [175, 255], [178, 205]]",cabinet door,0.354,"[[0, 157], [256, 157], [256, 256], [0, 256]]",below,1.871,58.0,31.0,"{""above"": null, ""below"": null, ""left"": 4187, ""right"": null, ""top_left"": null, ""top_right"": null, ""bottom_left"": null, ""bottom_right"": null}","{""above"": null, ""below"": null, ""left"": null, ""right"": null, ""top_left"": null, ""top_right"": ""refrigerator"", ""bottom_left"": null, ""bottom_right"": null}","{'refrigerator': 0.1152, 'microwave': 0.1251, 'oven': 0.1678, 'stove': 0.2755, 'coffee machine': 0.3666, 'electronic kettle': 0.3181, 'dish rack': 0.3788}","{'refrigerator': 297.49, 'microwave': 296.09, 'oven': 310.59, 'stove': 231.21, 'coffee machine': 189.21, 'electronic kettle': 213.76, 'dish rack': 210.29}",[],cabinet door,"{'refrigerator': 1, 'microwave': 1, 'oven': 1}","Container id 1, is a ""cabinet door"" below the countertop. Additionally, it is the closest to the refrigerator, the closest to the microwave, and the closest to the oven."
4186,2,images/kitchen/8_segmented_sun_amvpxkryxaldzmdv.jpg,"[[177, 51], [159, 55], [156, 110], [175, 111]]",cabinet door,0.322,"[[0, 157], [256, 157], [256, 256], [0, 256]]",above,2.857,60.0,21.0,"{""above"": null, ""below"": null, ""left"": 4192, ""right"": 4190, ""top_left"": null, ""top_right"": null, ""bottom_left"": null, ""bottom_right"": null}","{""above"": null, ""below"": null, ""left"": null, ""right"": null, ""top_left"": null, ""top_right"": null, ""bottom_left"": null, ""bottom_right"": null}","{'refrigerator': 0.3047, 'microwave': 0.2949, 'oven': 0.2934, 'stove': 0.2637, 'coffee machine': 0.5082, 'electronic kettle': 0.3571, 'dish rack': 0.3996}","{'refrigerator': 82.05, 'microwave': 81.43, 'oven': 70.46, 'stove': 134.15, 'coffee machine': 137.2, 'electronic kettle': 140.49, 'dish rack': 147.8}",[],cabinet door,{},"Container id 2, is a ""cabinet door"" above the countertop."
4187,3,images/kitchen/8_segmented_sun_amvpxkryxaldzmdv.jpg,"[[132, 190], [128, 244], [145, 253], [149, 196]]",cabinet door,0.343,"[[0, 157], [256, 157], [256, 256], [0, 256]]",below,3.0,63.0,21.0,"{""above"": null, ""below"": null, ""left"": 4189, ""right"": 4185, ""top_left"": null, ""top_right"": null, ""bottom_left"": null, ""bottom_right"": null}","{""above"": null, ""below"": null, ""left"": null, ""right"": null, ""top_left"": ""stove"", ""top_right"": ""oven"", ""bottom_left"": null, ""bottom_right"": null}","{'refrigerator': 0.1456, 'microwave': 0.153, 'oven': 0.2064, 'stove': 0.2215, 'coffee machine': 0.2974, 'electronic kettle': 0.2521, 'dish rack': 0.3113}","{'refrigerator': 325.63, 'microwave': 322.89, 'oven': 328.63, 'stove': 241.52, 'coffee machine': 187.47, 'electronic kettle': 218.44, 'dish rack': 213.33}",[],cabinet door,"{'refrigerator': 2, 'microwave': 2, 'oven': 2}","Container id 3, is a ""cabinet door"" below the countertop. Additionally, it is the 2nd closest to the refrigerator, the 2nd closest to the microwave, and the 2nd closest to the oven."
4188,4,images/kitchen/8_segmented_sun_amvpxkryxaldzmdv.jpg,"[[122, 51], [119, 107], [139, 108], [142, 55]]",cabinet door,0.317,"[[0, 157], [256, 157], [256, 256], [0, 256]]",above,2.478,57.0,23.0,"{""above"": null, ""below"": null, ""left"": null, ""right"": 4192, ""top_left"": null, ""top_right"": null, ""bottom_left"": null, ""bottom_right"": null}","{""above"": null, ""below"": null, ""left"": null, ""right"": null, ""top_left"": null, ""top_right"": null, ""bottom_left"": null, ""bottom_right"": null}","{'refrigerator': 0.3374, 'microwave': 0.329, 'oven': 0.3436, 'stove': 0.2106, 'coffee machine': 0.4433, 'electronic kettle': 0.2903, 'dish rack': 0.3221}","{'refrigerator': 65.06, 'microwave': 64.03, 'oven': 54.76, 'stove': 113.37, 'coffee machine': 127.98, 'electronic kettle': 127.17, 'dish rack': 137.64}",[],cabinet door,{},"Container id 4, is a ""cabinet door"" above the countertop."
4189,5,images/kitchen/8_segmented_sun_amvpxkryxaldzmdv.jpg,"[[124, 190], [85, 193], [85, 250], [121, 244]]",cabinet door,0.317,"[[0, 157], [256, 157], [256, 256], [0, 256]]",below,1.538,60.0,39.0,"{""above"": null, ""below"": null, ""left"": null, ""right"": 4187, ""top_left"": 4191, ""top_right"": null, ""bottom_left"": null, ""bottom_right"": null}","{""above"": ""stove"", ""below"": null, ""left"": ""coffee machine"", ""right"": null, ""top_left"": null, ""top_right"": null, ""bottom_left"": null, ""bottom_right"": null}","{'refrigerator': 0.2298, 'microwave': 0.2351, 'oven': 0.2911, 'stove': 0.1908, 'coffee machine': 0.2018, 'electronic kettle': 0.1833, 'dish rack': 0.2341}","{'refrigerator': 340.15, 'microwave': 337.98, 'oven': 339.22, 'stove': 267.1, 'coffee machine': 189.85, 'electronic kettle': 236.37, 'dish rack': 225.48}",[],cabinet door,"{'stove': 2, 'coffee machine': 2, 'electronic kettle': 2, 'dish rack': 2}","Container id 5, is a ""cabinet door"" below the countertop. Additionally, it is the 2nd closest to the stove, the 2nd closest to the coffee machine, the 2nd closest to the electronic kettle, and the 2nd closest to the dish rack."
4190,6,images/kitchen/8_segmented_sun_amvpxkryxaldzmdv.jpg,"[[210, 45], [181, 51], [178, 111], [185, 110], [188, 90], [208, 88]]",cabinet door,0.301,"[[0, 157], [256, 157], [256, 256], [0, 256]]",above,2.062,66.0,32.0,"{""above"": null, ""below"": null, ""left"": 4186, ""right"": null, ""top_left"": null, ""top_right"": null, ""bottom_left"": null, ""bottom_right"": null}","{""above"": null, ""below"": null, ""left"": null, ""right"": null, ""top_left"": null, ""top_right"": null, ""bottom_left"": null, ""bottom_right"": null}","{'refrigerator': 0.3009, 'microwave': 0.2906, 'oven': 0.276, 'stove': 0.3143, 'coffee machine': 0.5594, 'electronic kettle': 0.4114, 'dish rack': 0.4583}","{'refrigerator': 95.09, 'microwave': 94.91, 'oven': 83.9, 'stove': 143.46, 'coffee machine': 142.15, 'electronic kettle': 146.83, 'dish rack': 152.61}",[],cabinet door,{},"Container id 6, is a ""cabinet door"" above the countertop."
4191,7,images/kitchen/8_segmented_sun_amvpxkryxaldzmdv.jpg,"[[65, 174], [63, 251], [121, 244], [125, 174]]",drawer,0.386,"[[0, 157], [256, 157], [256, 256], [0, 256]]",below,1.242,77.0,62.0,"{""above"": null, ""below"": null, ""left"": null, ""right"": 4187, ""top_left"": null, ""top_right"": null, ""bottom_left"": null, ""bottom_right"": 4189}","{""above"": ""electronic kettle"", ""below"": null, ""left"": ""coffee machine"", ""right"": null, ""top_left"": ""dish rack"", ""top_right"": null, ""bottom_left"": null, ""bottom_right"": null}","{'refrigerator': 0.2505, 'microwave': 0.2546, 'oven': 0.3109, 'stove': 0.1681, 'coffee machine': 0.1709, 'electronic kettle': 0.1484, 'dish rack': 0.1975}","{'refrigerator': 347.42, 'microwave': 345.29, 'oven': 345.13, 'stove': 276.37, 'coffee machine': 183.71, 'electronic kettle': 240.45, 'dish rack': 226.56}",[],drawer,"{'stove': 1, 'coffee machine': 1, 'electronic kettle': 1, 'dish rack': 1}","Container id 7, is a ""drawer"" below the countertop. Additionally, it is the closest to the stove, the closest to the coffee machine, the closest to the electronic kettle, and the closest to the dish rack."
4192,8,images/kitchen/8_segmented_sun_amvpxkryxaldzmdv.jpg,"[[147, 54], [143, 58], [141, 108], [154, 110], [158, 54]]",cabinet door,0.304,"[[0, 157], [256, 157], [256, 256], [0, 256]]",above,3.294,56.0,17.0,"{""above"": null, ""below"": null, ""left"": 4188, ""right"": 4186, ""top_left"": null, ""top_right"": null, ""bottom_left"": null, ""bottom_right"": null}","{""above"": null, ""below"": null, ""left"": null, ""right"": null, ""top_left"": null, ""top_right"": null, ""bottom_left"": null, ""bottom_right"": null}","{'refrigerator': 0.3287, 'microwave': 0.3195, 'oven': 0.3259, 'stove': 0.2429, 'coffee machine': 0.4827, 'electronic kettle': 0.3299, 'dish rack': 0.3664}","{'refrigerator': 73.7, 'microwave': 72.87, 'oven': 62.93, 'stove': 123.36, 'coffee machine': 131.96, 'electronic kettle': 133.1, 'dish rack': 141.81}",[],cabinet door,{},"Container id 8, is a ""cabinet door"" above the countertop."
4286,1,images/kitchen/13_segmented_sun_aehkkaenyyjnewst.jpg,"[[720, 35], [708, 442], [871, 449], [884, 40]]",cabinet door,0.529,"[[0, 579], [1600, 579], [1600, 1050], [0, 1050]]",above,2.352,414.0,176.0,"{""above"": null, ""below"": null, ""left"": 4288, ""right"": 4293, ""top_left"": null, ""top_right"": null, ""bottom_left"": null, ""bottom_right"": null}","{""above"": null, ""below"": ""refrigerator"", ""left"": null, ""right"": null, ""top_left"": null, ""top_right"": null, ""bottom_left"": null, ""bottom_right"": null}","{'stove': 0.3341, 'refrigerator': 0.199, 'sink': 0.2093, 'oven': 0.3442}","{'stove': 138.55, 'refrigerator': 92.34, 'sink': 94.08, 'oven': 138.51}",[],cabinet door,{},"Container id 1, is a ""cabinet door"" above the countertop."
4287,2,images/kitchen/13_segmented_sun_aehkkaenyyjnewst.jpg,"[[355, 31], [344, 436], [504, 441], [514, 35]]",cabinet door,0.53,"[[0, 579], [1600, 579], [1600, 1050], [0, 1050]]",above,2.412,410.0,170.0,"{""above"": null, ""below"": null, ""left"": 4294, ""right"": 4288, ""top_left"": null, ""top_right"": null, ""bottom_left"": null, ""bottom_right"": null}","{""above"": null, ""below"": null, ""left"": null, ""right"": null, ""top_left"": null, ""top_right"": null, ""bottom_left"": ""oven"", ""bottom_right"": null}","{'stove': 0.2318, 'refrigerator': 0.2727, 'sink': 0.2757, 'oven': 0.2403}","{'stove': 104.73, 'refrigerator': 47.75, 'sink': 50.17, 'oven': 106.02}",[],cabinet door,{},"Container id 2, is a ""cabinet door"" above the countertop."
4288,3,images/kitchen/13_segmented_sun_aehkkaenyyjnewst.jpg,"[[535, 33], [525, 437], [687, 444], [698, 35]]",cabinet door,0.53,"[[0, 579], [1600, 579], [1600, 1050], [0, 1050]]",above,2.376,411.0,173.0,"{""above"": null, ""below"": null, ""left"": 4287, ""right"": 4286, ""top_left"": null, ""top_right"": null, ""bottom_left"": null, ""bottom_right"": null}","{""above"": null, ""below"": null, ""left"": null, ""right"": null, ""top_left"": null, ""top_right"": null, ""bottom_left"": ""oven"", ""bottom_right"": ""refrigerator""}","{'stove': 0.2713, 'refrigerator': 0.2196, 'sink': 0.2262, 'oven': 0.2812}","{'stove': 124.59, 'refrigerator': 66.3, 'sink': 68.87, 'oven': 125.04}",[],cabinet door,{},"Container id 3, is a ""cabinet door"" above the countertop."
4289,4,images/kitchen/13_segmented_sun_aehkkaenyyjnewst.jpg,"[[439, 753], [432, 994], [533, 1002], [542, 760]]",cabinet door,0.479,"[[0, 579], [1600, 579], [1600, 1050], [0, 1050]]",below,2.264,249.0,110.0,"{""above"": 4292, ""below"": null, ""left"": null, ""right"": 4296, ""top_left"": null, ""top_right"": null, ""bottom_left"": null, ""bottom_right"": null}","{""above"": null, ""below"": null, ""left"": null, ""right"": null, ""top_left"": ""refrigerator"", ""top_right"": null, ""bottom_left"": null, ""bottom_right"": null}","{'stove': 0.1422, 'refrigerator': 0.2033, 'sink': 0.1917, 'oven': 0.1418}","{'stove': 231.34, 'refrigerator': 319.02, 'sink': 319.92, 'oven': 227.28}",[],cabinet door,"{'stove': 2, 'oven': 2}","Container id 4, is a ""cabinet door"" below the countertop. Additionally, it is the 2nd closest to the stove, and the 2nd closest to the oven."
4290,5,images/kitchen/13_segmented_sun_aehkkaenyyjnewst.jpg,"[[227, 0], [221, 281], [322, 306], [333, 27]]",cabinet door,0.389,"[[0, 579], [1600, 579], [1600, 1050], [0, 1050]]",above,2.732,306.0,112.0,"{""above"": null, ""below"": null, ""left"": 4298, ""right"": 4294, ""top_left"": null, ""top_right"": null, ""bottom_left"": null, ""bottom_right"": null}","{""above"": null, ""below"": null, ""left"": null, ""right"": null, ""top_left"": null, ""top_right"": null, ""bottom_left"": null, ""bottom_right"": null}","{'stove': 0.268, 'refrigerator': 0.3598, 'sink': 0.3617, 'oven': 0.2743}","{'stove': 85.44, 'refrigerator': 42.89, 'sink': 44.77, 'oven': 87.1}",[],cabinet door,{},"Container id 5, is a ""cabinet door"" above the countertop."
4291,6,images/kitchen/13_segmented_sun_aehkkaenyyjnewst.jpg,"[[749, 763], [739, 1006], [915, 1015], [928, 769]]",cabinet door,0.439,"[[0, 579], [1600, 579], [1600, 1050], [0, 1050]]",below,1.333,252.0,189.0,"{""above"": null, ""below"": null, ""left"": 4296, ""right"": 4295, ""top_left"": null, ""top_right"": null, ""bottom_left"": null, ""bottom_right"": null}","{""above"": null, ""below"": null, ""left"": null, ""right"": null, ""top_left"": null, ""top_right"": null, ""bottom_left"": null, ""bottom_right"": null}","{'stove': 0.294, 'refrigerator': 0.1418, 'sink': 0.1337, 'oven': 0.2982}","{'stove': 203.41, 'refrigerator': 258.83, 'sink': 255.16, 'oven': 201.64}",[],cabinet door,"{'refrigerator': 1, 'sink': 1}","Container id 6, is a ""cabinet door"" below the countertop. Additionally, it is the closest to the refrigerator, and the closest to the sink."
4292,7,images/kitchen/13_segmented_sun_aehkkaenyyjnewst.jpg,"[[437, 683], [437, 737], [544, 739], [542, 683]]",drawer,0.463,"[[0, 579], [1600, 579], [1600, 1050], [0, 1050]]",below,0.523,56.0,107.0,"{""above"": null, ""below"": null, ""left"": null, ""right"": null, ""top_left"": null, ""top_right"": null, ""bottom_left"": null, ""bottom_right"": null}","{""above"": null, ""below"": null, ""left"": ""refrigerator"", ""right"": null, ""top_left"": null, ""top_right"": null, ""bottom_left"": null, ""bottom_right"": null}","{'stove': 0.0938, 'refrigerator': 0.1585, 'sink': 0.1494, 'oven': 0.0995}","{'stove': 194.77, 'refrigerator': 343.06, 'sink': 345.93, 'oven': 189.87}",[],drawer,"{'stove': 1, 'oven': 1}","Container id 7, is a ""drawer"" below the countertop. Additionally, it is the closest to the stove, and the closest to the oven."
4293,8,images/kitchen/13_segmented_sun_aehkkaenyyjnewst.jpg,"[[908, 33], [892, 441], [1056, 450], [1074, 39]]",cabinet door,0.553,"[[0, 579], [1600, 579], [1600, 1050], [0, 1050]]",above,2.291,417.0,182.0,"{""above"": null, ""below"": null, ""left"": 4286, ""right"": null, ""top_left"": null, ""top_right"": null, ""bottom_left"": null, ""bottom_right"": null}","{""above"": null, ""below"": null, ""left"": null, ""right"": null, ""top_left"": null, ""top_right"": null, ""bottom_left"": null, ""bottom_right"": null}","{'stove': 0.4125, 'refrigerator': 0.2256, 'sink': 0.2375, 'oven': 0.4225}","{'stove': 147.52, 'refrigerator': 117.95, 'sink': 118.27, 'oven': 147.27}",[],cabinet door,{},"Container id 8, is a ""cabinet door"" above the countertop."
4294,9,images/kitchen/13_segmented_sun_aehkkaenyyjnewst.jpg,"[[275, 0], [261, 285], [322, 305], [333, 28]]",cabinet door,0.337,"[[0, 579], [1600, 579], [1600, 1050], [0, 1050]]",above,4.236,305.0,72.0,"{""above"": null, ""below"": null, ""left"": 4290, ""right"": 4287, ""top_left"": null, ""top_right"": null, ""bottom_left"": null, ""bottom_right"": null}","{""above"": null, ""below"": null, ""left"": null, ""right"": null, ""top_left"": null, ""top_right"": null, ""bottom_left"": null, ""bottom_right"": null}","{'stove': 0.2668, 'refrigerator': 0.3511, 'sink': 0.3533, 'oven': 0.2735}","{'stove': 87.9, 'refrigerator': 44.1, 'sink': 46.02, 'oven': 89.5}",[],cabinet door,{},"Container id 9, is a ""cabinet door"" above the countertop."
4295,10,images/kitchen/13_segmented_sun_aehkkaenyyjnewst.jpg,"[[954, 764], [939, 1012], [1023, 1019], [1052, 765]]",cabinet door,0.374,"[[0, 579], [1600, 579], [1600, 1050], [0, 1050]]",below,2.257,255.0,113.0,"{""above"": 4297, ""below"": null, ""left"": 4291, ""right"": null, ""top_left"": null, ""top_right"": null, ""bottom_left"": null, ""bottom_right"": null}","{""above"": null, ""below"": null, ""left"": null, ""right"": null, ""top_left"": null, ""top_right"": null, ""bottom_left"": null, ""bottom_right"": null}","{'stove': 0.3721, 'refrigerator': 0.1784, 'sink': 0.1753, 'oven': 0.377}","{'stove': 198.44, 'refrigerator': 231.67, 'sink': 227.93, 'oven': 197.1}",[],cabinet door,{},"Container id 10, is a ""cabinet door"" below the countertop."
4296,11,images/kitchen/13_segmented_sun_aehkkaenyyjnewst.jpg,"[[563, 759], [556, 1001], [731, 1012], [741, 769]]",cabinet door,0.454,"[[0, 579], [1600, 579], [1600, 1050], [0, 1050]]",below,1.368,253.0,185.0,"{""above"": null, ""below"": null, ""left"": 4289, ""right"": 4291, ""top_left"": 4292, ""top_right"": null, ""bottom_left"": null, ""bottom_right"": null}","{""above"": null, ""below"": null, ""left"": null, ""right"": null, ""top_left"": ""oven"", ""top_right"": null, ""bottom_left"": null, ""bottom_right"": null}","{'stove': 0.2079, 'refrigerator': 0.1539, 'sink': 0.1421, 'oven': 0.2105}","{'stove': 213.65, 'refrigerator': 296.72, 'sink': 296.07, 'oven': 210.98}",[],cabinet door,"{'refrigerator': 2, 'sink': 2}","Container id 11, is a ""cabinet door"" below the countertop. Additionally, it is the 2nd closest to the refrigerator, and the 2nd closest to the sink."
4297,12,images/kitchen/13_segmented_sun_aehkkaenyyjnewst.jpg,"[[1076, 694], [952, 697], [941, 1014], [1026, 1016]]",cabinet door,0.334,"[[0, 579], [1600, 579], [1600, 1050], [0, 1050]]",below,2.385,322.0,135.0,"{""above"": null, ""below"": 4295, ""left"": 4291, ""right"": null, ""top_left"": null, ""top_right"": null, ""bottom_left"": null, ""bottom_right"": null}","{""above"": null, ""below"": null, ""left"": null, ""right"": null, ""top_left"": ""sink"", ""top_right"": null, ""bottom_left"": null, ""bottom_right"": null}","{'stove': 0.3701, 'refrigerator': 0.167, 'sink': 0.1648, 'oven': 0.3755}","{'stove': 195.6, 'refrigerator': 226.85, 'sink': 222.78, 'oven': 194.29}",[],cabinet door,{},"Container id 12, is a ""cabinet door"" below the countertop."
4298,13,images/kitchen/13_segmented_sun_aehkkaenyyjnewst.jpg,"[[226, 0], [220, 279], [256, 289], [269, 5]]",cabinet door,0.304,"[[0, 579], [1600, 579], [1600, 1050], [0, 1050]]",above,5.898,289.0,49.0,"{""above"": null, ""below"": null, ""left"": null, ""right"": 4290, ""top_left"": null, ""top_right"": null, ""bottom_left"": null, ""bottom_right"": null}","{""above"": null, ""below"": null, ""left"": null, ""right"": null, ""top_left"": null, ""top_right"": null, ""bottom_left"": null, ""bottom_right"": null}","{'stove': 0.2752, 'refrigerator': 0.3761, 'sink': 0.3778, 'oven': 0.2811}","{'stove': 81.95, 'refrigerator': 41.7, 'sink': 43.5, 'oven': 83.64}",[],cabinet door,{},"Container id 13, is a ""cabinet door"" above the countertop."
4370,1,images/kitchen/18_segmented_sun_agfmsmojwptjoava.jpg,"[[465, 86], [460, 238], [526, 239], [529, 98]]",cabinet door,0.598,"[[0, 330], [1141, 330], [1141, 768], [0, 768]]",above,2.217,153.0,69.0,"{""above"": null, ""below"": null, ""left"": 4371, ""right"": 4376, ""top_left"": null, ""top_right"": null, ""bottom_left"": null, ""bottom_right"": null}","{""above"": null, ""below"": null, ""left"": null, ""right"": null, ""top_left"": null, ""top_right"": null, ""bottom_left"": null, ""bottom_right"": null}","{'microwave': 0.2594, 'oven': 0.222, 'dishwasher': 0.237, 'dish': 0.1632, 'sink': 0.3579}","{'microwave': 147.64, 'oven': 65.79, 'dishwasher': 95.06, 'dish': 122.79, 'sink': 23.84}",[],cabinet door,{},"Container id 1, is a ""cabinet door"" above the countertop."
4371,2,images/kitchen/18_segmented_sun_agfmsmojwptjoava.jpg,"[[383, 75], [378, 240], [455, 240], [460, 87]]",cabinet door,0.583,"[[0, 330], [1141, 330], [1141, 768], [0, 768]]",above,2.012,165.0,82.0,"{""above"": null, ""below"": null, ""left"": 4377, ""right"": 4370, ""top_left"": null, ""top_right"": null, ""bottom_left"": null, ""bottom_right"": null}","{""above"": null, ""below"": null, ""left"": null, ""right"": null, ""top_left"": null, ""top_right"": null, ""bottom_left"": null, ""bottom_right"": null}","{'microwave': 0.217, 'oven': 0.2526, 'dishwasher': 0.242, 'dish': 0.1445, 'sink': 0.4102}","{'microwave': 139.03, 'oven': 54.61, 'dishwasher': 81.84, 'dish': 103.25, 'sink': 21.16}",[],cabinet door,{'dish': 2},"Container id 2, is a ""cabinet door"" above the countertop. Additionally, it is the 2nd closest to the dish."
4372,3,images/kitchen/18_segmented_sun_agfmsmojwptjoava.jpg,"[[745, 104], [693, 109], [695, 237], [747, 235]]",cabinet door,0.591,"[[0, 330], [1141, 330], [1141, 768], [0, 768]]",above,2.463,133.0,54.0,"{""above"": null, ""below"": null, ""left"": 4375, ""right"": null, ""top_left"": null, ""top_right"": null, ""bottom_left"": null, ""bottom_right"": null}","{""above"": null, ""below"": null, ""left"": null, ""right"": null, ""top_left"": null, ""top_right"": null, ""bottom_left"": null, ""bottom_right"": null}","{'microwave': 0.4057, 'oven': 0.211, 'dishwasher': 0.2962, 'dish': 0.2849, 'sink': 0.2156}","{'microwave': 160.64, 'oven': 110.11, 'dishwasher': 128.52, 'dish': 152.2, 'sink': 40.59}",[],cabinet door,{},"Container id 3, is a ""cabinet door"" above the countertop."
4373,4,images/kitchen/18_segmented_sun_agfmsmojwptjoava.jpg,"[[277, 143], [277, 145], [278, 145], [278, 143]]",cabinet door,0.591,"[[0, 330], [1141, 330], [1141, 768], [0, 768]]",above,2.0,2.0,1.0,"{""above"": null, ""below"": null, ""left"": null, ""right"": null, ""top_left"": null, ""top_right"": null, ""bottom_left"": null, ""bottom_right"": null}","{""above"": null, ""below"": null, ""left"": null, ""right"": null, ""top_left"": null, ""top_right"": null, ""bottom_left"": null, ""bottom_right"": null}","{'microwave': 0.1659, 'oven': 0.3311, 'dishwasher': 0.2866, 'dish': 0.1679, 'sink': 0.5112}","{'microwave': 111.57, 'oven': 41.17, 'dishwasher': 61.39, 'dish': 65.45, 'sink': 18.25}",[],cabinet door,{},"Container id 4, is a ""cabinet door"" above the countertop."
4374,5,images/kitchen/18_segmented_sun_agfmsmojwptjoava.jpg,"[[173, 49], [165, 247], [275, 244], [281, 62]]",cabinet door,0.583,"[[0, 330], [1141, 330], [1141, 768], [0, 768]]",above,1.707,198.0,116.0,"{""above"": null, ""below"": null, ""left"": 4384, ""right"": 4373, ""top_left"": null, ""top_right"": null, ""bottom_left"": null, ""bottom_right"": null}","{""above"": null, ""below"": ""microwave"", ""left"": null, ""right"": null, ""top_left"": null, ""top_right"": null, ""bottom_left"": null, ""bottom_right"": null}","{'microwave': 0.1511, 'oven': 0.3587, 'dishwasher': 0.3034, 'dish': 0.1838, 'sink': 0.5472}","{'microwave': 98.27, 'oven': 36.47, 'dishwasher': 54.43, 'dish': 53.62, 'sink': 16.49}",[],cabinet door,{},"Container id 5, is a ""cabinet door"" above the countertop."
4375,6,images/kitchen/18_segmented_sun_agfmsmojwptjoava.jpg,"[[621, 109], [619, 235], [689, 236], [690, 110]]",cabinet door,0.584,"[[0, 330], [1141, 330], [1141, 768], [0, 768]]",above,1.789,127.0,71.0,"{""above"": null, ""below"": null, ""left"": 4376, ""right"": 4372, ""top_left"": null, ""top_right"": null, ""bottom_left"": null, ""bottom_right"": null}","{""above"": null, ""below"": null, ""left"": null, ""right"": null, ""top_left"": null, ""top_right"": null, ""bottom_left"": null, ""bottom_right"": null}","{'microwave': 0.3609, 'oven': 0.1988, 'dishwasher': 0.2685, 'dish': 0.2434, 'sink': 0.253}","{'microwave': 158.28, 'oven': 97.25, 'dishwasher': 120.7, 'dish': 147.17, 'sink': 33.43}",[],cabinet door,{},"Container id 6, is a ""cabinet door"" above the countertop."
4376,7,images/kitchen/18_segmented_sun_agfmsmojwptjoava.jpg,"[[533, 97], [531, 207], [617, 211], [617, 111]]",cabinet door,0.578,"[[0, 330], [1141, 330], [1141, 768], [0, 768]]",above,1.326,114.0,86.0,"{""above"": null, ""below"": null, ""left"": 4370, ""right"": 4375, ""top_left"": null, ""top_right"": null, ""bottom_left"": null, ""bottom_right"": null}","{""above"": null, ""below"": null, ""left"": null, ""right"": null, ""top_left"": null, ""top_right"": null, ""bottom_left"": null, ""bottom_right"": null}","{'microwave': 0.3127, 'oven': 0.2115, 'dishwasher': 0.2549, 'dish': 0.2049, 'sink': 0.3089}","{'microwave': 152.33, 'oven': 80.95, 'dishwasher': 107.98, 'dish': 135.51, 'sink': 29.26}",[],cabinet door,{},"Container id 7, is a ""cabinet door"" above the countertop."
4377,8,images/kitchen/18_segmented_sun_agfmsmojwptjoava.jpg,"[[286, 62], [281, 243], [373, 242], [378, 75]]",cabinet door,0.569,"[[0, 330], [1141, 330], [1141, 768], [0, 768]]",above,1.866,181.0,97.0,"{""above"": null, ""below"": null, ""left"": 4373, ""right"": 4371, ""top_left"": null, ""top_right"": null, ""bottom_left"": null, ""bottom_right"": null}","{""above"": null, ""below"": null, ""left"": null, ""right"": null, ""top_left"": null, ""top_right"": null, ""bottom_left"": ""microwave"", ""bottom_right"": null}","{'microwave': 0.1762, 'oven': 0.2977, 'dishwasher': 0.2627, 'dish': 0.1478, 'sink': 0.4727}","{'microwave': 124.1, 'oven': 44.75, 'dishwasher': 67.76, 'dish': 77.52, 'sink': 18.72}",[],cabinet door,{},"Container id 8, is a ""cabinet door"" above the countertop."
4378,9,images/kitchen/18_segmented_sun_agfmsmojwptjoava.jpg,"[[784, 373], [780, 519], [890, 543], [892, 386]]",drawer,0.521,"[[0, 330], [1141, 330], [1141, 768], [0, 768]]",below,1.518,170.0,112.0,"{""above"": null, ""below"": null, ""left"": 4381, ""right"": 4382, ""top_left"": null, ""top_right"": null, ""bottom_left"": null, ""bottom_right"": null}","{""above"": null, ""below"": null, ""left"": null, ""right"": null, ""top_left"": null, ""top_right"": ""sink"", ""bottom_left"": null, ""bottom_right"": null}","{'microwave': 0.4729, 'oven': 0.1574, 'dishwasher': 0.2704, 'dish': 0.3446, 'sink': 0.1031}","{'microwave': 188.76, 'oven': 183.04, 'dishwasher': 174.64, 'dish': 192.33, 'sink': 320.05}",[],drawer,{'sink': 2},"Container id 9, is a ""drawer"" below the countertop. Additionally, it is the 2nd closest to the sink."
4379,10,images/kitchen/18_segmented_sun_agfmsmojwptjoava.jpg,"[[256, 427], [140, 444], [139, 480], [255, 459]]",cabinet door,0.507,"[[0, 330], [1141, 330], [1141, 768], [0, 768]]",below,0.453,53.0,117.0,"{""above"": null, ""below"": 4380, ""left"": null, ""right"": null, ""top_left"": null, ""top_right"": null, ""bottom_left"": null, ""bottom_right"": null}","{""above"": null, ""below"": null, ""left"": null, ""right"": null, ""top_left"": null, ""top_right"": null, ""bottom_left"": null, ""bottom_right"": ""dishwasher""}","{'microwave': 0.0701, 'oven': 0.3074, 'dishwasher': 0.1973, 'dish': 0.1466, 'sink': 0.5474}","{'microwave': 267.68, 'oven': 358.81, 'dishwasher': 7.94, 'dish': 330.76, 'sink': 353.26}",[],cabinet door,{'microwave': 1},"Container id 10, is a ""cabinet door"" below the countertop. Additionally, it is the closest to the microwave."
4380,11,images/kitchen/18_segmented_sun_agfmsmojwptjoava.jpg,"[[254, 467], [139, 490], [145, 663], [259, 625]]",cabinet door,0.571,"[[0, 330], [1141, 330], [1141, 768], [0, 768]]",below,1.633,196.0,120.0,"{""above"": 4379, ""below"": null, ""left"": null, ""right"": null, ""top_left"": null, ""top_right"": null, ""bottom_left"": null, ""bottom_right"": null}","{""above"": ""microwave"", ""below"": null, ""left"": null, ""right"": ""dishwasher"", ""top_left"": null, ""top_right"": null, ""bottom_left"": null, ""bottom_right"": null}","{'microwave': 0.1491, 'oven': 0.3178, 'dishwasher': 0.2009, 'dish': 0.1968, 'sink': 0.561}","{'microwave': 268.42, 'oven': 344.41, 'dishwasher': 345.06, 'dish': 310.04, 'sink': 345.2}",[],cabinet door,{'microwave': 2},"Container id 11, is a ""cabinet door"" below the countertop. Additionally, it is the 2nd closest to the microwave."
4381,12,images/kitchen/18_segmented_sun_agfmsmojwptjoava.jpg,"[[684, 362], [681, 497], [755, 514], [759, 370]]",cabinet door,0.566,"[[0, 330], [1141, 330], [1141, 768], [0, 768]]",below,1.949,152.0,78.0,"{""above"": null, ""below"": null, ""left"": null, ""right"": 4378, ""top_left"": null, ""top_right"": null, ""bottom_left"": null, ""bottom_right"": null}","{""above"": null, ""below"": null, ""left"": ""oven"", ""right"": null, ""top_left"": null, ""top_right"": null, ""bottom_left"": null, ""bottom_right"": null}","{'microwave': 0.3869, 'oven': 0.0726, 'dishwasher': 0.1885, 'dish': 0.2587, 'sink': 0.172}","{'microwave': 188.6, 'oven': 175.4, 'dishwasher': 167.92, 'dish': 193.28, 'sink': 342.39}",[],cabinet door,{},"Container id 12, is a ""cabinet door"" below the countertop."
4382,13,images/kitchen/18_segmented_sun_agfmsmojwptjoava.jpg,"[[897, 385], [894, 543], [1022, 570], [1024, 401]]",cabinet door,0.512,"[[0, 330], [1141, 330], [1141, 768], [0, 768]]",below,1.423,185.0,130.0,"{""above"": null, ""below"": null, ""left"": 4378, ""right"": null, ""top_left"": null, ""top_right"": null, ""bottom_left"": null, ""bottom_right"": null}","{""above"": ""sink"", ""below"": null, ""left"": null, ""right"": null, ""top_left"": null, ""top_right"": null, ""bottom_left"": null, ""bottom_right"": null}","{'microwave': 0.5633, 'oven': 0.2475, 'dishwasher': 0.3586, 'dish': 0.4349, 'sink': 0.081}","{'microwave': 188.8, 'oven': 185.22, 'dishwasher': 178.23, 'dish': 191.65, 'sink': 262.76}",[],cabinet door,{'sink': 1},"Container id 13, is a ""cabinet door"" below the countertop. Additionally, it is the closest to the sink."
4383,14,images/kitchen/18_segmented_sun_agfmsmojwptjoava.jpg,"[[577, 395], [520, 407], [519, 536], [581, 512]]",cabinet door,0.346,"[[0, 330], [1141, 330], [1141, 768], [0, 768]]",below,2.274,141.0,62.0,"{""above"": 4387, ""below"": null, ""left"": null, ""right"": null, ""top_left"": null, ""top_right"": null, ""bottom_left"": null, ""bottom_right"": null}","{""above"": null, ""below"": null, ""left"": ""dishwasher"", ""right"": ""oven"", ""top_left"": null, ""top_right"": null, ""bottom_left"": null, ""bottom_right"": null}","{'microwave': 0.2699, 'oven': 0.0534, 'dishwasher': 0.0636, 'dish': 0.1502, 'sink': 0.2966}","{'microwave': 196.64, 'oven': 345.21, 'dishwasher': 161.67, 'dish': 211.68, 'sink': 346.06}",[],cabinet door,"{'oven': 1, 'dishwasher': 1}","Container id 14, is a ""cabinet door"" below the countertop. Additionally, it is the closest to the oven, and the closest to the dishwasher."
4384,15,images/kitchen/18_segmented_sun_agfmsmojwptjoava.jpg,"[[25, 47], [19, 249], [158, 248], [166, 51]]",drawer,0.456,"[[0, 330], [1141, 330], [1141, 768], [0, 768]]",above,1.374,202.0,147.0,"{""above"": null, ""below"": null, ""left"": null, ""right"": 4374, ""top_left"": 4385, ""top_right"": null, ""bottom_left"": null, ""bottom_right"": null}","{""above"": null, ""below"": null, ""left"": null, ""right"": null, ""top_left"": null, ""top_right"": null, ""bottom_left"": null, ""bottom_right"": ""microwave""}","{'microwave': 0.1679, 'oven': 0.4399, 'dishwasher': 0.3682, 'dish': 0.2533, 'sink': 0.6398}","{'microwave': 63.91, 'oven': 29.18, 'dishwasher': 42.36, 'dish': 36.1, 'sink': 14.17}",[],drawer,{},"Container id 15, is a ""drawer"" above the countertop."
4385,16,images/kitchen/18_segmented_sun_agfmsmojwptjoava.jpg,"[[13, 37], [13, 38], [15, 40], [16, 39], [16, 37]]",drawer,0.336,"[[0, 330], [1141, 330], [1141, 768], [0, 768]]",above,1.0,3.0,3.0,"{""above"": null, ""below"": null, ""left"": null, ""right"": null, ""top_left"": null, ""top_right"": null, ""bottom_left"": null, ""bottom_right"": null}","{""above"": null, ""below"": null, ""left"": null, ""right"": null, ""top_left"": null, ""top_right"": null, ""bottom_left"": null, ""bottom_right"": null}","{'microwave': 0.2653, 'oven': 0.53, 'dishwasher': 0.4645, 'dish': 0.3475, 'sink': 0.7169}","{'microwave': 60.63, 'oven': 33.81, 'dishwasher': 45.01, 'dish': 41.35, 'sink': 19.31}",[],drawer,{},"Container id 16, is a ""drawer"" above the countertop."
4386,17,images/kitchen/18_segmented_sun_agfmsmojwptjoava.jpg,"[[1059, 404], [1059, 435], [1140, 446], [1140, 411]]",cabinet door,0.336,"[[0, 330], [1141, 330], [1141, 768], [0, 768]]",below,0.519,42.0,81.0,"{""above"": null, ""below"": null, ""left"": null, ""right"": null, ""top_left"": null, ""top_right"": null, ""bottom_left"": null, ""bottom_right"": null}","{""above"": null, ""below"": null, ""left"": null, ""right"": null, ""top_left"": null, ""top_right"": null, ""bottom_left"": null, ""bottom_right"": null}","{'microwave': 0.6605, 'oven': 0.3487, 'dishwasher': 0.4629, 'dish': 0.5303, 'sink': 0.1203}","{'microwave': 184.28, 'oven': 177.64, 'dishwasher': 174.05, 'dish': 185.51, 'sink': 201.18}",[],cabinet door,{},"Container id 17, is a ""cabinet door"" below the countertop."
4387,18,images/kitchen/18_segmented_sun_agfmsmojwptjoava.jpg,"[[580, 367], [520, 377], [520, 403], [579, 392]]",cabinet door,0.38,"[[0, 330], [1141, 330], [1141, 768], [0, 768]]",below,0.6,36.0,60.0,"{""above"": null, ""below"": 4383, ""left"": null, ""right"": null, ""top_left"": null, ""top_right"": null, ""bottom_left"": null, ""bottom_right"": null}","{""above"": null, ""below"": null, ""left"": null, ""right"": null, ""top_left"": null, ""top_right"": null, ""bottom_left"": null, ""bottom_right"": ""oven""}","{'microwave': 0.2598, 'oven': 0.0668, 'dishwasher': 0.0977, 'dish': 0.1301, 'sink': 0.2879}","{'microwave': 184.58, 'oven': 39.93, 'dishwasher': 128.43, 'dish': 189.89, 'sink': 357.03}",[],cabinet door,"{'oven': 2, 'dishwasher': 2, 'dish': 1}","Container id 18, is a ""cabinet door"" below the countertop. Additionally, it is the 2nd closest to the oven, the 2nd closest to the dishwasher, and the closest to the dish."
4388,1,images/kitchen/6_segmented_sun_aqzschgwftpwisen.jpg,"[[128, 148], [128, 194], [156, 194], [157, 148]]",cabinet door,0.418,"[[0, 122], [300, 122], [300, 229], [0, 229]]",below,1.586,46.0,29.0,"{""above"": 4390, ""below"": null, ""left"": null, ""right"": 4389, ""top_left"": null, ""top_right"": 4391, ""bottom_left"": null, ""bottom_right"": null}","{""above"": null, ""below"": null, ""left"": null, ""right"": null, ""top_left"": ""sink"", ""top_right"": null, ""bottom_left"": null, ""bottom_right"": null}","{'refrigerator': 0.2252, 'electronic kettle': 0.2424, 'microwave': 0.1741, 'coffee machine': 0.1512, 'stove': 0.2268, 'sink': 0.1752, 'oven': 0.1139, 'dish drying rack': 0.2684}","{'refrigerator': 340.77, 'electronic kettle': 195.95, 'microwave': 302.54, 'coffee machine': 276.79, 'stove': 184.11, 'sink': 212.81, 'oven': 164.48, 'dish drying rack': 270.34}",[],cabinet door,"{'stove': 2, 'oven': 2}","Container id 1, is a ""cabinet door"" below the countertop. Additionally, it is the 2nd closest to the stove, and the 2nd closest to the oven."
4389,2,images/kitchen/6_segmented_sun_aqzschgwftpwisen.jpg,"[[160, 148], [160, 193], [191, 194], [190, 148]]",cabinet door,0.405,"[[0, 122], [300, 122], [300, 229], [0, 229]]",below,1.484,46.0,31.0,"{""above"": 4391, ""below"": null, ""left"": 4388, ""right"": null, ""top_left"": 4390, ""top_right"": null, ""bottom_left"": null, ""bottom_right"": null}","{""above"": null, ""below"": null, ""left"": null, ""right"": null, ""top_left"": null, ""top_right"": ""refrigerator"", ""bottom_left"": null, ""bottom_right"": null}","{'refrigerator': 0.1452, 'electronic kettle': 0.3272, 'microwave': 0.1463, 'coffee machine': 0.1649, 'stove': 0.3141, 'sink': 0.2529, 'oven': 0.1996, 'dish drying rack': 0.2811}","{'refrigerator': 329.57, 'electronic kettle': 191.63, 'microwave': 272.44, 'coffee machine': 245.05, 'stove': 182.85, 'sink': 201.88, 'oven': 171.03, 'dish drying rack': 252.22}",[],cabinet door,{},"Container id 2, is a ""cabinet door"" below the countertop."
4390,3,images/kitchen/6_segmented_sun_aqzschgwftpwisen.jpg,"[[127, 135], [128, 146], [157, 145], [156, 134]]",drawer,0.47,"[[0, 122], [300, 122], [300, 229], [0, 229]]",below,0.4,12.0,30.0,"{""above"": null, ""below"": 4388, ""left"": null, ""right"": 4391, ""top_left"": null, ""top_right"": null, ""bottom_left"": null, ""bottom_right"": 4392}","{""above"": ""coffee machine"", ""below"": null, ""left"": null, ""right"": null, ""top_left"": null, ""top_right"": null, ""bottom_left"": null, ""bottom_right"": null}","{'refrigerator': 0.2134, 'electronic kettle': 0.2329, 'microwave': 0.1144, 'coffee machine': 0.0705, 'stove': 0.235, 'sink': 0.1472, 'oven': 0.1568, 'dish drying rack': 0.1862}","{'refrigerator': 2.13, 'electronic kettle': 176.18, 'microwave': 325.57, 'coffee machine': 285.26, 'stove': 163.73, 'sink': 184.99, 'oven': 134.09, 'dish drying rack': 270.7}",[],drawer,"{'electronic kettle': 2, 'microwave': 2, 'coffee machine': 1, 'sink': 2, 'dish drying rack': 1}","Container id 3, is a ""drawer"" below the countertop. Additionally, it is the 2nd closest to the electronic kettle, the 2nd closest to the microwave, the closest to the coffee machine, the 2nd closest to the sink, and the closest to the dish drying rack."
4391,4,images/kitchen/6_segmented_sun_aqzschgwftpwisen.jpg,"[[191, 134], [160, 134], [160, 145], [190, 146]]",drawer,0.442,"[[0, 122], [300, 122], [300, 229], [0, 229]]",below,0.387,12.0,31.0,"{""above"": null, ""below"": 4389, ""left"": 4390, ""right"": null, ""top_left"": null, ""top_right"": null, ""bottom_left"": null, ""bottom_right"": null}","{""above"": null, ""below"": null, ""left"": null, ""right"": null, ""top_left"": null, ""top_right"": null, ""bottom_left"": null, ""bottom_right"": null}","{'refrigerator': 0.1255, 'electronic kettle': 0.3209, 'microwave': 0.0643, 'coffee machine': 0.0968, 'stove': 0.3207, 'sink': 0.235, 'oven': 0.2274, 'dish drying rack': 0.2045}","{'refrigerator': 3.93, 'electronic kettle': 177.11, 'microwave': 275.56, 'coffee machine': 224.08, 'stove': 168.03, 'sink': 182.96, 'oven': 150.12, 'dish drying rack': 245.18}",[],drawer,"{'refrigerator': 1, 'microwave': 1, 'coffee machine': 2, 'dish drying rack': 2}","Container id 4, is a ""drawer"" below the countertop. Additionally, it is the closest to the refrigerator, the closest to the microwave, the 2nd closest to the coffee machine, and the 2nd closest to the dish drying rack."
4392,5,images/kitchen/6_segmented_sun_aqzschgwftpwisen.jpg,"[[160, 134], [160, 194], [191, 195], [192, 133]]",cabinet door,0.304,"[[0, 122], [300, 122], [300, 229], [0, 229]]",below,1.938,62.0,32.0,"{""above"": 4391, ""below"": 4389, ""left"": 4388, ""right"": null, ""top_left"": 4390, ""top_right"": null, ""bottom_left"": null, ""bottom_right"": null}","{""above"": ""microwave"", ""below"": null, ""left"": null, ""right"": ""refrigerator"", ""top_left"": ""coffee machine"", ""top_right"": null, ""bottom_left"": null, ""bottom_right"": null}","{'refrigerator': 0.1358, 'electronic kettle': 0.3254, 'microwave': 0.1283, 'coffee machine': 0.1495, 'stove': 0.315, 'sink': 0.2481, 'oven': 0.2045, 'dish drying rack': 0.2646}","{'refrigerator': 335.81, 'electronic kettle': 188.5, 'microwave': 272.19, 'coffee machine': 241.69, 'stove': 179.59, 'sink': 197.94, 'oven': 166.13, 'dish drying rack': 250.77}",[],cabinet door,{'refrigerator': 2},"Container id 5, is a ""cabinet door"" below the countertop. Additionally, it is the 2nd closest to the refrigerator."
4393,6,images/kitchen/6_segmented_sun_aqzschgwftpwisen.jpg,"[[120, 138], [109, 153], [112, 162], [120, 150]]",drawer,0.305,"[[0, 122], [300, 122], [300, 229], [0, 229]]",below,2.182,24.0,11.0,"{""above"": null, ""below"": null, ""left"": null, ""right"": null, ""top_left"": null, ""top_right"": null, ""bottom_left"": null, ""bottom_right"": null}","{""above"": null, ""below"": null, ""left"": null, ""right"": null, ""top_left"": ""sink"", ""top_right"": null, ""bottom_left"": ""oven"", ""bottom_right"": null}","{'refrigerator': 0.2849, 'electronic kettle': 0.1621, 'microwave': 0.1896, 'coffee machine': 0.1316, 'stove': 0.1592, 'sink': 0.0863, 'oven': 0.0924, 'dish drying rack': 0.2268}","{'refrigerator': 355.87, 'electronic kettle': 184.59, 'microwave': 330.59, 'coffee machine': 312.82, 'stove': 166.42, 'sink': 208.6, 'oven': 114.42, 'dish drying rack': 288.81}",[],drawer,"{'electronic kettle': 1, 'stove': 1, 'sink': 1, 'oven': 1}","Container id 6, is a ""drawer"" below the countertop. Additionally, it is the closest to the electronic kettle, the closest to the stove, the closest to the sink, and the closest to the oven."
4574,1,images/kitchen/8_segmented_sun_awuawixsfaurzuaa.jpg,"[[106, 1], [108, 78], [195, 77], [196, 1]]",cabinet door,0.593,"[[0, 153], [271, 153], [271, 311], [0, 311]]",above,0.856,77.0,90.0,"{""above"": null, ""below"": null, ""left"": 4577, ""right"": 4580, ""top_left"": null, ""top_right"": null, ""bottom_left"": null, ""bottom_right"": null}","{""above"": null, ""below"": null, ""left"": null, ""right"": null, ""top_left"": null, ""top_right"": null, ""bottom_left"": null, ""bottom_right"": null}","{'sink': 0.6559, 'dish rack': 0.3356, 'oven': 0.6675, 'stove': 0.6629, 'rack': 0.6594}","{'sink': 73.74, 'dish rack': 54.26, 'oven': 72.95, 'stove': 73.92, 'rack': 72.73}",[],cabinet door,{},"Container id 1, is a ""cabinet door"" above the countertop."
4575,2,images/kitchen/8_segmented_sun_awuawixsfaurzuaa.jpg,"[[189, 224], [123, 232], [125, 310], [191, 310]]",cabinet door,0.527,"[[0, 153], [271, 153], [271, 311], [0, 311]]",below,1.265,86.0,68.0,"{""above"": 4579, ""below"": null, ""left"": 4576, ""right"": null, ""top_left"": 4578, ""top_right"": null, ""bottom_left"": null, ""bottom_right"": null}","{""above"": null, ""below"": null, ""left"": null, ""right"": null, ""top_left"": null, ""top_right"": null, ""bottom_left"": null, ""bottom_right"": null}","{'sink': 0.1846, 'dish rack': 0.3379, 'oven': 0.1991, 'stove': 0.1876, 'rack': 0.1958}","{'sink': 23.2, 'dish rack': 302.61, 'oven': 24.07, 'stove': 25.24, 'rack': 21.8}",[],cabinet door,"{'sink': 1, 'oven': 1, 'stove': 1, 'rack': 1}","Container id 2, is a ""cabinet door"" below the countertop. Additionally, it is the closest to the sink, the closest to the oven, the closest to the stove, and the closest to the rack."
4576,3,images/kitchen/8_segmented_sun_awuawixsfaurzuaa.jpg,"[[120, 232], [31, 237], [34, 309], [120, 310]]",cabinet door,0.435,"[[0, 153], [271, 153], [271, 311], [0, 311]]",below,0.876,78.0,89.0,"{""above"": 4578, ""below"": null, ""left"": null, ""right"": 4575, ""top_left"": null, ""top_right"": 4579, ""bottom_left"": null, ""bottom_right"": null}","{""above"": null, ""below"": null, ""left"": null, ""right"": null, ""top_left"": null, ""top_right"": null, ""bottom_left"": null, ""bottom_right"": null}","{'sink': 0.3713, 'dish rack': 0.4774, 'oven': 0.3847, 'stove': 0.3726, 'rack': 0.3832}","{'sink': 10.15, 'dish rack': 322.31, 'oven': 11.08, 'stove': 11.26, 'rack': 9.83}",[],cabinet door,{},"Container id 3, is a ""cabinet door"" below the countertop."
4577,4,images/kitchen/8_segmented_sun_awuawixsfaurzuaa.jpg,"[[3, 1], [6, 80], [103, 78], [101, 1]]",cabinet door,0.558,"[[0, 153], [271, 153], [271, 311], [0, 311]]",above,0.79,79.0,100.0,"{""above"": null, ""below"": null, ""left"": null, ""right"": 4574, ""top_left"": null, ""top_right"": null, ""bottom_left"": null, ""bottom_right"": null}","{""above"": null, ""below"": null, ""left"": null, ""right"": null, ""top_left"": null, ""top_right"": null, ""bottom_left"": null, ""bottom_right"": null}","{'sink': 0.7561, 'dish rack': 0.5111, 'oven': 0.7699, 'stove': 0.7621, 'rack': 0.7629}","{'sink': 56.14, 'dish rack': 31.96, 'oven': 55.75, 'stove': 56.45, 'rack': 55.39}",[],cabinet door,{},"Container id 4, is a ""cabinet door"" above the countertop."
4578,5,images/kitchen/8_segmented_sun_awuawixsfaurzuaa.jpg,"[[118, 200], [13, 208], [15, 233], [118, 228]]",drawer,0.449,"[[0, 153], [271, 153], [271, 311], [0, 311]]",below,0.314,33.0,105.0,"{""above"": null, ""below"": 4576, ""left"": null, ""right"": 4579, ""top_left"": null, ""top_right"": null, ""bottom_left"": null, ""bottom_right"": 4575}","{""above"": ""oven"", ""below"": null, ""left"": null, ""right"": null, ""top_left"": ""sink"", ""top_right"": ""sink"", ""bottom_left"": null, ""bottom_right"": null}","{'sink': 0.4377, 'dish rack': 0.433, 'oven': 0.4524, 'stove': 0.4411, 'rack': 0.4486}","{'sink': 26.92, 'dish rack': 338.43, 'oven': 27.18, 'stove': 27.76, 'rack': 26.22}",[],drawer,{},"Container id 5, is a ""drawer"" below the countertop."
4579,6,images/kitchen/8_segmented_sun_awuawixsfaurzuaa.jpg,"[[194, 198], [121, 199], [120, 226], [192, 221]]",drawer,0.376,"[[0, 153], [271, 153], [271, 311], [0, 311]]",below,0.378,28.0,74.0,"{""above"": null, ""below"": 4575, ""left"": 4578, ""right"": null, ""top_left"": null, ""top_right"": 4581, ""bottom_left"": 4576, ""bottom_right"": null}","{""above"": ""sink"", ""below"": null, ""left"": null, ""right"": null, ""top_left"": null, ""top_right"": ""dish rack"", ""bottom_left"": null, ""bottom_right"": null}","{'sink': 0.273, 'dish rack': 0.2326, 'oven': 0.2872, 'stove': 0.2787, 'rack': 0.2807}","{'sink': 51.4, 'dish rack': 321.75, 'oven': 50.57, 'stove': 52.33, 'rack': 49.47}",[],drawer,"{'sink': 2, 'dish rack': 2, 'oven': 2, 'stove': 2, 'rack': 2}","Container id 6, is a ""drawer"" below the countertop. Additionally, it is the 2nd closest to the sink, the 2nd closest to the dish rack, the 2nd closest to the oven, the 2nd closest to the stove, and the 2nd closest to the rack."
4580,7,images/kitchen/8_segmented_sun_awuawixsfaurzuaa.jpg,"[[199, 1], [198, 79], [269, 80], [269, 22], [263, 69], [212, 69], [211, 1]]",cabinet door,0.365,"[[0, 153], [271, 153], [271, 311], [0, 311]]",above,1.113,79.0,71.0,"{""above"": null, ""below"": null, ""left"": 4574, ""right"": null, ""top_left"": null, ""top_right"": null, ""bottom_left"": null, ""bottom_right"": null}","{""above"": null, ""below"": null, ""left"": null, ""right"": null, ""top_left"": null, ""top_right"": null, ""bottom_left"": null, ""bottom_right"": null}","{'sink': 0.6138, 'dish rack': 0.2563, 'oven': 0.6222, 'stove': 0.621, 'rack': 0.6137}","{'sink': 91.03, 'dish rack': 89.71, 'oven': 89.9, 'stove': 91.02, 'rack': 89.9}",[],cabinet door,{},"Container id 7, is a ""cabinet door"" above the countertop."
4581,8,images/kitchen/8_segmented_sun_awuawixsfaurzuaa.jpg,"[[194, 197], [121, 199], [120, 226], [193, 221]]",drawer,0.3,"[[0, 153], [271, 153], [271, 311], [0, 311]]",below,0.392,29.0,74.0,"{""above"": null, ""below"": 4575, ""left"": 4578, ""right"": null, ""top_left"": null, ""top_right"": null, ""bottom_left"": 4579, ""bottom_right"": null}","{""above"": ""sink"", ""below"": null, ""left"": null, ""right"": null, ""top_left"": null, ""top_right"": ""dish rack"", ""bottom_left"": null, ""bottom_right"": null}","{'sink': 0.2731, 'dish rack': 0.2317, 'oven': 0.2873, 'stove': 0.2788, 'rack': 0.2808}","{'sink': 51.58, 'dish rack': 321.78, 'oven': 50.74, 'stove': 52.51, 'rack': 49.64}",[],drawer,{'dish rack': 1},"Container id 8, is a ""drawer"" below the countertop. Additionally, it is the closest to the dish rack."
5118,1,images/kitchen/21_segmented_sun_aklijrkocvkcmsfg.jpg,"[[446, 90], [369, 113], [371, 262], [447, 262]]",cabinet door,0.414,"[[0, 315], [800, 315], [800, 533], [0, 533]]",above,2.205,172.0,78.0,"{""above"": null, ""below"": null, ""left"": null, ""right"": 5119, ""top_left"": null, ""top_right"": null, ""bottom_left"": null, ""bottom_right"": null}","{""above"": null, ""below"": null, ""left"": ""microwave"", ""right"": null, ""top_left"": null, ""top_right"": null, ""bottom_left"": null, ""bottom_right"": null}","{'microwave': 0.1175, 'oven': 0.2545, 'sink': 0.239, 'dish': 0.3372}","{'microwave': 157.35, 'oven': 128.94, 'sink': 59.03, 'dish': 146.17}",[],cabinet door,{},"Container id 1, is a ""cabinet door"" above the countertop."
5119,2,images/kitchen/21_segmented_sun_aklijrkocvkcmsfg.jpg,"[[450, 89], [449, 263], [493, 264], [495, 97]]",cabinet door,0.408,"[[0, 315], [800, 315], [800, 533], [0, 533]]",above,3.804,175.0,46.0,"{""above"": null, ""below"": null, ""left"": 5118, ""right"": null, ""top_left"": null, ""top_right"": null, ""bottom_left"": null, ""bottom_right"": null}","{""above"": null, ""below"": null, ""left"": null, ""right"": null, ""top_left"": null, ""top_right"": null, ""bottom_left"": null, ""bottom_right"": null}","{'microwave': 0.1812, 'oven': 0.3028, 'sink': 0.2162, 'dish': 0.3955}","{'microwave': 164.35, 'oven': 138.27, 'sink': 74.73, 'dish': 151.07}",[],cabinet door,{},"Container id 2, is a ""cabinet door"" above the countertop."
5120,3,images/kitchen/21_segmented_sun_aklijrkocvkcmsfg.jpg,"[[686, 529], [690, 529]]",drawer,0.515,"[[0, 315], [800, 315], [800, 533], [0, 533]]",below,0.0,0.0,4.0,"{""above"": null, ""below"": null, ""left"": null, ""right"": null, ""top_left"": null, ""top_right"": null, ""bottom_left"": null, ""bottom_right"": null}","{""above"": null, ""below"": null, ""left"": null, ""right"": null, ""top_left"": null, ""top_right"": null, ""bottom_left"": null, ""bottom_right"": null}","{'microwave': 0.5093, 'oven': 0.4796, 'sink': 0.2295, 'dish': 0.5969}","{'microwave': 218.34, 'oven': 199.91, 'sink': 222.93, 'dish': 196.9}",[],drawer,{},"Container id 3, is a ""drawer"" below the countertop."
5121,4,images/kitchen/21_segmented_sun_aklijrkocvkcmsfg.jpg,"[[710, 527], [710, 528]]",cabinet door,0.456,"[[0, 315], [800, 315], [800, 533], [0, 533]]",below,inf,1.0,0.0,"{""above"": null, ""below"": null, ""left"": null, ""right"": null, ""top_left"": null, ""top_right"": null, ""bottom_left"": null, ""bottom_right"": null}","{""above"": null, ""below"": null, ""left"": null, ""right"": null, ""top_left"": null, ""top_right"": null, ""bottom_left"": null, ""bottom_right"": null}","{'microwave': 0.5265, 'oven': 0.5007, 'sink': 0.2457, 'dish': 0.6184}","{'microwave': 216.67, 'oven': 198.85, 'sink': 219.03, 'dish': 196.15}",[],cabinet door,{},"Container id 4, is a ""cabinet door"" below the countertop."
5122,5,images/kitchen/21_segmented_sun_aklijrkocvkcmsfg.jpg,"[[685, 523], [686, 523]]",drawer,0.408,"[[0, 315], [800, 315], [800, 533], [0, 533]]",below,0.0,0.0,1.0,"{""above"": null, ""below"": null, ""left"": null, ""right"": null, ""top_left"": null, ""top_right"": null, ""bottom_left"": null, ""bottom_right"": null}","{""above"": null, ""below"": null, ""left"": null, ""right"": null, ""top_left"": null, ""top_right"": null, ""bottom_left"": null, ""bottom_right"": null}","{'microwave': 0.5034, 'oven': 0.4751, 'sink': 0.2233, 'dish': 0.5926}","{'microwave': 217.97, 'oven': 199.31, 'sink': 222.22, 'dish': 196.4}",[],drawer,{},"Container id 5, is a ""drawer"" below the countertop."
5123,6,images/kitchen/21_segmented_sun_aklijrkocvkcmsfg.jpg,"[[685, 449], [686, 500], [795, 528], [794, 475]]",cabinet door,0.397,"[[0, 315], [800, 315], [800, 533], [0, 533]]",below,0.718,79.0,110.0,"{""above"": null, ""below"": null, ""left"": 5124, ""right"": null, ""top_left"": null, ""top_right"": null, ""bottom_left"": null, ""bottom_right"": null}","{""above"": null, ""below"": null, ""left"": null, ""right"": null, ""top_left"": null, ""top_right"": null, ""bottom_left"": null, ""bottom_right"": null}","{'microwave': 0.5295, 'oven': 0.5193, 'sink': 0.2495, 'dish': 0.6387}","{'microwave': 211.07, 'oven': 193.44, 'sink': 207.1, 'dish': 191.82}",[],cabinet door,{},"Container id 6, is a ""cabinet door"" below the countertop."
5124,7,images/kitchen/21_segmented_sun_aklijrkocvkcmsfg.jpg,"[[552, 417], [552, 531], [680, 530], [681, 447]]",cabinet door,0.396,"[[0, 315], [800, 315], [800, 533], [0, 533]]",below,0.884,114.0,129.0,"{""above"": null, ""below"": null, ""left"": 5125, ""right"": 5123, ""top_left"": null, ""top_right"": null, ""bottom_left"": null, ""bottom_right"": null}","{""above"": null, ""below"": null, ""left"": null, ""right"": null, ""top_left"": ""sink"", ""top_right"": null, ""bottom_left"": null, ""bottom_right"": null}","{'microwave': 0.42, 'oven': 0.3931, 'sink': 0.1417, 'dish': 0.5117}","{'microwave': 219.35, 'oven': 196.8, 'sink': 228.79, 'dish': 194.01}",[],cabinet door,{},"Container id 7, is a ""cabinet door"" below the countertop."
5125,8,images/kitchen/21_segmented_sun_aklijrkocvkcmsfg.jpg,"[[416, 381], [418, 412], [549, 454], [548, 413]]",drawer,0.45,"[[0, 315], [800, 315], [800, 533], [0, 533]]",below,0.549,73.0,133.0,"{""above"": null, ""below"": 5132, ""left"": 5135, ""right"": null, ""top_left"": null, ""top_right"": null, ""bottom_left"": null, ""bottom_right"": 5124}","{""above"": null, ""below"": null, ""left"": null, ""right"": null, ""top_left"": null, ""top_right"": ""sink"", ""bottom_left"": null, ""bottom_right"": null}","{'microwave': 0.2712, 'oven': 0.2416, 'sink': 0.0591, 'dish': 0.3618}","{'microwave': 226.71, 'oven': 190.67, 'sink': 320.36, 'dish': 188.73}",[],drawer,{'sink': 1},"Container id 8, is a ""drawer"" below the countertop. Additionally, it is the closest to the sink."
5126,9,images/kitchen/21_segmented_sun_aklijrkocvkcmsfg.jpg,"[[795, 92]]",drawer,0.447,"[[0, 315], [800, 315], [800, 533], [0, 533]]",above,0.0,0.0,0.0,"{""above"": null, ""below"": null, ""left"": null, ""right"": null, ""top_left"": null, ""top_right"": null, ""bottom_left"": null, ""bottom_right"": null}","{""above"": null, ""below"": null, ""left"": null, ""right"": null, ""top_left"": null, ""top_right"": null, ""bottom_left"": null, ""bottom_right"": null}","{'microwave': 0.5292, 'oven': 0.6332, 'sink': 0.4086, 'dish': 0.738}","{'microwave': 164.82, 'oven': 152.61, 'sink': 133.12, 'dish': 157.61}",[],drawer,{},"Container id 9, is a ""drawer"" above the countertop."
5127,10,images/kitchen/21_segmented_sun_aklijrkocvkcmsfg.jpg,"[[794, 78], [794, 82], [795, 82], [795, 78]]",cabinet door,0.308,"[[0, 315], [800, 315], [800, 533], [0, 533]]",above,4.0,4.0,1.0,"{""above"": null, ""below"": null, ""left"": null, ""right"": null, ""top_left"": null, ""top_right"": null, ""bottom_left"": null, ""bottom_right"": null}","{""above"": null, ""below"": null, ""left"": null, ""right"": null, ""top_left"": null, ""top_right"": null, ""bottom_left"": null, ""bottom_right"": null}","{'microwave': 0.5322, 'oven': 0.6386, 'sink': 0.4175, 'dish': 0.7424}","{'microwave': 163.5, 'oven': 151.6, 'sink': 131.89, 'dish': 156.71}",[],cabinet door,{},"Container id 10, is a ""cabinet door"" above the countertop."
5128,11,images/kitchen/21_segmented_sun_aklijrkocvkcmsfg.jpg,"[[795, 2], [669, 23], [671, 272], [797, 271]]",drawer,0.432,"[[0, 315], [800, 315], [800, 533], [0, 533]]",above,2.109,270.0,128.0,"{""above"": null, ""below"": null, ""left"": null, ""right"": null, ""top_left"": null, ""top_right"": 5127, ""bottom_left"": null, ""bottom_right"": null}","{""above"": null, ""below"": null, ""left"": null, ""right"": null, ""top_left"": null, ""top_right"": null, ""bottom_left"": null, ""bottom_right"": null}","{'microwave': 0.4546, 'oven': 0.5523, 'sink': 0.3268, 'dish': 0.659}","{'microwave': 169.02, 'oven': 154.33, 'sink': 131.1, 'dish': 159.66}",[],drawer,{},"Container id 11, is a ""drawer"" above the countertop."
5129,12,images/kitchen/21_segmented_sun_aklijrkocvkcmsfg.jpg,"[[329, 123], [281, 140], [281, 196], [330, 190]]",cabinet door,0.358,"[[0, 315], [800, 315], [800, 533], [0, 533]]",above,1.49,73.0,49.0,"{""above"": null, ""below"": null, ""left"": null, ""right"": null, ""top_left"": null, ""top_right"": null, ""bottom_left"": 5137, ""bottom_right"": null}","{""above"": null, ""below"": ""microwave"", ""left"": null, ""right"": null, ""top_left"": null, ""top_right"": null, ""bottom_left"": null, ""bottom_right"": null}","{'microwave': 0.0655, 'oven': 0.2245, 'sink': 0.322, 'dish': 0.2705}","{'microwave': 91.14, 'oven': 103.6, 'sink': 44.38, 'dish': 129.74}",[],cabinet door,{'microwave': 2},"Container id 12, is a ""cabinet door"" above the countertop. Additionally, it is the 2nd closest to the microwave."
5130,13,images/kitchen/21_segmented_sun_aklijrkocvkcmsfg.jpg,"[[313, 352], [314, 377], [348, 389], [350, 364]]",cabinet door,0.462,"[[0, 315], [800, 315], [800, 533], [0, 533]]",below,1.0,37.0,37.0,"{""above"": null, ""below"": null, ""left"": 5131, ""right"": null, ""top_left"": null, ""top_right"": null, ""bottom_left"": 5138, ""bottom_right"": null}","{""above"": null, ""below"": null, ""left"": null, ""right"": null, ""top_left"": null, ""top_right"": null, ""bottom_left"": null, ""bottom_right"": null}","{'microwave': 0.1537, 'oven': 0.0799, 'sink': 0.2033, 'dish': 0.2002}","{'microwave': 259.37, 'oven': 178.88, 'sink': 2.42, 'dish': 182.47}",[],cabinet door,{},"Container id 13, is a ""cabinet door"" below the countertop."
5131,14,images/kitchen/21_segmented_sun_aklijrkocvkcmsfg.jpg,"[[281, 347], [279, 369], [307, 380], [308, 353]]",cabinet door,0.366,"[[0, 315], [800, 315], [800, 533], [0, 533]]",below,1.138,33.0,29.0,"{""above"": null, ""below"": 5138, ""left"": null, ""right"": 5130, ""top_left"": null, ""top_right"": null, ""bottom_left"": null, ""bottom_right"": null}","{""above"": null, ""below"": null, ""left"": ""oven"", ""right"": null, ""top_left"": null, ""top_right"": null, ""bottom_left"": null, ""bottom_right"": null}","{'microwave': 0.1429, 'oven': 0.0421, 'sink': 0.2427, 'dish': 0.161}","{'microwave': 274.28, 'oven': 166.05, 'sink': 4.06, 'dish': 180.02}",[],cabinet door,"{'oven': 1, 'dish': 2}","Container id 14, is a ""cabinet door"" below the countertop. Additionally, it is the closest to the oven, and the 2nd closest to the dish."
5132,15,images/kitchen/21_segmented_sun_aklijrkocvkcmsfg.jpg,"[[417, 415], [416, 529], [472, 532], [474, 465], [462, 457], [474, 434]]",cabinet door,0.314,"[[0, 315], [800, 315], [800, 533], [0, 533]]",below,2.017,117.0,58.0,"{""above"": 5125, ""below"": null, ""left"": 5135, ""right"": null, ""top_left"": null, ""top_right"": null, ""bottom_left"": null, ""bottom_right"": null}","{""above"": null, ""below"": null, ""left"": null, ""right"": null, ""top_left"": null, ""top_right"": null, ""bottom_left"": null, ""bottom_right"": null}","{'microwave': 0.2996, 'oven': 0.2308, 'sink': 0.1238, 'dish': 0.3455}","{'microwave': 238.96, 'oven': 206.8, 'sink': 308.43, 'dish': 199.3}",[],cabinet door,{'sink': 2},"Container id 15, is a ""cabinet door"" below the countertop. Additionally, it is the 2nd closest to the sink."
5133,16,images/kitchen/21_segmented_sun_aklijrkocvkcmsfg.jpg,"[[213, 328], [212, 346], [229, 353], [230, 333]]",cabinet door,0.312,"[[0, 315], [800, 315], [800, 533], [0, 533]]",below,1.389,25.0,18.0,"{""above"": null, ""below"": null, ""left"": null, ""right"": null, ""top_left"": null, ""top_right"": null, ""bottom_left"": null, ""bottom_right"": null}","{""above"": null, ""below"": null, ""left"": null, ""right"": null, ""top_left"": null, ""top_right"": null, ""bottom_left"": null, ""bottom_right"": null}","{'microwave': 0.1473, 'oven': 0.0482, 'sink': 0.3203, 'dish': 0.0884}","{'microwave': 305.88, 'oven': 43.69, 'sink': 7.23, 'dish': 164.85}",[],cabinet door,"{'oven': 2, 'dish': 1}","Container id 16, is a ""cabinet door"" below the countertop. Additionally, it is the 2nd closest to the oven, and the closest to the dish."
5134,17,images/kitchen/21_segmented_sun_aklijrkocvkcmsfg.jpg,"[[204, 141], [173, 155], [173, 197], [205, 190]]",cabinet door,0.38,"[[0, 315], [800, 315], [800, 533], [0, 533]]",above,1.75,56.0,32.0,"{""above"": null, ""below"": null, ""left"": null, ""right"": null, ""top_left"": null, ""top_right"": null, ""bottom_left"": 5136, ""bottom_right"": null}","{""above"": null, ""below"": null, ""left"": null, ""right"": null, ""top_left"": null, ""top_right"": null, ""bottom_left"": null, ""bottom_right"": null}","{'microwave': 0.1326, 'oven': 0.2202, 'sink': 0.4126, 'dish': 0.2058}","{'microwave': 25.31, 'oven': 71.91, 'sink': 31.63, 'dish': 104.57}",[],cabinet door,{},"Container id 17, is a ""cabinet door"" above the countertop."
5135,18,images/kitchen/21_segmented_sun_aklijrkocvkcmsfg.jpg,"[[355, 365], [352, 503], [414, 531], [414, 380]]",cabinet door,0.361,"[[0, 315], [800, 315], [800, 533], [0, 533]]",below,2.677,166.0,62.0,"{""above"": null, ""below"": null, ""left"": null, ""right"": 5132, ""top_left"": 5130, ""top_right"": null, ""bottom_left"": null, ""bottom_right"": null}","{""above"": null, ""below"": null, ""left"": null, ""right"": ""sink"", ""top_left"": null, ""top_right"": null, ""bottom_left"": null, ""bottom_right"": null}","{'microwave': 0.2429, 'oven': 0.1543, 'sink': 0.1636, 'dish': 0.2687}","{'microwave': 250.03, 'oven': 209.37, 'sink': 335.19, 'dish': 198.64}",[],cabinet door,{},"Container id 18, is a ""cabinet door"" below the countertop."
5136,19,images/kitchen/21_segmented_sun_aklijrkocvkcmsfg.jpg,"[[170, 158], [128, 174], [129, 242], [171, 239]]",cabinet door,0.301,"[[0, 315], [800, 315], [800, 533], [0, 533]]",above,1.953,84.0,43.0,"{""above"": null, ""below"": null, ""left"": null, ""right"": null, ""top_left"": null, ""top_right"": 5134, ""bottom_left"": null, ""bottom_right"": null}","{""above"": null, ""below"": null, ""left"": null, ""right"": null, ""top_left"": null, ""top_right"": null, ""bottom_left"": null, ""bottom_right"": null}","{'microwave': 0.1623, 'oven': 0.2068, 'sink': 0.4326, 'dish': 0.1657}","{'microwave': 8.1, 'oven': 58.11, 'sink': 24.96, 'dish': 93.78}",[],cabinet door,{},"Container id 19, is a ""cabinet door"" above the countertop."
5137,20,images/kitchen/21_segmented_sun_aklijrkocvkcmsfg.jpg,"[[279, 141], [262, 146], [263, 259], [276, 257]]",cabinet door,0.357,"[[0, 315], [800, 315], [800, 533], [0, 533]]",above,6.941,118.0,17.0,"{""above"": null, ""below"": null, ""left"": null, ""right"": null, ""top_left"": null, ""top_right"": 5129, ""bottom_left"": null, ""bottom_right"": null}","{""above"": null, ""below"": null, ""left"": null, ""right"": null, ""top_left"": null, ""top_right"": null, ""bottom_left"": null, ""bottom_right"": ""microwave""}","{'microwave': 0.0436, 'oven': 0.1789, 'sink': 0.3248, 'dish': 0.2163}","{'microwave': 35.78, 'oven': 95.17, 'sink': 34.76, 'dish': 129.06}",[],cabinet door,{'microwave': 1},"Container id 20, is a ""cabinet door"" above the countertop. Additionally, it is the closest to the microwave."
5138,21,images/kitchen/21_segmented_sun_aklijrkocvkcmsfg.jpg,"[[280, 372], [279, 413], [308, 426], [308, 382]]",cabinet door,0.317,"[[0, 315], [800, 315], [800, 533], [0, 533]]",below,1.862,54.0,29.0,"{""above"": 5131, ""below"": null, ""left"": null, ""right"": null, ""top_left"": null, ""top_right"": 5130, ""bottom_left"": null, ""bottom_right"": null}","{""above"": null, ""below"": null, ""left"": null, ""right"": null, ""top_left"": ""oven"", ""top_right"": null, ""bottom_left"": null, ""bottom_right"": null}","{'microwave': 0.1803, 'oven': 0.0491, 'sink': 0.243, 'dish': 0.1653}","{'microwave': 273.39, 'oven': 213.77, 'sink': 355.21, 'dish': 193.11}",[],cabinet door,{},"Container id 21, is a ""cabinet door"" below the countertop."
5340,1,images/kitchen/5_segmented_sun_akgdlzofsznnznzs.jpg,"[[164, 167], [163, 234], [224, 234], [224, 176]]",cabinet door,0.422,"[[0, 139], [273, 139], [273, 236], [0, 236]]",below,1.098,67.0,61.0,"{""above"": null, ""below"": null, ""left"": null, ""right"": null, ""top_left"": null, ""top_right"": 5343, ""bottom_left"": null, ""bottom_right"": null}","{""above"": null, ""below"": null, ""left"": ""oven"", ""right"": null, ""top_left"": ""stove"", ""top_right"": null, ""bottom_left"": null, ""bottom_right"": null}","{'microwave': 0.3157, 'stove': 0.2063, 'dish drying rack': 0.4197, 'oven': 0.1514, 'sink': 0.3162}","{'microwave': 273.27, 'stove': 230.86, 'dish drying rack': 190.87, 'oven': 187.52, 'sink': 213.49}",[],cabinet door,"{'dish drying rack': 2, 'oven': 1}","Container id 1, is a ""cabinet door"" below the countertop. Additionally, it is the 2nd closest to the dish drying rack, and the closest to the oven."
5341,2,images/kitchen/5_segmented_sun_akgdlzofsznnznzs.jpg,"[[163, 1], [164, 66], [223, 55], [222, 0]]",cabinet door,0.353,"[[0, 139], [273, 139], [273, 236], [0, 236]]",above,1.1,66.0,60.0,"{""above"": null, ""below"": null, ""left"": null, ""right"": null, ""top_left"": null, ""top_right"": null, ""bottom_left"": null, ""bottom_right"": null}","{""above"": null, ""below"": ""microwave"", ""left"": null, ""right"": null, ""top_left"": null, ""top_right"": null, ""bottom_left"": null, ""bottom_right"": null}","{'microwave': 0.1633, 'stove': 0.3422, 'dish drying rack': 0.5716, 'oven': 0.4808, 'sink': 0.4002}","{'microwave': 82.94, 'stove': 112.0, 'dish drying rack': 135.85, 'oven': 107.92, 'sink': 130.82}",[],cabinet door,{'microwave': 2},"Container id 2, is a ""cabinet door"" above the countertop. Additionally, it is the 2nd closest to the microwave."
5342,3,images/kitchen/5_segmented_sun_akgdlzofsznnznzs.jpg,"[[164, 129], [164, 146], [224, 152], [224, 131]]",drawer,0.319,"[[0, 139], [273, 139], [273, 236], [0, 236]]",below,0.383,23.0,60.0,"{""above"": null, ""below"": null, ""left"": null, ""right"": null, ""top_left"": null, ""top_right"": null, ""bottom_left"": null, ""bottom_right"": null}","{""above"": null, ""below"": null, ""left"": ""stove"", ""right"": null, ""top_left"": null, ""top_right"": null, ""bottom_left"": ""oven"", ""bottom_right"": null}","{'microwave': 0.141, 'stove': 0.1318, 'dish drying rack': 0.4239, 'oven': 0.2165, 'sink': 0.2644}","{'microwave': 277.06, 'stove': 173.36, 'dish drying rack': 166.9, 'oven': 134.12, 'sink': 179.82}",[],drawer,"{'microwave': 1, 'stove': 1, 'sink': 1}","Container id 3, is a ""drawer"" below the countertop. Additionally, it is the closest to the microwave, the closest to the stove, and the closest to the sink."
5343,4,images/kitchen/5_segmented_sun_akgdlzofsznnznzs.jpg,"[[212, 173], [218, 173], [219, 174], [223, 174], [223, 173], [222, 174], [221, 173]]",drawer,0.314,"[[0, 139], [273, 139], [273, 236], [0, 236]]",below,0.091,1.0,11.0,"{""above"": null, ""below"": null, ""left"": null, ""right"": null, ""top_left"": null, ""top_right"": null, ""bottom_left"": null, ""bottom_right"": null}","{""above"": null, ""below"": null, ""left"": null, ""right"": null, ""top_left"": null, ""top_right"": null, ""bottom_left"": null, ""bottom_right"": null}","{'microwave': 0.2401, 'stove': 0.217, 'dish drying rack': 0.4842, 'oven': 0.2303, 'sink': 0.3483}","{'microwave': 257.02, 'stove': 201.29, 'dish drying rack': 179.75, 'oven': 164.53, 'sink': 195.52}",[],drawer,{},"Container id 4, is a ""drawer"" below the countertop."
5344,5,images/kitchen/5_segmented_sun_akgdlzofsznnznzs.jpg,"[[191, 169]]",drawer,0.329,"[[0, 139], [273, 139], [273, 236], [0, 236]]",below,0.0,0.0,0.0,"{""above"": null, ""below"": null, ""left"": null, ""right"": null, ""top_left"": null, ""top_right"": null, ""bottom_left"": null, ""bottom_right"": null}","{""above"": null, ""below"": null, ""left"": null, ""right"": null, ""top_left"": null, ""top_right"": null, ""bottom_left"": null, ""bottom_right"": null}","{'microwave': 0.2232, 'stove': 0.1395, 'dish drying rack': 0.4048, 'oven': 0.1604, 'sink': 0.2685}","{'microwave': 276.6, 'stove': 208.47, 'dish drying rack': 177.97, 'oven': 152.64, 'sink': 197.54}",[],drawer,"{'stove': 2, 'dish drying rack': 1, 'oven': 2, 'sink': 2}","Container id 5, is a ""drawer"" below the countertop. Additionally, it is the 2nd closest to the stove, the closest to the dish drying rack, the 2nd closest to the oven, and the 2nd closest to the sink."
5625,1,images/kitchen/9_segmented_sun_afdefsrtlbtfdhxq.jpg,"[[234, 472], [74, 485], [77, 673], [235, 635]]",cabinet door,0.57,"[[0, 418], [1200, 418], [1200, 798], [0, 798]]",below,1.248,201.0,161.0,"{""above"": null, ""below"": null, ""left"": 5630, ""right"": 5626, ""top_left"": null, ""top_right"": null, ""bottom_left"": null, ""bottom_right"": null}","{""above"": null, ""below"": null, ""left"": null, ""right"": null, ""top_left"": null, ""top_right"": null, ""bottom_left"": null, ""bottom_right"": null}","{'sink': 0.326, 'dishwasher': 0.2554, 'toaster': 0.2969}","{'sink': 345.99, 'dishwasher': 341.01, 'toaster': 342.63}",[],cabinet door,{},"Container id 1, is a ""cabinet door"" below the countertop."
5626,2,images/kitchen/9_segmented_sun_afdefsrtlbtfdhxq.jpg,"[[338, 463], [238, 472], [240, 635], [340, 611]]",cabinet door,0.544,"[[0, 418], [1200, 418], [1200, 798], [0, 798]]",below,1.686,172.0,102.0,"{""above"": null, ""below"": null, ""left"": 5625, ""right"": 5627, ""top_left"": null, ""top_right"": null, ""bottom_left"": null, ""bottom_right"": null}","{""above"": null, ""below"": null, ""left"": null, ""right"": null, ""top_left"": null, ""top_right"": null, ""bottom_left"": null, ""bottom_right"": null}","{'sink': 0.2324, 'dishwasher': 0.1635, 'toaster': 0.2043}","{'sink': 343.92, 'dishwasher': 335.23, 'toaster': 338.75}",[],cabinet door,{},"Container id 2, is a ""cabinet door"" below the countertop."
5627,3,images/kitchen/9_segmented_sun_afdefsrtlbtfdhxq.jpg,"[[442, 455], [342, 463], [343, 610], [444, 587]]",cabinet door,0.541,"[[0, 418], [1200, 418], [1200, 798], [0, 798]]",below,1.52,155.0,102.0,"{""above"": null, ""below"": null, ""left"": 5626, ""right"": 5632, ""top_left"": null, ""top_right"": null, ""bottom_left"": null, ""bottom_right"": null}","{""above"": null, ""below"": null, ""left"": null, ""right"": null, ""top_left"": null, ""top_right"": ""dishwasher"", ""bottom_left"": null, ""bottom_right"": null}","{'sink': 0.1603, 'dishwasher': 0.0954, 'toaster': 0.1339}","{'sink': 340.72, 'dishwasher': 323.28, 'toaster': 332.13}",[],cabinet door,{},"Container id 3, is a ""cabinet door"" below the countertop."
5628,4,images/kitchen/9_segmented_sun_afdefsrtlbtfdhxq.jpg,"[[552, 496], [552, 525], [651, 562], [649, 524]]",drawer,0.544,"[[0, 418], [1200, 418], [1200, 798], [0, 798]]",below,0.667,66.0,99.0,"{""above"": null, ""below"": null, ""left"": 5629, ""right"": null, ""top_left"": null, ""top_right"": null, ""bottom_left"": null, ""bottom_right"": null}","{""above"": null, ""below"": null, ""left"": null, ""right"": null, ""top_left"": null, ""top_right"": null, ""bottom_left"": null, ""bottom_right"": null}","{'sink': 0.052, 'dishwasher': 0.0879, 'toaster': 0.0665}","{'sink': 277.48, 'dishwasher': 219.31, 'toaster': 246.87}",[],drawer,{'sink': 1},"Container id 4, is a ""drawer"" below the countertop. Additionally, it is the closest to the sink."
5629,5,images/kitchen/9_segmented_sun_afdefsrtlbtfdhxq.jpg,"[[456, 457], [453, 585], [542, 657], [545, 485]]",cabinet door,0.36,"[[0, 418], [1200, 418], [1200, 798], [0, 798]]",below,2.174,200.0,92.0,"{""above"": 5631, ""below"": null, ""left"": 5627, ""right"": 5628, ""top_left"": null, ""top_right"": null, ""bottom_left"": 5632, ""bottom_right"": null}","{""above"": ""dishwasher"", ""below"": null, ""left"": null, ""right"": null, ""top_left"": null, ""top_right"": ""toaster"", ""bottom_left"": null, ""bottom_right"": null}","{'sink': 0.1011, 'dishwasher': 0.0691, 'toaster': 0.0869}","{'sink': 320.08, 'dishwasher': 272.3, 'toaster': 300.91}",[],cabinet door,{},"Container id 5, is a ""cabinet door"" below the countertop."
5630,6,images/kitchen/9_segmented_sun_afdefsrtlbtfdhxq.jpg,"[[54, 490], [19, 518], [24, 746], [57, 679]]",cabinet door,0.315,"[[0, 418], [1200, 418], [1200, 798], [0, 798]]",below,6.737,256.0,38.0,"{""above"": null, ""below"": null, ""left"": null, ""right"": 5625, ""top_left"": null, ""top_right"": null, ""bottom_left"": null, ""bottom_right"": null}","{""above"": null, ""below"": null, ""left"": null, ""right"": null, ""top_left"": null, ""top_right"": null, ""bottom_left"": null, ""bottom_right"": null}","{'sink': 0.4115, 'dishwasher': 0.3413, 'toaster': 0.3827}","{'sink': 344.77, 'dishwasher': 340.8, 'toaster': 342.08}",[],cabinet door,{},"Container id 6, is a ""cabinet door"" below the countertop."
5631,7,images/kitchen/9_segmented_sun_afdefsrtlbtfdhxq.jpg,"[[455, 457], [454, 480], [527, 508], [525, 475]]",drawer,0.342,"[[0, 418], [1200, 418], [1200, 798], [0, 798]]",below,0.699,51.0,73.0,"{""above"": null, ""below"": 5629, ""left"": null, ""right"": null, ""top_left"": null, ""top_right"": null, ""bottom_left"": 5627, ""bottom_right"": null}","{""above"": ""dishwasher"", ""below"": null, ""left"": null, ""right"": null, ""top_left"": null, ""top_right"": null, ""bottom_left"": null, ""bottom_right"": null}","{'sink': 0.0858, 'dishwasher': 0.0249, 'toaster': 0.0583}","{'sink': 347.14, 'dishwasher': 290.84, 'toaster': 330.44}",[],drawer,"{'dishwasher': 1, 'toaster': 2}","Container id 7, is a ""drawer"" below the countertop. Additionally, it is the closest to the dishwasher, and the 2nd closest to the toaster."
5632,8,images/kitchen/9_segmented_sun_afdefsrtlbtfdhxq.jpg,"[[456, 482], [454, 587], [527, 644], [528, 511]]",cabinet door,0.387,"[[0, 418], [1200, 418], [1200, 798], [0, 798]]",below,2.189,162.0,74.0,"{""above"": 5631, ""below"": null, ""left"": 5627, ""right"": 5628, ""top_left"": null, ""top_right"": 5629, ""bottom_left"": null, ""bottom_right"": null}","{""above"": ""dishwasher"", ""below"": null, ""left"": null, ""right"": null, ""top_left"": null, ""top_right"": null, ""bottom_left"": null, ""bottom_right"": null}","{'sink': 0.1097, 'dishwasher': 0.0764, 'toaster': 0.0956}","{'sink': 319.1, 'dishwasher': 276.12, 'toaster': 301.54}",[],cabinet door,{},"Container id 8, is a ""cabinet door"" below the countertop."
5633,9,images/kitchen/9_segmented_sun_afdefsrtlbtfdhxq.jpg,"[[527, 480], [527, 491]]",drawer,0.322,"[[0, 418], [1200, 418], [1200, 798], [0, 798]]",below,inf,11.0,0.0,"{""above"": null, ""below"": null, ""left"": null, ""right"": null, ""top_left"": null, ""top_right"": null, ""bottom_left"": null, ""bottom_right"": null}","{""above"": null, ""below"": null, ""left"": null, ""right"": null, ""top_left"": null, ""top_right"": null, ""bottom_left"": null, ""bottom_right"": null}","{'sink': 0.0625, 'dishwasher': 0.0318, 'toaster': 0.0412}","{'sink': 338.49, 'dishwasher': 238.39, 'toaster': 307.74}",[],drawer,"{'sink': 2, 'dishwasher': 2, 'toaster': 1}","Container id 9, is a ""drawer"" below the countertop. Additionally, it is the 2nd closest to the sink, the 2nd closest to the dishwasher, and the closest to the toaster."
5753,1,images/kitchen/12_segmented_sun_alqlmxgzxpeuaciw.jpg,"[[173, 51], [174, 104], [191, 104], [191, 51]]",cabinet door,0.477,"[[0, 123], [256, 123], [256, 256], [0, 256]]",above,2.944,53.0,18.0,"{""above"": null, ""below"": null, ""left"": 5756, ""right"": 5760, ""top_left"": null, ""top_right"": null, ""bottom_left"": null, ""bottom_right"": null}","{""above"": null, ""below"": null, ""left"": null, ""right"": null, ""top_left"": null, ""top_right"": null, ""bottom_left"": null, ""bottom_right"": null}","{'oven': 0.2902, 'refrigerator': 0.3249, 'microwave': 0.5028, 'stove': 0.25}","{'oven': 55.18, 'refrigerator': 156.98, 'microwave': 168.95, 'stove': 48.47}",[],cabinet door,{},"Container id 1, is a ""cabinet door"" above the countertop."
5754,2,images/kitchen/12_segmented_sun_alqlmxgzxpeuaciw.jpg,"[[60, 51], [60, 80], [82, 81], [83, 51]]",cabinet door,0.483,"[[0, 123], [256, 123], [256, 256], [0, 256]]",above,1.304,30.0,23.0,"{""above"": null, ""below"": null, ""left"": 5758, ""right"": null, ""top_left"": null, ""top_right"": null, ""bottom_left"": null, ""bottom_right"": null}","{""above"": null, ""below"": null, ""left"": null, ""right"": null, ""top_left"": null, ""top_right"": null, ""bottom_left"": null, ""bottom_right"": null}","{'oven': 0.5444, 'refrigerator': 0.1597, 'microwave': 0.227, 'stove': 0.5209}","{'oven': 29.82, 'refrigerator': 87.27, 'microwave': 145.41, 'stove': 24.93}",[],cabinet door,{'refrigerator': 1},"Container id 2, is a ""cabinet door"" above the countertop. Additionally, it is the closest to the refrigerator."
5755,3,images/kitchen/12_segmented_sun_alqlmxgzxpeuaciw.jpg,"[[128, 54], [125, 55], [126, 106], [143, 105], [143, 55]]",cabinet door,0.471,"[[0, 123], [256, 123], [256, 256], [0, 256]]",above,2.889,52.0,18.0,"{""above"": null, ""below"": null, ""left"": 5764, ""right"": 5756, ""top_left"": null, ""top_right"": null, ""bottom_left"": null, ""bottom_right"": null}","{""above"": null, ""below"": null, ""left"": null, ""right"": null, ""top_left"": null, ""top_right"": null, ""bottom_left"": null, ""bottom_right"": null}","{'oven': 0.3888, 'refrigerator': 0.211, 'microwave': 0.372, 'stove': 0.3588}","{'oven': 39.09, 'refrigerator': 140.58, 'microwave': 163.88, 'stove': 32.74}",[],cabinet door,{},"Container id 3, is a ""cabinet door"" above the countertop."
5756,4,images/kitchen/12_segmented_sun_alqlmxgzxpeuaciw.jpg,"[[151, 52], [150, 104], [168, 105], [167, 52]]",cabinet door,0.477,"[[0, 123], [256, 123], [256, 256], [0, 256]]",above,2.944,53.0,18.0,"{""above"": null, ""below"": null, ""left"": 5755, ""right"": 5753, ""top_left"": null, ""top_right"": null, ""bottom_left"": null, ""bottom_right"": null}","{""above"": null, ""below"": null, ""left"": null, ""right"": null, ""top_left"": null, ""top_right"": null, ""bottom_left"": null, ""bottom_right"": null}","{'oven': 0.3296, 'refrigerator': 0.266, 'microwave': 0.4395, 'stove': 0.2952}","{'oven': 45.76, 'refrigerator': 151.97, 'microwave': 167.61, 'stove': 38.83}",[],cabinet door,{},"Container id 4, is a ""cabinet door"" above the countertop."
5757,5,images/kitchen/12_segmented_sun_alqlmxgzxpeuaciw.jpg,"[[92, 51], [92, 89], [103, 90], [103, 51]]",cabinet door,0.459,"[[0, 123], [256, 123], [256, 256], [0, 256]]",above,3.545,39.0,11.0,"{""above"": null, ""below"": null, ""left"": null, ""right"": 5764, ""top_left"": null, ""top_right"": null, ""bottom_left"": null, ""bottom_right"": 5761}","{""above"": null, ""below"": null, ""left"": null, ""right"": null, ""top_left"": null, ""top_right"": null, ""bottom_left"": null, ""bottom_right"": null}","{'oven': 0.476, 'refrigerator': 0.1608, 'microwave': 0.2843, 'stove': 0.4503}","{'oven': 32.86, 'refrigerator': 113.81, 'microwave': 155.83, 'stove': 27.39}",[],cabinet door,{'refrigerator': 2},"Container id 5, is a ""cabinet door"" above the countertop. Additionally, it is the 2nd closest to the refrigerator."
5758,6,images/kitchen/12_segmented_sun_alqlmxgzxpeuaciw.jpg,"[[34, 50], [34, 81], [57, 81], [59, 51]]",cabinet door,0.472,"[[0, 123], [256, 123], [256, 256], [0, 256]]",above,1.24,31.0,25.0,"{""above"": null, ""below"": null, ""left"": 5759, ""right"": 5754, ""top_left"": null, ""top_right"": null, ""bottom_left"": null, ""bottom_right"": null}","{""above"": null, ""below"": null, ""left"": null, ""right"": null, ""top_left"": null, ""top_right"": null, ""bottom_left"": null, ""bottom_right"": null}","{'oven': 0.6059, 'refrigerator': 0.1773, 'microwave': 0.1741, 'stove': 0.5849}","{'oven': 26.54, 'refrigerator': 64.13, 'microwave': 132.27, 'stove': 22.05}",[],cabinet door,{'microwave': 2},"Container id 6, is a ""cabinet door"" above the countertop. Additionally, it is the 2nd closest to the microwave."
5759,7,images/kitchen/12_segmented_sun_alqlmxgzxpeuaciw.jpg,"[[0, 49], [0, 99], [30, 96], [29, 49]]",cabinet door,0.475,"[[0, 123], [256, 123], [256, 256], [0, 256]]",above,1.667,50.0,30.0,"{""above"": null, ""below"": null, ""left"": null, ""right"": 5758, ""top_left"": null, ""top_right"": null, ""bottom_left"": null, ""bottom_right"": null}","{""above"": null, ""below"": ""microwave"", ""left"": null, ""right"": null, ""top_left"": null, ""top_right"": null, ""bottom_left"": null, ""bottom_right"": ""refrigerator""}","{'oven': 0.6763, 'refrigerator': 0.2146, 'microwave': 0.1124, 'stove': 0.6591}","{'oven': 21.69, 'refrigerator': 40.3, 'microwave': 105.9, 'stove': 17.56}",[],cabinet door,{'microwave': 1},"Container id 7, is a ""cabinet door"" above the countertop. Additionally, it is the closest to the microwave."
5760,8,images/kitchen/12_segmented_sun_alqlmxgzxpeuaciw.jpg,"[[196, 48], [195, 104], [214, 105], [215, 49]]",cabinet door,0.388,"[[0, 123], [256, 123], [256, 256], [0, 256]]",above,2.85,57.0,20.0,"{""above"": null, ""below"": null, ""left"": 5753, ""right"": 5762, ""top_left"": null, ""top_right"": null, ""bottom_left"": null, ""bottom_right"": null}","{""above"": null, ""below"": null, ""left"": null, ""right"": null, ""top_left"": null, ""top_right"": null, ""bottom_left"": null, ""bottom_right"": null}","{'oven': 0.262, 'refrigerator': 0.3844, 'microwave': 0.5651, 'stove': 0.216}","{'oven': 66.88, 'refrigerator': 160.26, 'microwave': 169.89, 'stove': 61.55}",[],cabinet door,"{'oven': 2, 'stove': 2}","Container id 8, is a ""cabinet door"" above the countertop. Additionally, it is the 2nd closest to the oven, and the 2nd closest to the stove."
5761,9,images/kitchen/12_segmented_sun_alqlmxgzxpeuaciw.jpg,"[[108, 51], [108, 89], [115, 92], [115, 105], [124, 106], [123, 52]]",cabinet door,0.342,"[[0, 123], [256, 123], [256, 256], [0, 256]]",above,3.438,55.0,16.0,"{""above"": 5764, ""below"": null, ""left"": null, ""right"": 5755, ""top_left"": 5757, ""top_right"": null, ""bottom_left"": null, ""bottom_right"": null}","{""above"": null, ""below"": null, ""left"": null, ""right"": null, ""top_left"": null, ""top_right"": null, ""bottom_left"": ""refrigerator"", ""bottom_right"": null}","{'oven': 0.4159, 'refrigerator': 0.1611, 'microwave': 0.3199, 'stove': 0.3907}","{'oven': 32.66, 'refrigerator': 135.35, 'microwave': 165.04, 'stove': 26.34}",[],cabinet door,{},"Container id 9, is a ""cabinet door"" above the countertop."
5762,10,images/kitchen/12_segmented_sun_alqlmxgzxpeuaciw.jpg,"[[202, 48], [202, 105], [214, 105], [215, 49]]",cabinet door,0.307,"[[0, 123], [256, 123], [256, 256], [0, 256]]",above,4.385,57.0,13.0,"{""above"": null, ""below"": null, ""left"": 5760, ""right"": null, ""top_left"": null, ""top_right"": null, ""bottom_left"": null, ""bottom_right"": null}","{""above"": null, ""below"": null, ""left"": null, ""right"": null, ""top_left"": null, ""top_right"": null, ""bottom_left"": null, ""bottom_right"": null}","{'oven': 0.258, 'refrigerator': 0.3927, 'microwave': 0.5738, 'stove': 0.2112}","{'oven': 68.65, 'refrigerator': 160.8, 'microwave': 170.12, 'stove': 63.6}",[],cabinet door,"{'oven': 1, 'stove': 1}","Container id 10, is a ""cabinet door"" above the countertop. Additionally, it is the closest to the oven, and the closest to the stove."
5763,11,images/kitchen/12_segmented_sun_alqlmxgzxpeuaciw.jpg,"[[123, 62]]",cabinet door,0.365,"[[0, 123], [256, 123], [256, 256], [0, 256]]",above,0.0,0.0,0.0,"{""above"": null, ""below"": null, ""left"": null, ""right"": null, ""top_left"": null, ""top_right"": null, ""bottom_left"": null, ""bottom_right"": null}","{""above"": null, ""below"": null, ""left"": null, ""right"": null, ""top_left"": null, ""top_right"": null, ""bottom_left"": null, ""bottom_right"": null}","{'oven': 0.433, 'refrigerator': 0.2172, 'microwave': 0.358, 'stove': 0.4017}","{'oven': 40.47, 'refrigerator': 128.55, 'microwave': 157.11, 'stove': 34.92}",[],cabinet door,{},"Container id 11, is a ""cabinet door"" above the countertop."
5764,12,images/kitchen/12_segmented_sun_alqlmxgzxpeuaciw.jpg,"[[108, 51], [108, 89], [120, 90], [122, 54]]",cabinet door,0.359,"[[0, 123], [256, 123], [256, 256], [0, 256]]",above,2.786,39.0,14.0,"{""above"": null, ""below"": null, ""left"": 5757, ""right"": 5755, ""top_left"": null, ""top_right"": null, ""bottom_left"": null, ""bottom_right"": null}","{""above"": null, ""below"": null, ""left"": null, ""right"": null, ""top_left"": null, ""top_right"": null, ""bottom_left"": null, ""bottom_right"": null}","{'oven': 0.4361, 'refrigerator': 0.1831, 'microwave': 0.327, 'stove': 0.4081}","{'oven': 35.98, 'refrigerator': 127.65, 'microwave': 159.53, 'stove': 30.17}",[],cabinet door,{},"Container id 12, is a ""cabinet door"" above the countertop."
5871,1,images/kitchen/8_segmented_sun_axuroipjldepebje.jpg,"[[87, 161], [57, 168], [56, 223], [87, 214]]",cabinet door,0.432,"[[0, 130], [300, 130], [300, 225], [0, 225]]",below,2.0,62.0,31.0,"{""above"": 5873, ""below"": null, ""left"": null, ""right"": 5872, ""top_left"": 5878, ""top_right"": null, ""bottom_left"": null, ""bottom_right"": null}","{""above"": null, ""below"": null, ""left"": null, ""right"": null, ""top_left"": ""sink"", ""top_right"": ""refrigerator"", ""bottom_left"": null, ""bottom_right"": null}","{'refrigerator': 0.2051, 'oven': 0.5656, 'dish': 0.2054, 'sink': 0.1538}","{'refrigerator': 322.94, 'oven': 1.0, 'dish': 289.4, 'sink': 245.51}",[],cabinet door,"{'refrigerator': 2, 'oven': 2}","Container id 1, is a ""cabinet door"" below the countertop. Additionally, it is the 2nd closest to the refrigerator, and the 2nd closest to the oven."
5872,2,images/kitchen/8_segmented_sun_axuroipjldepebje.jpg,"[[118, 167], [89, 173], [89, 213], [117, 202]]",cabinet door,0.452,"[[0, 130], [300, 130], [300, 225], [0, 225]]",below,1.586,46.0,29.0,"{""above"": null, ""below"": null, ""left"": 5871, ""right"": null, ""top_left"": null, ""top_right"": null, ""bottom_left"": null, ""bottom_right"": null}","{""above"": null, ""below"": null, ""left"": null, ""right"": null, ""top_left"": null, ""top_right"": ""refrigerator"", ""bottom_left"": null, ""bottom_right"": null}","{'refrigerator': 0.141, 'oven': 0.4818, 'dish': 0.1871, 'sink': 0.1986}","{'refrigerator': 304.43, 'oven': 2.05, 'dish': 265.16, 'sink': 221.92}",[],cabinet door,"{'refrigerator': 1, 'oven': 1}","Container id 2, is a ""cabinet door"" below the countertop. Additionally, it is the closest to the refrigerator, and the closest to the oven."
5873,3,images/kitchen/8_segmented_sun_axuroipjldepebje.jpg,"[[54, 163], [54, 166], [54, 165], [55, 164]]",drawer,0.456,"[[0, 130], [300, 130], [300, 225], [0, 225]]",below,3.0,3.0,1.0,"{""above"": null, ""below"": null, ""left"": null, ""right"": null, ""top_left"": null, ""top_right"": null, ""bottom_left"": null, ""bottom_right"": null}","{""above"": null, ""below"": null, ""left"": null, ""right"": null, ""top_left"": null, ""top_right"": null, ""bottom_left"": null, ""bottom_right"": null}","{'refrigerator': 0.2166, 'oven': 0.6176, 'dish': 0.1674, 'sink': 0.0701}","{'refrigerator': 346.21, 'oven': 7.62, 'dish': 313.33, 'sink': 255.88}",[],drawer,{},"Container id 3, is a ""drawer"" below the countertop."
5874,4,images/kitchen/8_segmented_sun_axuroipjldepebje.jpg,"[[54, 158], [54, 161]]",drawer,0.412,"[[0, 130], [300, 130], [300, 225], [0, 225]]",below,inf,3.0,0.0,"{""above"": null, ""below"": null, ""left"": null, ""right"": null, ""top_left"": null, ""top_right"": null, ""bottom_left"": null, ""bottom_right"": null}","{""above"": null, ""below"": null, ""left"": null, ""right"": null, ""top_left"": null, ""top_right"": null, ""bottom_left"": null, ""bottom_right"": null}","{'refrigerator': 0.2145, 'oven': 0.6202, 'dish': 0.1585, 'sink': 0.0571}","{'refrigerator': 349.72, 'oven': 8.83, 'dish': 316.82, 'sink': 253.26}",[],drawer,{},"Container id 4, is a ""drawer"" below the countertop."
5875,5,images/kitchen/8_segmented_sun_axuroipjldepebje.jpg,"[[5, 158], [6, 158]]",cabinet door,0.372,"[[0, 130], [300, 130], [300, 225], [0, 225]]",below,0.0,0.0,1.0,"{""above"": null, ""below"": null, ""left"": null, ""right"": null, ""top_left"": null, ""top_right"": null, ""bottom_left"": null, ""bottom_right"": null}","{""above"": null, ""below"": null, ""left"": null, ""right"": null, ""top_left"": null, ""top_right"": null, ""bottom_left"": null, ""bottom_right"": null}","{'refrigerator': 0.3421, 'oven': 0.7487, 'dish': 0.2662, 'sink': 0.1237}","{'refrigerator': 354.25, 'oven': 7.61, 'dish': 336.9, 'sink': 335.83}",[],cabinet door,{},"Container id 5, is a ""cabinet door"" below the countertop."
5876,6,images/kitchen/8_segmented_sun_axuroipjldepebje.jpg,"[[54, 153], [54, 156]]",drawer,0.393,"[[0, 130], [300, 130], [300, 225], [0, 225]]",below,inf,3.0,0.0,"{""above"": null, ""below"": null, ""left"": null, ""right"": null, ""top_left"": null, ""top_right"": null, ""bottom_left"": null, ""bottom_right"": null}","{""above"": null, ""below"": null, ""left"": null, ""right"": null, ""top_left"": null, ""top_right"": null, ""bottom_left"": null, ""bottom_right"": null}","{'refrigerator': 0.2125, 'oven': 0.6223, 'dish': 0.1497, 'sink': 0.0445}","{'refrigerator': 353.26, 'oven': 10.04, 'dish': 320.54, 'sink': 248.3}",[],drawer,"{'dish': 1, 'sink': 2}","Container id 6, is a ""drawer"" below the countertop. Additionally, it is the closest to the dish, and the 2nd closest to the sink."
5877,7,images/kitchen/8_segmented_sun_axuroipjldepebje.jpg,"[[50, 152]]",drawer,0.417,"[[0, 130], [300, 130], [300, 225], [0, 225]]",below,0.0,0.0,0.0,"{""above"": null, ""below"": null, ""left"": null, ""right"": null, ""top_left"": null, ""top_right"": null, ""bottom_left"": null, ""bottom_right"": null}","{""above"": null, ""below"": null, ""left"": null, ""right"": null, ""top_left"": null, ""top_right"": null, ""bottom_left"": null, ""bottom_right"": null}","{'refrigerator': 0.2225, 'oven': 0.634, 'dish': 0.1541, 'sink': 0.0351}","{'refrigerator': 355.29, 'oven': 10.47, 'dish': 324.98, 'sink': 260.54}",[],drawer,"{'dish': 2, 'sink': 1}","Container id 7, is a ""drawer"" below the countertop. Additionally, it is the 2nd closest to the dish, and the closest to the sink."
5878,8,images/kitchen/8_segmented_sun_axuroipjldepebje.jpg,"[[51, 156], [45, 152], [8, 159], [9, 176], [51, 167]]",drawer,0.4,"[[0, 130], [300, 130], [300, 225], [0, 225]]",below,0.558,24.0,43.0,"{""above"": null, ""below"": null, ""left"": null, ""right"": 5873, ""top_left"": null, ""top_right"": null, ""bottom_left"": null, ""bottom_right"": 5871}","{""above"": ""sink"", ""below"": null, ""left"": null, ""right"": null, ""top_left"": null, ""top_right"": null, ""bottom_left"": null, ""bottom_right"": null}","{'refrigerator': 0.2713, 'oven': 0.6752, 'dish': 0.207, 'sink': 0.0733}","{'refrigerator': 350.46, 'oven': 7.53, 'dish': 326.22, 'sink': 303.17}",[],drawer,{},"Container id 8, is a ""drawer"" below the countertop."
5903,1,images/kitchen/8_segmented_sun_adwiyvylmsqaomcb.jpg,"[[152, 143], [150, 238], [206, 238], [211, 147]]",cabinet door,0.456,"[[0, 119], [320, 119], [320, 240], [0, 240]]",below,1.557,95.0,61.0,"{""above"": null, ""below"": null, ""left"": null, ""right"": 5909, ""top_left"": null, ""top_right"": null, ""bottom_left"": null, ""bottom_right"": null}","{""above"": ""sink"", ""below"": null, ""left"": ""dishwasher"", ""right"": null, ""top_left"": ""electronic kettle toaster"", ""top_right"": null, ""bottom_left"": null, ""bottom_right"": null}","{'microwave': 0.3388, 'dishwasher': 0.2428, 'sink': 0.1678, 'electronic kettle toaster': 0.2543, 'refrigerator': 0.3885}","{'microwave': 207.75, 'dishwasher': 181.38, 'sink': 295.99, 'electronic kettle toaster': 229.35, 'refrigerator': 317.02}",[],cabinet door,"{'dishwasher': 1, 'sink': 2}","Container id 1, is a ""cabinet door"" below the countertop. Additionally, it is the closest to the dishwasher, and the 2nd closest to the sink."
5904,2,images/kitchen/8_segmented_sun_adwiyvylmsqaomcb.jpg,"[[214, 147], [208, 238], [266, 238], [275, 152]]",cabinet door,0.446,"[[0, 119], [320, 119], [320, 240], [0, 240]]",below,1.358,91.0,67.0,"{""above"": null, ""below"": null, ""left"": 5909, ""right"": null, ""top_left"": null, ""top_right"": null, ""bottom_left"": null, ""bottom_right"": null}","{""above"": ""sink"", ""below"": null, ""left"": null, ""right"": null, ""top_left"": null, ""top_right"": ""refrigerator"", ""bottom_left"": null, ""bottom_right"": null}","{'microwave': 0.481, 'dishwasher': 0.3954, 'sink': 0.1753, 'electronic kettle toaster': 0.375, 'refrigerator': 0.3008}","{'microwave': 199.86, 'dishwasher': 181.66, 'sink': 243.22, 'electronic kettle toaster': 211.97, 'refrigerator': 295.96}",[],cabinet door,{},"Container id 2, is a ""cabinet door"" below the countertop."
5905,3,images/kitchen/8_segmented_sun_adwiyvylmsqaomcb.jpg,"[[222, 1], [218, 59], [275, 62], [281, 3]]",cabinet door,0.437,"[[0, 119], [320, 119], [320, 240], [0, 240]]",above,0.968,61.0,63.0,"{""above"": null, ""below"": null, ""left"": 5906, ""right"": null, ""top_left"": null, ""top_right"": null, ""bottom_left"": null, ""bottom_right"": null}","{""above"": null, ""below"": null, ""left"": null, ""right"": null, ""top_left"": null, ""top_right"": null, ""bottom_left"": null, ""bottom_right"": ""refrigerator""}","{'microwave': 0.5317, 'dishwasher': 0.5734, 'sink': 0.2689, 'electronic kettle toaster': 0.3974, 'refrigerator': 0.1754}","{'microwave': 152.82, 'dishwasher': 136.49, 'sink': 111.74, 'electronic kettle toaster': 148.48, 'refrigerator': 50.72}",[],cabinet door,{'refrigerator': 1},"Container id 3, is a ""cabinet door"" above the countertop. Additionally, it is the closest to the refrigerator."
5906,4,images/kitchen/8_segmented_sun_adwiyvylmsqaomcb.jpg,"[[160, 2], [159, 57], [213, 59], [216, 2]]",cabinet door,0.415,"[[0, 119], [320, 119], [320, 240], [0, 240]]",above,1.0,57.0,57.0,"{""above"": null, ""below"": null, ""left"": 5908, ""right"": 5905, ""top_left"": null, ""top_right"": null, ""bottom_left"": null, ""bottom_right"": null}","{""above"": null, ""below"": null, ""left"": null, ""right"": null, ""top_left"": null, ""top_right"": null, ""bottom_left"": null, ""bottom_right"": null}","{'microwave': 0.402, 'dishwasher': 0.4758, 'sink': 0.2589, 'electronic kettle toaster': 0.2797, 'refrigerator': 0.3002}","{'microwave': 142.28, 'dishwasher': 123.24, 'sink': 77.64, 'electronic kettle toaster': 131.07, 'refrigerator': 27.57}",[],cabinet door,{'refrigerator': 2},"Container id 4, is a ""cabinet door"" above the countertop. Additionally, it is the 2nd closest to the refrigerator."
5907,5,images/kitchen/8_segmented_sun_adwiyvylmsqaomcb.jpg,"[[66, 2], [67, 60], [110, 56], [111, 2]]",cabinet door,0.411,"[[0, 119], [320, 119], [320, 240], [0, 240]]",above,1.289,58.0,45.0,"{""above"": null, ""below"": null, ""left"": 5910, ""right"": 5908, ""top_left"": null, ""top_right"": null, ""bottom_left"": null, ""bottom_right"": null}","{""above"": null, ""below"": null, ""left"": null, ""right"": null, ""top_left"": null, ""top_right"": null, ""bottom_left"": null, ""bottom_right"": null}","{'microwave': 0.2563, 'dishwasher': 0.3982, 'sink': 0.3937, 'electronic kettle toaster': 0.2199, 'refrigerator': 0.5308}","{'microwave': 106.26, 'dishwasher': 92.1, 'sink': 39.98, 'electronic kettle toaster': 73.49, 'refrigerator': 15.17}",[],cabinet door,"{'microwave': 1, 'electronic kettle toaster': 2}","Container id 5, is a ""cabinet door"" above the countertop. Additionally, it is the closest to the microwave, and the 2nd closest to the electronic kettle toaster."
5908,6,images/kitchen/8_segmented_sun_adwiyvylmsqaomcb.jpg,"[[116, 2], [115, 55], [152, 57], [155, 2]]",cabinet door,0.403,"[[0, 119], [320, 119], [320, 240], [0, 240]]",above,1.375,55.0,40.0,"{""above"": null, ""below"": null, ""left"": 5907, ""right"": 5906, ""top_left"": null, ""top_right"": null, ""bottom_left"": null, ""bottom_right"": null}","{""above"": null, ""below"": null, ""left"": null, ""right"": null, ""top_left"": null, ""top_right"": null, ""bottom_left"": null, ""bottom_right"": null}","{'microwave': 0.3109, 'dishwasher': 0.4209, 'sink': 0.3164, 'electronic kettle toaster': 0.2197, 'refrigerator': 0.4217}","{'microwave': 126.93, 'dishwasher': 107.93, 'sink': 53.84, 'electronic kettle toaster': 103.83, 'refrigerator': 19.59}",[],cabinet door,{'electronic kettle toaster': 1},"Container id 6, is a ""cabinet door"" above the countertop. Additionally, it is the closest to the electronic kettle toaster."
5909,7,images/kitchen/8_segmented_sun_adwiyvylmsqaomcb.jpg,"[[152, 143], [150, 238], [266, 237], [274, 151]]",drawer,0.318,"[[0, 119], [320, 119], [320, 240], [0, 240]]",below,0.766,95.0,124.0,"{""above"": null, ""below"": null, ""left"": 5903, ""right"": 5904, ""top_left"": null, ""top_right"": null, ""bottom_left"": null, ""bottom_right"": null}","{""above"": ""sink"", ""below"": null, ""left"": ""dishwasher"", ""right"": null, ""top_left"": ""electronic kettle toaster"", ""top_right"": ""refrigerator"", ""bottom_left"": null, ""bottom_right"": null}","{'microwave': 0.4092, 'dishwasher': 0.3197, 'sink': 0.1527, 'electronic kettle toaster': 0.311, 'refrigerator': 0.3378}","{'microwave': 202.96, 'dishwasher': 181.38, 'sink': 268.75, 'electronic kettle toaster': 218.77, 'refrigerator': 307.86}",[],drawer,"{'dishwasher': 2, 'sink': 1}","Container id 7, is a ""drawer"" below the countertop. Additionally, it is the 2nd closest to the dishwasher, and the closest to the sink."
5910,8,images/kitchen/8_segmented_sun_adwiyvylmsqaomcb.jpg,"[[5, 1], [5, 54], [61, 59], [62, 2]]",cabinet door,0.403,"[[0, 119], [320, 119], [320, 240], [0, 240]]",above,1.018,58.0,57.0,"{""above"": null, ""below"": null, ""left"": null, ""right"": 5907, ""top_left"": null, ""top_right"": null, ""bottom_left"": null, ""bottom_right"": null}","{""above"": null, ""below"": null, ""left"": null, ""right"": null, ""top_left"": null, ""top_right"": null, ""bottom_left"": null, ""bottom_right"": null}","{'microwave': 0.2572, 'dishwasher': 0.419, 'sink': 0.5086, 'electronic kettle toaster': 0.2929, 'refrigerator': 0.6656}","{'microwave': 75.05, 'dishwasher': 72.85, 'sink': 30.15, 'electronic kettle toaster': 46.76, 'refrigerator': 12.27}",[],cabinet door,{'microwave': 2},"Container id 8, is a ""cabinet door"" above the countertop. Additionally, it is the 2nd closest to the microwave."
5976,1,images/kitchen/10_segmented_sun_avfsqwoiantddppx.jpg,"[[197, 160], [152, 162], [155, 214], [197, 212]]",cabinet door,0.398,,,1.2,54.0,45.0,"{""above"": null, ""below"": null, ""left"": 5978, ""right"": null, ""top_left"": null, ""top_right"": null, ""bottom_left"": null, ""bottom_right"": null}","{""above"": null, ""below"": null, ""left"": null, ""right"": null, ""top_left"": null, ""top_right"": ""refrigerator"", ""bottom_left"": null, ""bottom_right"": null}","{'oven': 0.3816, 'microwave': 0.2205, 'refrigerator': 0.2316, 'dish': 0.2988, 'stove': 0.4091}","{'oven': 170.5, 'microwave': 240.38, 'refrigerator': 299.47, 'dish': 210.47, 'stove': 189.06}",[],cabinet door,{'refrigerator': 2},"Container id 1, is a ""cabinet door"" nan the countertop. Additionally, it is the 2nd closest to the refrigerator."
5977,2,images/kitchen/10_segmented_sun_avfsqwoiantddppx.jpg,"[[196, 158], [197, 158]]",cabinet door,0.407,,,0.0,0.0,1.0,"{""above"": null, ""below"": null, ""left"": null, ""right"": null, ""top_left"": null, ""top_right"": null, ""bottom_left"": null, ""bottom_right"": null}","{""above"": null, ""below"": null, ""left"": null, ""right"": null, ""top_left"": null, ""top_right"": null, ""bottom_left"": null, ""bottom_right"": null}","{'oven': 0.458, 'microwave': 0.2014, 'refrigerator': 0.1335, 'dish': 0.3242, 'stove': 0.4629}","{'oven': 161.79, 'microwave': 213.65, 'refrigerator': 294.44, 'dish': 192.73, 'stove': 178.06}",[],cabinet door,{'refrigerator': 1},"Container id 2, is a ""cabinet door"" nan the countertop. Additionally, it is the closest to the refrigerator."
5978,3,images/kitchen/10_segmented_sun_avfsqwoiantddppx.jpg,"[[109, 160], [108, 214], [150, 213], [147, 162]]",cabinet door,0.386,,,1.286,54.0,42.0,"{""above"": null, ""below"": null, ""left"": 5980, ""right"": 5976, ""top_left"": null, ""top_right"": null, ""bottom_left"": null, ""bottom_right"": null}","{""above"": null, ""below"": null, ""left"": ""oven"", ""right"": null, ""top_left"": null, ""top_right"": null, ""bottom_left"": null, ""bottom_right"": null}","{'oven': 0.2549, 'microwave': 0.1934, 'refrigerator': 0.3163, 'dish': 0.1992, 'stove': 0.2824}","{'oven': 165.86, 'microwave': 275.98, 'refrigerator': 320.23, 'dish': 229.84, 'stove': 193.33}",[],cabinet door,{'microwave': 2},"Container id 3, is a ""cabinet door"" nan the countertop. Additionally, it is the 2nd closest to the microwave."
5979,4,images/kitchen/10_segmented_sun_avfsqwoiantddppx.jpg,"[[188, 9], [139, 11], [140, 71], [190, 70]]",drawer,0.392,,,1.216,62.0,51.0,"{""above"": null, ""below"": null, ""left"": 5982, ""right"": null, ""top_left"": null, ""top_right"": null, ""bottom_left"": null, ""bottom_right"": null}","{""above"": null, ""below"": ""microwave"", ""left"": null, ""right"": null, ""top_left"": null, ""top_right"": null, ""bottom_left"": null, ""bottom_right"": ""refrigerator""}","{'oven': 0.5822, 'microwave': 0.2276, 'refrigerator': 0.2497, 'dish': 0.3406, 'stove': 0.5057}","{'oven': 126.45, 'microwave': 110.19, 'refrigerator': 54.68, 'dish': 131.83, 'stove': 137.62}",[],drawer,{},"Container id 4, is a ""drawer"" nan the countertop."
5980,5,images/kitchen/10_segmented_sun_avfsqwoiantddppx.jpg,"[[103, 147], [74, 155], [79, 229], [104, 215]]",drawer,0.348,,,2.733,82.0,30.0,"{""above"": 5985, ""below"": 5983, ""left"": null, ""right"": 5978, ""top_left"": null, ""top_right"": null, ""bottom_left"": null, ""bottom_right"": null}","{""above"": ""dish"", ""below"": null, ""left"": ""oven"", ""right"": null, ""top_left"": null, ""top_right"": ""microwave"", ""bottom_left"": null, ""bottom_right"": null}","{'oven': 0.1549, 'microwave': 0.2285, 'refrigerator': 0.4027, 'dish': 0.1518, 'stove': 0.1799}","{'oven': 155.45, 'microwave': 303.61, 'refrigerator': 330.18, 'dish': 261.63, 'stove': 200.52}",[],drawer,{},"Container id 5, is a ""drawer"" nan the countertop."
5981,6,images/kitchen/10_segmented_sun_avfsqwoiantddppx.jpg,"[[100, 149], [91, 149], [75, 156], [76, 166], [100, 162]]",cabinet door,0.3,,,0.68,17.0,25.0,"{""above"": null, ""below"": 5985, ""left"": null, ""right"": null, ""top_left"": null, ""top_right"": null, ""bottom_left"": null, ""bottom_right"": null}","{""above"": null, ""below"": null, ""left"": null, ""right"": null, ""top_left"": null, ""top_right"": null, ""bottom_left"": null, ""bottom_right"": null}","{'oven': 0.2009, 'microwave': 0.1692, 'refrigerator': 0.3727, 'dish': 0.0693, 'stove': 0.1653}","{'oven': 132.77, 'microwave': 320.7, 'refrigerator': 341.69, 'dish': 255.22, 'stove': 173.03}",[],cabinet door,"{'microwave': 1, 'dish': 1, 'stove': 2}","Container id 6, is a ""cabinet door"" nan the countertop. Additionally, it is the closest to the microwave, the closest to the dish, and the 2nd closest to the stove."
5982,7,images/kitchen/10_segmented_sun_avfsqwoiantddppx.jpg,"[[163, 10], [139, 11], [140, 71], [163, 70]]",drawer,0.334,,,2.542,61.0,24.0,"{""above"": null, ""below"": null, ""left"": null, ""right"": 5979, ""top_left"": null, ""top_right"": null, ""bottom_left"": null, ""bottom_right"": null}","{""above"": null, ""below"": ""microwave"", ""left"": null, ""right"": null, ""top_left"": null, ""top_right"": null, ""bottom_left"": ""microwave"", ""bottom_right"": null}","{'oven': 0.5611, 'microwave': 0.2172, 'refrigerator': 0.2715, 'dish': 0.3173, 'stove': 0.4793}","{'oven': 123.55, 'microwave': 101.33, 'refrigerator': 48.4, 'dish': 127.08, 'stove': 134.79}",[],drawer,{},"Container id 7, is a ""drawer"" nan the countertop."
5983,8,images/kitchen/10_segmented_sun_avfsqwoiantddppx.jpg,"[[100, 179], [81, 185], [81, 198], [99, 194]]",drawer,0.338,,,1.0,19.0,19.0,"{""above"": 5985, ""below"": 5984, ""left"": null, ""right"": null, ""top_left"": null, ""top_right"": null, ""bottom_left"": null, ""bottom_right"": null}","{""above"": null, ""below"": null, ""left"": null, ""right"": null, ""top_left"": null, ""top_right"": null, ""bottom_left"": null, ""bottom_right"": null}","{'oven': 0.1528, 'microwave': 0.2339, 'refrigerator': 0.4056, 'dish': 0.1587, 'stove': 0.1831}","{'oven': 157.91, 'microwave': 302.54, 'refrigerator': 329.29, 'dish': 261.74, 'stove': 202.47}",[],drawer,{'oven': 2},"Container id 8, is a ""drawer"" nan the countertop. Additionally, it is the 2nd closest to the oven."
5984,9,images/kitchen/10_segmented_sun_avfsqwoiantddppx.jpg,"[[98, 196], [78, 202], [79, 225], [93, 222], [100, 215]]",drawer,0.314,,,1.318,29.0,22.0,"{""above"": 5983, ""below"": null, ""left"": null, ""right"": null, ""top_left"": null, ""top_right"": 5978, ""bottom_left"": null, ""bottom_right"": null}","{""above"": null, ""below"": null, ""left"": ""oven"", ""right"": null, ""top_left"": null, ""top_right"": null, ""bottom_left"": null, ""bottom_right"": null}","{'oven': 0.1399, 'microwave': 0.2903, 'refrigerator': 0.4429, 'dish': 0.2216, 'stove': 0.2141}","{'oven': 182.49, 'microwave': 296.08, 'refrigerator': 322.32, 'dish': 264.56, 'stove': 218.58}",[],drawer,{'oven': 1},"Container id 9, is a ""drawer"" nan the countertop. Additionally, it is the closest to the oven."
5985,10,images/kitchen/10_segmented_sun_avfsqwoiantddppx.jpg,"[[100, 164], [78, 168], [77, 176], [80, 182], [100, 178]]",cabinet door,0.319,,,0.783,18.0,23.0,"{""above"": 5981, ""below"": 5983, ""left"": null, ""right"": null, ""top_left"": null, ""top_right"": null, ""bottom_left"": null, ""bottom_right"": null}","{""above"": null, ""below"": null, ""left"": null, ""right"": null, ""top_left"": null, ""top_right"": null, ""bottom_left"": null, ""bottom_right"": null}","{'oven': 0.1661, 'microwave': 0.2052, 'refrigerator': 0.3938, 'dish': 0.1153, 'stove': 0.1625}","{'oven': 142.98, 'microwave': 311.07, 'refrigerator': 335.29, 'dish': 263.12, 'stove': 189.72}",[],cabinet door,"{'dish': 2, 'stove': 1}","Container id 10, is a ""cabinet door"" nan the countertop. Additionally, it is the 2nd closest to the dish, and the closest to the stove."
6083,1,images/kitchen/15_segmented_sun_apnxsgbjjdleuhdu.jpg,"[[351, 145], [349, 248], [334, 250], [332, 264], [381, 264], [385, 156]]",cabinet door,0.389,"[[0, 356], [800, 356], [800, 534], [0, 534]]",above,2.245,119.0,53.0,"{""above"": null, ""below"": null, ""left"": null, ""right"": 6088, ""top_left"": null, ""top_right"": null, ""bottom_left"": null, ""bottom_right"": null}","{""above"": null, ""below"": null, ""left"": null, ""right"": null, ""top_left"": null, ""top_right"": null, ""bottom_left"": null, ""bottom_right"": null}","{'oven': 0.2315, 'microwave': 0.1112, 'toaster': 0.1601, 'refrigerator': 0.3293, 'sink': 0.1651, 'stove': 0.1674}","{'oven': 104.46, 'microwave': 7.97, 'toaster': 37.82, 'refrigerator': 45.15, 'sink': 123.25, 'stove': 95.37}",[],cabinet door,{},"Container id 1, is a ""cabinet door"" above the countertop."
6084,2,images/kitchen/15_segmented_sun_apnxsgbjjdleuhdu.jpg,"[[148, 438], [147, 400], [76, 413]]",drawer,0.449,"[[0, 356], [800, 356], [800, 534], [0, 534]]",below,0.528,38.0,72.0,"{""above"": null, ""below"": null, ""left"": null, ""right"": null, ""top_left"": null, ""top_right"": null, ""bottom_left"": null, ""bottom_right"": null}","{""above"": null, ""below"": null, ""left"": ""stove"", ""right"": null, ""top_left"": null, ""top_right"": null, ""bottom_left"": null, ""bottom_right"": null}","{'oven': 0.1842, 'microwave': 0.3982, 'toaster': 0.3822, 'refrigerator': 0.4741, 'sink': 0.164, 'stove': 0.2282}","{'oven': 6.4, 'microwave': 331.8, 'toaster': 343.99, 'refrigerator': 3.61, 'sink': 336.46, 'stove': 350.69}",[],drawer,{},"Container id 2, is a ""drawer"" below the countertop."
6085,3,images/kitchen/15_segmented_sun_apnxsgbjjdleuhdu.jpg,"[[5, 66], [2, 264], [33, 270], [39, 75]]",cabinet door,0.415,"[[0, 356], [800, 356], [800, 534], [0, 534]]",above,5.514,204.0,37.0,"{""above"": null, ""below"": null, ""left"": null, ""right"": 6087, ""top_left"": null, ""top_right"": null, ""bottom_left"": null, ""bottom_right"": null}","{""above"": null, ""below"": null, ""left"": null, ""right"": null, ""top_left"": null, ""top_right"": null, ""bottom_left"": null, ""bottom_right"": null}","{'oven': 0.403, 'microwave': 0.4643, 'toaster': 0.4993, 'refrigerator': 0.6486, 'sink': 0.3222, 'stove': 0.3999}","{'oven': 43.75, 'microwave': 8.66, 'toaster': 17.8, 'refrigerator': 26.36, 'sink': 36.7, 'stove': 33.58}",[],cabinet door,{},"Container id 3, is a ""cabinet door"" above the countertop."
6086,4,images/kitchen/15_segmented_sun_apnxsgbjjdleuhdu.jpg,"[[408, 351], [357, 358], [356, 379], [407, 369]]",drawer,0.411,"[[0, 356], [800, 356], [800, 534], [0, 534]]",below,0.538,28.0,52.0,"{""above"": null, ""below"": null, ""left"": null, ""right"": null, ""top_left"": null, ""top_right"": null, ""bottom_left"": null, ""bottom_right"": null}","{""above"": null, ""below"": null, ""left"": null, ""right"": null, ""top_left"": null, ""top_right"": null, ""bottom_left"": ""stove"", ""bottom_right"": null}","{'oven': 0.114, 'microwave': 0.1567, 'toaster': 0.111, 'refrigerator': 0.2214, 'sink': 0.1187, 'stove': 0.047}","{'oven': 138.61, 'microwave': 301.71, 'toaster': 332.88, 'refrigerator': 22.5, 'sink': 185.15, 'stove': 157.55}",[],drawer,"{'toaster': 1, 'stove': 1}","Container id 4, is a ""drawer"" below the countertop. Additionally, it is the closest to the toaster, and the closest to the stove."
6087,5,images/kitchen/15_segmented_sun_apnxsgbjjdleuhdu.jpg,"[[63, 80], [61, 265], [118, 266], [130, 251], [131, 96]]",cabinet door,0.354,"[[0, 356], [800, 356], [800, 534], [0, 534]]",above,2.657,186.0,70.0,"{""above"": null, ""below"": null, ""left"": 6085, ""right"": 6091, ""top_left"": null, ""top_right"": null, ""bottom_left"": null, ""bottom_right"": null}","{""above"": null, ""below"": null, ""left"": null, ""right"": null, ""top_left"": null, ""top_right"": null, ""bottom_left"": null, ""bottom_right"": null}","{'oven': 0.3284, 'microwave': 0.3778, 'toaster': 0.412, 'refrigerator': 0.563, 'sink': 0.2427, 'stove': 0.3179}","{'oven': 50.91, 'microwave': 7.02, 'toaster': 18.23, 'refrigerator': 27.99, 'sink': 44.09, 'stove': 38.39}",[],cabinet door,{},"Container id 5, is a ""cabinet door"" above the countertop."
6088,6,images/kitchen/15_segmented_sun_apnxsgbjjdleuhdu.jpg,"[[389, 155], [389, 263], [429, 264], [429, 166]]",cabinet door,0.416,"[[0, 356], [800, 356], [800, 534], [0, 534]]",above,2.725,109.0,40.0,"{""above"": null, ""below"": null, ""left"": 6083, ""right"": 6094, ""top_left"": null, ""top_right"": null, ""bottom_left"": null, ""bottom_right"": null}","{""above"": null, ""below"": null, ""left"": null, ""right"": ""microwave"", ""top_left"": null, ""top_right"": null, ""bottom_left"": null, ""bottom_right"": null}","{'oven': 0.2598, 'microwave': 0.0598, 'toaster': 0.1288, 'refrigerator': 0.3003, 'sink': 0.2079, 'stove': 0.1902}","{'oven': 115.92, 'microwave': 24.67, 'toaster': 56.72, 'refrigerator': 54.01, 'sink': 134.75, 'stove': 112.08}",[],cabinet door,{'toaster': 2},"Container id 6, is a ""cabinet door"" above the countertop. Additionally, it is the 2nd closest to the toaster."
6089,7,images/kitchen/15_segmented_sun_apnxsgbjjdleuhdu.jpg,"[[237, 459], [235, 411], [168, 428], [171, 438]]",cabinet door,0.374,"[[0, 356], [800, 356], [800, 534], [0, 534]]",below,0.696,48.0,69.0,"{""above"": 6092, ""below"": null, ""left"": null, ""right"": null, ""top_left"": null, ""top_right"": null, ""bottom_left"": null, ""bottom_right"": null}","{""above"": null, ""below"": null, ""left"": null, ""right"": ""oven"", ""top_left"": null, ""top_right"": ""sink"", ""bottom_left"": null, ""bottom_right"": null}","{'oven': 0.1009, 'microwave': 0.3385, 'toaster': 0.3106, 'refrigerator': 0.3911, 'sink': 0.1075, 'stove': 0.153}","{'oven': 1.62, 'microwave': 322.55, 'toaster': 336.65, 'refrigerator': 1.79, 'sink': 309.31, 'stove': 339.1}",[],cabinet door,"{'oven': 1, 'sink': 2}","Container id 7, is a ""cabinet door"" below the countertop. Additionally, it is the closest to the oven, and the 2nd closest to the sink."
6090,8,images/kitchen/15_segmented_sun_apnxsgbjjdleuhdu.jpg,"[[135, 96], [133, 254], [144, 266], [189, 265], [190, 110]]",cabinet door,0.358,"[[0, 356], [800, 356], [800, 534], [0, 534]]",above,2.982,170.0,57.0,"{""above"": null, ""below"": null, ""left"": 6091, ""right"": null, ""top_left"": null, ""top_right"": null, ""bottom_left"": null, ""bottom_right"": null}","{""above"": null, ""below"": null, ""left"": null, ""right"": null, ""top_left"": null, ""top_right"": null, ""bottom_left"": null, ""bottom_right"": ""sink""}","{'oven': 0.2884, 'microwave': 0.3175, 'toaster': 0.3532, 'refrigerator': 0.5074, 'sink': 0.1983, 'stove': 0.2686}","{'oven': 59.32, 'microwave': 7.11, 'toaster': 20.22, 'refrigerator': 30.48, 'sink': 54.76, 'stove': 45.2}",[],cabinet door,{},"Container id 8, is a ""cabinet door"" above the countertop."
6091,9,images/kitchen/15_segmented_sun_apnxsgbjjdleuhdu.jpg,"[[63, 79], [62, 268], [189, 265], [189, 110]]",cabinet door,0.373,"[[0, 356], [800, 356], [800, 534], [0, 534]]",above,1.488,189.0,127.0,"{""above"": null, ""below"": null, ""left"": 6087, ""right"": 6090, ""top_left"": null, ""top_right"": null, ""bottom_left"": null, ""bottom_right"": null}","{""above"": null, ""below"": null, ""left"": null, ""right"": null, ""top_left"": null, ""top_right"": null, ""bottom_left"": null, ""bottom_right"": ""sink""}","{'oven': 0.322, 'microwave': 0.3535, 'toaster': 0.3913, 'refrigerator': 0.5458, 'sink': 0.2334, 'stove': 0.3056}","{'oven': 55.82, 'microwave': 9.39, 'toaster': 21.04, 'refrigerator': 30.35, 'sink': 50.6, 'stove': 43.14}",[],cabinet door,{},"Container id 9, is a ""cabinet door"" above the countertop."
6092,10,images/kitchen/15_segmented_sun_apnxsgbjjdleuhdu.jpg,"[[235, 384], [168, 396], [169, 422], [234, 408]]",drawer,0.441,"[[0, 356], [800, 356], [800, 534], [0, 534]]",below,0.567,38.0,67.0,"{""above"": null, ""below"": 6089, ""left"": null, ""right"": null, ""top_left"": null, ""top_right"": null, ""bottom_left"": null, ""bottom_right"": null}","{""above"": null, ""below"": null, ""left"": null, ""right"": null, ""top_left"": null, ""top_right"": ""sink"", ""bottom_left"": null, ""bottom_right"": ""oven""}","{'oven': 0.1082, 'microwave': 0.3208, 'toaster': 0.3003, 'refrigerator': 0.3948, 'sink': 0.0858, 'stove': 0.1459}","{'oven': 19.22, 'microwave': 327.34, 'toaster': 342.49, 'refrigerator': 6.54, 'sink': 324.0, 'stove': 351.39}",[],drawer,"{'oven': 2, 'sink': 1, 'stove': 2}","Container id 10, is a ""drawer"" below the countertop. Additionally, it is the 2nd closest to the oven, the closest to the sink, and the 2nd closest to the stove."
6093,11,images/kitchen/15_segmented_sun_apnxsgbjjdleuhdu.jpg,"[[487, 158], [471, 163], [472, 200], [478, 205], [489, 203]]",cabinet door,0.328,"[[0, 356], [800, 356], [800, 534], [0, 534]]",above,2.611,47.0,18.0,"{""above"": null, ""below"": null, ""left"": 6094, ""right"": null, ""top_left"": null, ""top_right"": null, ""bottom_left"": null, ""bottom_right"": null}","{""above"": null, ""below"": null, ""left"": null, ""right"": null, ""top_left"": null, ""top_right"": null, ""bottom_left"": ""microwave"", ""bottom_right"": null}","{'oven': 0.3209, 'microwave': 0.0555, 'toaster': 0.135, 'refrigerator': 0.2893, 'sink': 0.2807, 'stove': 0.2497}","{'oven': 125.6, 'microwave': 109.88, 'toaster': 91.06, 'refrigerator': 69.08, 'sink': 141.46, 'stove': 125.41}",[],cabinet door,{'microwave': 2},"Container id 11, is a ""cabinet door"" above the countertop. Additionally, it is the 2nd closest to the microwave."
6094,12,images/kitchen/15_segmented_sun_apnxsgbjjdleuhdu.jpg,"[[470, 161], [440, 166], [441, 207], [470, 204]]",cabinet door,0.353,"[[0, 356], [800, 356], [800, 534], [0, 534]]",above,1.533,46.0,30.0,"{""above"": null, ""below"": null, ""left"": 6088, ""right"": 6093, ""top_left"": null, ""top_right"": null, ""bottom_left"": null, ""bottom_right"": null}","{""above"": null, ""below"": ""microwave"", ""left"": null, ""right"": null, ""top_left"": null, ""top_right"": null, ""bottom_left"": null, ""bottom_right"": null}","{'oven': 0.3081, 'microwave': 0.0539, 'toaster': 0.1382, 'refrigerator': 0.3004, 'sink': 0.2624, 'stove': 0.2372}","{'oven': 121.65, 'microwave': 83.35, 'toaster': 80.58, 'refrigerator': 64.7, 'sink': 137.81, 'stove': 120.27}",[],cabinet door,{'microwave': 1},"Container id 12, is a ""cabinet door"" above the countertop. Additionally, it is the closest to the microwave."
6095,13,images/kitchen/15_segmented_sun_apnxsgbjjdleuhdu.jpg,"[[494, 458], [493, 463], [494, 464], [496, 464], [497, 463], [498, 463], [498, 459], [496, 459], [495, 458]]",cabinet door,0.331,"[[0, 356], [800, 356], [800, 534], [0, 534]]",below,1.2,6.0,5.0,"{""above"": null, ""below"": null, ""left"": null, ""right"": null, ""top_left"": null, ""top_right"": null, ""bottom_left"": null, ""bottom_right"": null}","{""above"": null, ""below"": null, ""left"": null, ""right"": null, ""top_left"": null, ""top_right"": null, ""bottom_left"": null, ""bottom_right"": null}","{'oven': 0.2053, 'microwave': 0.2369, 'toaster': 0.1526, 'refrigerator': 0.0879, 'sink': 0.2614, 'stove': 0.1816}","{'oven': 187.12, 'microwave': 261.31, 'toaster': 262.7, 'refrigerator': 349.45, 'sink': 205.24, 'stove': 207.16}",[],cabinet door,{'refrigerator': 1},"Container id 13, is a ""cabinet door"" below the countertop. Additionally, it is the closest to the refrigerator."
6096,14,images/kitchen/15_segmented_sun_apnxsgbjjdleuhdu.jpg,"[[484, 456], [484, 459], [487, 461], [489, 461], [491, 458], [490, 457], [488, 457], [487, 456]]",drawer,0.434,"[[0, 356], [800, 356], [800, 534], [0, 534]]",below,0.714,5.0,7.0,"{""above"": null, ""below"": null, ""left"": null, ""right"": null, ""top_left"": null, ""top_right"": null, ""bottom_left"": null, ""bottom_right"": null}","{""above"": null, ""below"": null, ""left"": null, ""right"": null, ""top_left"": null, ""top_right"": null, ""bottom_left"": null, ""bottom_right"": null}","{'oven': 0.1965, 'microwave': 0.2325, 'toaster': 0.1486, 'refrigerator': 0.0957, 'sink': 0.2523, 'stove': 0.1726}","{'oven': 186.5, 'microwave': 263.26, 'toaster': 265.79, 'refrigerator': 352.28, 'sink': 205.4, 'stove': 207.49}",[],drawer,{'refrigerator': 2},"Container id 14, is a ""drawer"" below the countertop. Additionally, it is the 2nd closest to the refrigerator."
6097,15,images/kitchen/15_segmented_sun_apnxsgbjjdleuhdu.jpg,"[[475, 454], [476, 455], [476, 454]]",drawer,0.375,"[[0, 356], [800, 356], [800, 534], [0, 534]]",below,1.0,1.0,1.0,"{""above"": null, ""below"": null, ""left"": null, ""right"": null, ""top_left"": null, ""top_right"": null, ""bottom_left"": null, ""bottom_right"": null}","{""above"": null, ""below"": null, ""left"": null, ""right"": null, ""top_left"": null, ""top_right"": null, ""bottom_left"": null, ""bottom_right"": null}","{'oven': 0.1838, 'microwave': 0.2275, 'toaster': 0.1442, 'refrigerator': 0.1075, 'sink': 0.2395, 'stove': 0.1599}","{'oven': 185.71, 'microwave': 266.22, 'toaster': 270.55, 'refrigerator': 355.24, 'sink': 205.81, 'stove': 208.27}",[],drawer,{},"Container id 15, is a ""drawer"" below the countertop."
6196,1,images/kitchen/7_segmented_sun_aufggmchclraycgm.jpg,"[[175, 74], [177, 323], [218, 252], [331, 312], [332, 77]]",cabinet door,0.383,"[[0, 311], [1024, 311], [1024, 768], [0, 768]]",below,1.586,249.0,157.0,"{""above"": null, ""below"": 6199, ""left"": null, ""right"": null, ""top_left"": null, ""top_right"": null, ""bottom_left"": null, ""bottom_right"": null}","{""above"": null, ""below"": null, ""left"": null, ""right"": null, ""top_left"": null, ""top_right"": null, ""bottom_left"": null, ""bottom_right"": null}",{'sink': 0.3394},{'sink': 20.12},[],cabinet door,{},"Container id 1, is a ""cabinet door"" below the countertop."
6197,2,images/kitchen/7_segmented_sun_aufggmchclraycgm.jpg,"[[941, 41], [739, 53], [745, 257], [945, 254]]",cabinet door,0.395,"[[0, 311], [1024, 311], [1024, 768], [0, 768]]",above,1.049,216.0,206.0,"{""above"": null, ""below"": null, ""left"": 6201, ""right"": null, ""top_left"": null, ""top_right"": null, ""bottom_left"": null, ""bottom_right"": null}","{""above"": null, ""below"": null, ""left"": null, ""right"": null, ""top_left"": null, ""top_right"": null, ""bottom_left"": null, ""bottom_right"": null}",{'sink': 0.2177},{'sink': 132.42},[],cabinet door,{},"Container id 2, is a ""cabinet door"" above the countertop."
6198,3,images/kitchen/7_segmented_sun_aufggmchclraycgm.jpg,"[[889, 406], [890, 531], [925, 536], [924, 410]]",cabinet door,0.313,"[[0, 311], [1024, 311], [1024, 768], [0, 768]]",below,3.611,130.0,36.0,"{""above"": null, ""below"": 6202, ""left"": null, ""right"": null, ""top_left"": null, ""top_right"": null, ""bottom_left"": null, ""bottom_right"": null}","{""above"": null, ""below"": null, ""left"": null, ""right"": null, ""top_left"": null, ""top_right"": null, ""bottom_left"": null, ""bottom_right"": null}",{'sink': 0.2164},{'sink': 204.25},[],cabinet door,{},"Container id 3, is a ""cabinet door"" below the countertop."
6199,4,images/kitchen/7_segmented_sun_aufggmchclraycgm.jpg,"[[358, 319], [0, 327], [0, 760], [210, 762], [342, 684]]",drawer,0.38,"[[0, 311], [1024, 311], [1024, 768], [0, 768]]",below,1.237,443.0,358.0,"{""above"": 6196, ""below"": null, ""left"": null, ""right"": null, ""top_left"": null, ""top_right"": null, ""bottom_left"": null, ""bottom_right"": null}","{""above"": null, ""below"": null, ""left"": null, ""right"": null, ""top_left"": null, ""top_right"": null, ""bottom_left"": null, ""bottom_right"": null}",{'sink': 0.405},{'sink': 335.69},[],drawer,{},"Container id 4, is a ""drawer"" below the countertop."
6200,5,images/kitchen/7_segmented_sun_aufggmchclraycgm.jpg,"[[561, 74], [404, 82], [408, 252], [565, 251]]",cabinet door,0.364,"[[0, 311], [1024, 311], [1024, 768], [0, 768]]",above,1.106,178.0,161.0,"{""above"": null, ""below"": null, ""left"": null, ""right"": null, ""top_left"": null, ""top_right"": null, ""bottom_left"": null, ""bottom_right"": null}","{""above"": null, ""below"": null, ""left"": null, ""right"": null, ""top_left"": null, ""top_right"": null, ""bottom_left"": null, ""bottom_right"": null}",{'sink': 0.2005},{'sink': 48.51},[],cabinet door,{'sink': 2},"Container id 5, is a ""cabinet door"" above the countertop. Additionally, it is the 2nd closest to the sink."
6201,6,images/kitchen/7_segmented_sun_aufggmchclraycgm.jpg,"[[829, 49], [740, 54], [745, 257], [831, 257]]",cabinet door,0.321,"[[0, 311], [1024, 311], [1024, 768], [0, 768]]",above,2.286,208.0,91.0,"{""above"": null, ""below"": null, ""left"": null, ""right"": 6197, ""top_left"": null, ""top_right"": null, ""bottom_left"": null, ""bottom_right"": null}","{""above"": null, ""below"": null, ""left"": null, ""right"": null, ""top_left"": null, ""top_right"": null, ""bottom_left"": null, ""bottom_right"": null}",{'sink': 0.1889},{'sink': 123.02},[],cabinet door,{'sink': 1},"Container id 6, is a ""cabinet door"" above the countertop. Additionally, it is the closest to the sink."
6202,7,images/kitchen/7_segmented_sun_aufggmchclraycgm.jpg,"[[917, 541], [917, 542], [918, 542], [918, 541]]",drawer,0.347,"[[0, 311], [1024, 311], [1024, 768], [0, 768]]",below,1.0,1.0,1.0,"{""above"": null, ""below"": null, ""left"": null, ""right"": null, ""top_left"": null, ""top_right"": null, ""bottom_left"": null, ""bottom_right"": null}","{""above"": null, ""below"": null, ""left"": null, ""right"": null, ""top_left"": null, ""top_right"": null, ""bottom_left"": null, ""bottom_right"": null}",{'sink': 0.251},{'sink': 215.05},[],drawer,{},"Container id 7, is a ""drawer"" below the countertop."
6450,1,images/kitchen/9_segmented_sun_aawzwijpmowksmpn.jpg,"[[681, 215], [665, 209], [611, 218], [611, 310], [681, 308]]",cabinet door,0.462,"[[0, 333], [1024, 333], [1024, 683], [0, 683]]",above,1.443,101.0,70.0,"{""above"": null, ""below"": null, ""left"": 6451, ""right"": null, ""top_left"": null, ""top_right"": null, ""bottom_left"": null, ""bottom_right"": null}","{""above"": null, ""below"": null, ""left"": null, ""right"": null, ""top_left"": null, ""top_right"": null, ""bottom_left"": null, ""bottom_right"": null}","{'dishwasher': 0.2106, 'oven': 0.2778}","{'dishwasher': 34.95, 'oven': 26.42}",[],cabinet door,{},"Container id 1, is a ""cabinet door"" above the countertop."
6451,2,images/kitchen/9_segmented_sun_aawzwijpmowksmpn.jpg,"[[593, 213], [550, 221], [551, 358], [594, 357]]",cabinet door,0.403,"[[0, 333], [1024, 333], [1024, 683], [0, 683]]",below,3.295,145.0,44.0,"{""above"": null, ""below"": null, ""left"": null, ""right"": 6450, ""top_left"": null, ""top_right"": null, ""bottom_left"": null, ""bottom_right"": null}","{""above"": null, ""below"": null, ""left"": null, ""right"": null, ""top_left"": null, ""top_right"": null, ""bottom_left"": null, ""bottom_right"": null}","{'dishwasher': 0.2531, 'oven': 0.3261}","{'dishwasher': 21.31, 'oven': 16.93}",[],cabinet door,{},"Container id 2, is a ""cabinet door"" below the countertop."
6452,3,images/kitchen/9_segmented_sun_aawzwijpmowksmpn.jpg,"[[906, 284], [906, 285], [907, 285]]",cabinet door,0.38,"[[0, 333], [1024, 333], [1024, 683], [0, 683]]",above,1.0,1.0,1.0,"{""above"": null, ""below"": null, ""left"": null, ""right"": null, ""top_left"": null, ""top_right"": null, ""bottom_left"": null, ""bottom_right"": null}","{""above"": null, ""below"": null, ""left"": null, ""right"": null, ""top_left"": null, ""top_right"": null, ""bottom_left"": null, ""bottom_right"": null}","{'dishwasher': 0.1007, 'oven': 0.1051}","{'dishwasher': 110.84, 'oven': 67.43}",[],cabinet door,{'oven': 2},"Container id 3, is a ""cabinet door"" above the countertop. Additionally, it is the 2nd closest to the oven."
6453,4,images/kitchen/9_segmented_sun_aawzwijpmowksmpn.jpg,"[[984, 163], [904, 176], [922, 216], [905, 226], [905, 298], [971, 297], [973, 212], [959, 204]]",cabinet door,0.401,"[[0, 333], [1024, 333], [1024, 683], [0, 683]]",above,1.688,135.0,80.0,"{""above"": null, ""below"": 6452, ""left"": 6456, ""right"": null, ""top_left"": null, ""top_right"": null, ""bottom_left"": null, ""bottom_right"": null}","{""above"": null, ""below"": ""oven"", ""left"": null, ""right"": null, ""top_left"": null, ""top_right"": null, ""bottom_left"": ""dishwasher"", ""bottom_right"": null}","{'dishwasher': 0.1568, 'oven': 0.1469}","{'dishwasher': 113.88, 'oven': 85.04}",[],cabinet door,{},"Container id 4, is a ""cabinet door"" above the countertop."
6454,5,images/kitchen/9_segmented_sun_aawzwijpmowksmpn.jpg,"[[910, 359], [905, 456], [946, 459], [950, 397], [937, 376], [947, 367], [939, 359]]",cabinet door,0.391,"[[0, 333], [1024, 333], [1024, 683], [0, 683]]",below,2.222,100.0,45.0,"{""above"": null, ""below"": null, ""left"": null, ""right"": null, ""top_left"": null, ""top_right"": null, ""bottom_left"": null, ""bottom_right"": null}","{""above"": null, ""below"": null, ""left"": ""dishwasher"", ""right"": ""oven"", ""top_left"": null, ""top_right"": null, ""bottom_left"": null, ""bottom_right"": null}","{'dishwasher': 0.0579, 'oven': 0.0195}","{'dishwasher': 176.5, 'oven': 19.52}",[],cabinet door,"{'dishwasher': 1, 'oven': 1}","Container id 5, is a ""cabinet door"" below the countertop. Additionally, it is the closest to the dishwasher, and the closest to the oven."
6455,6,images/kitchen/9_segmented_sun_aawzwijpmowksmpn.jpg,"[[830, 186], [828, 301], [899, 299], [900, 224], [863, 184]]",cabinet door,0.378,"[[0, 333], [1024, 333], [1024, 683], [0, 683]]",above,1.625,117.0,72.0,"{""above"": 6456, ""below"": null, ""left"": null, ""right"": 6453, ""top_left"": null, ""top_right"": null, ""bottom_left"": null, ""bottom_right"": 6452}","{""above"": null, ""below"": ""dishwasher"", ""left"": null, ""right"": null, ""top_left"": null, ""top_right"": null, ""bottom_left"": null, ""bottom_right"": null}","{'dishwasher': 0.1314, 'oven': 0.1537}","{'dishwasher': 90.62, 'oven': 60.91}",[],cabinet door,{},"Container id 6, is a ""cabinet door"" above the countertop."
6456,7,images/kitchen/9_segmented_sun_aawzwijpmowksmpn.jpg,"[[901, 197], [899, 176], [866, 182], [878, 184], [882, 193], [889, 195], [894, 191], [897, 199]]",cabinet door,0.352,"[[0, 333], [1024, 333], [1024, 683], [0, 683]]",above,0.657,23.0,35.0,"{""above"": null, ""below"": null, ""left"": null, ""right"": null, ""top_left"": null, ""top_right"": null, ""bottom_left"": 6455, ""bottom_right"": null}","{""above"": null, ""below"": null, ""left"": null, ""right"": null, ""top_left"": null, ""top_right"": null, ""bottom_left"": null, ""bottom_right"": null}","{'dishwasher': 0.1726, 'oven': 0.1828}","{'dishwasher': 97.03, 'oven': 72.47}",[],cabinet door,{},"Container id 7, is a ""cabinet door"" above the countertop."
6457,8,images/kitchen/9_segmented_sun_aawzwijpmowksmpn.jpg,"[[816, 360], [759, 362], [762, 434], [816, 438]]",cabinet door,0.31,"[[0, 333], [1024, 333], [1024, 683], [0, 683]]",below,1.368,78.0,57.0,"{""above"": null, ""below"": null, ""left"": 6458, ""right"": null, ""top_left"": null, ""top_right"": null, ""bottom_left"": null, ""bottom_right"": null}","{""above"": null, ""below"": null, ""left"": null, ""right"": ""dishwasher"", ""top_left"": null, ""top_right"": null, ""bottom_left"": null, ""bottom_right"": null}","{'dishwasher': 0.0601, 'oven': 0.1364}","{'dishwasher': 1.55, 'oven': 1.93}",[],cabinet door,{'dishwasher': 2},"Container id 8, is a ""cabinet door"" below the countertop. Additionally, it is the 2nd closest to the dishwasher."
6458,9,images/kitchen/9_segmented_sun_aawzwijpmowksmpn.jpg,"[[748, 362], [717, 360], [716, 371], [704, 378], [706, 435], [740, 433]]",drawer,0.349,"[[0, 333], [1024, 333], [1024, 683], [0, 683]]",below,1.705,75.0,44.0,"{""above"": null, ""below"": null, ""left"": null, ""right"": 6457, ""top_left"": null, ""top_right"": null, ""bottom_left"": null, ""bottom_right"": null}","{""above"": null, ""below"": null, ""left"": null, ""right"": null, ""top_left"": null, ""top_right"": null, ""bottom_left"": null, ""bottom_right"": null}","{'dishwasher': 0.1144, 'oven': 0.1906}","{'dishwasher': 4.34, 'oven': 3.5}",[],drawer,{},"Container id 9, is a ""drawer"" below the countertop."
6977,1,images/kitchen/11_segmented_sun_axdfhsszzzqksxnx.jpg,"[[66, 188], [66, 237], [99, 240], [100, 191]]",cabinet door,0.516,"[[0, 134], [256, 134], [256, 256], [0, 256]]",below,1.529,52.0,34.0,"{""above"": 6982, ""below"": null, ""left"": null, ""right"": 6978, ""top_left"": null, ""top_right"": null, ""bottom_left"": null, ""bottom_right"": null}","{""above"": null, ""below"": null, ""left"": null, ""right"": null, ""top_left"": null, ""top_right"": null, ""bottom_left"": null, ""bottom_right"": null}","{'dishwasher': 0.3527, 'sink': 0.2066, 'refrigerator': 0.4748}","{'dishwasher': 334.24, 'sink': 300.16, 'refrigerator': 343.44}",[],cabinet door,{},"Container id 1, is a ""cabinet door"" below the countertop."
6978,2,images/kitchen/11_segmented_sun_axdfhsszzzqksxnx.jpg,"[[102, 191], [101, 241], [137, 245], [137, 193]]",cabinet door,0.44,"[[0, 134], [256, 134], [256, 256], [0, 256]]",below,1.5,54.0,36.0,"{""above"": 6986, ""below"": null, ""left"": 6977, ""right"": null, ""top_left"": 6982, ""top_right"": null, ""bottom_left"": null, ""bottom_right"": null}","{""above"": null, ""below"": null, ""left"": null, ""right"": null, ""top_left"": null, ""top_right"": null, ""bottom_left"": null, ""bottom_right"": null}","{'dishwasher': 0.2712, 'sink': 0.1883, 'refrigerator': 0.3828}","{'dishwasher': 323.07, 'sink': 270.91, 'refrigerator': 337.74}",[],cabinet door,{},"Container id 2, is a ""cabinet door"" below the countertop."
6979,3,images/kitchen/11_segmented_sun_axdfhsszzzqksxnx.jpg,"[[227, 93], [226, 124], [240, 125], [240, 93]]",cabinet door,0.437,"[[0, 134], [256, 134], [256, 256], [0, 256]]",above,2.286,32.0,14.0,"{""above"": null, ""below"": null, ""left"": 6983, ""right"": null, ""top_left"": null, ""top_right"": null, ""bottom_left"": null, ""bottom_right"": null}","{""above"": null, ""below"": null, ""left"": null, ""right"": null, ""top_left"": null, ""top_right"": null, ""bottom_left"": null, ""bottom_right"": null}","{'dishwasher': 0.1688, 'sink': 0.3314, 'refrigerator': 0.1603}","{'dishwasher': 125.51, 'sink': 160.23, 'refrigerator': 75.78}",[],cabinet door,{'refrigerator': 2},"Container id 3, is a ""cabinet door"" above the countertop. Additionally, it is the 2nd closest to the refrigerator."
6980,4,images/kitchen/11_segmented_sun_axdfhsszzzqksxnx.jpg,"[[182, 93], [182, 124], [202, 124], [203, 94]]",cabinet door,0.409,"[[0, 134], [256, 134], [256, 256], [0, 256]]",above,1.476,31.0,21.0,"{""above"": null, ""below"": null, ""left"": null, ""right"": 6983, ""top_left"": null, ""top_right"": null, ""bottom_left"": null, ""bottom_right"": null}","{""above"": null, ""below"": ""dishwasher"", ""left"": null, ""right"": null, ""top_left"": null, ""top_right"": null, ""bottom_left"": null, ""bottom_right"": null}","{'dishwasher': 0.1383, 'sink': 0.2281, 'refrigerator': 0.2178}","{'dishwasher': 83.69, 'sink': 150.56, 'refrigerator': 45.51}",[],cabinet door,{'dishwasher': 2},"Container id 4, is a ""cabinet door"" above the countertop. Additionally, it is the 2nd closest to the dishwasher."
6981,5,images/kitchen/11_segmented_sun_axdfhsszzzqksxnx.jpg,"[[36, 159], [15, 166], [16, 200], [36, 190]]",cabinet door,0.359,"[[0, 134], [256, 134], [256, 256], [0, 256]]",below,1.952,41.0,21.0,"{""above"": null, ""below"": null, ""left"": null, ""right"": null, ""top_left"": null, ""top_right"": null, ""bottom_left"": null, ""bottom_right"": null}","{""above"": null, ""below"": null, ""left"": null, ""right"": null, ""top_left"": null, ""top_right"": null, ""bottom_left"": null, ""bottom_right"": null}","{'dishwasher': 0.4784, 'sink': 0.2736, 'refrigerator': 0.6137}","{'dishwasher': 353.29, 'sink': 342.72, 'refrigerator': 356.45}",[],cabinet door,{},"Container id 5, is a ""cabinet door"" below the countertop."
6982,6,images/kitchen/11_segmented_sun_axdfhsszzzqksxnx.jpg,"[[66, 176], [68, 187], [101, 188], [101, 180], [98, 178]]",drawer,0.345,"[[0, 134], [256, 134], [256, 256], [0, 256]]",below,0.343,12.0,35.0,"{""above"": null, ""below"": 6977, ""left"": null, ""right"": 6986, ""top_left"": null, ""top_right"": null, ""bottom_left"": null, ""bottom_right"": null}","{""above"": null, ""below"": null, ""left"": null, ""right"": null, ""top_left"": null, ""top_right"": null, ""bottom_left"": null, ""bottom_right"": null}","{'dishwasher': 0.3131, 'sink': 0.1289, 'refrigerator': 0.4463}","{'dishwasher': 348.14, 'sink': 315.93, 'refrigerator': 354.03}",[],drawer,{'sink': 2},"Container id 6, is a ""drawer"" below the countertop. Additionally, it is the 2nd closest to the sink."
6983,7,images/kitchen/11_segmented_sun_axdfhsszzzqksxnx.jpg,"[[205, 93], [205, 124], [224, 124], [225, 93]]",cabinet door,0.455,"[[0, 134], [256, 134], [256, 256], [0, 256]]",above,1.55,31.0,20.0,"{""above"": null, ""below"": null, ""left"": 6980, ""right"": 6979, ""top_left"": null, ""top_right"": null, ""bottom_left"": null, ""bottom_right"": null}","{""above"": null, ""below"": null, ""left"": null, ""right"": null, ""top_left"": null, ""top_right"": null, ""bottom_left"": null, ""bottom_right"": null}","{'dishwasher': 0.1459, 'sink': 0.2841, 'refrigerator': 0.1804}","{'dishwasher': 108.78, 'sink': 156.61, 'refrigerator': 59.9}",[],cabinet door,{},"Container id 7, is a ""cabinet door"" above the countertop."
6984,8,images/kitchen/11_segmented_sun_axdfhsszzzqksxnx.jpg,"[[216, 143], [215, 175], [226, 176], [226, 143]]",cabinet door,0.365,"[[0, 134], [256, 134], [256, 256], [0, 256]]",below,3.0,33.0,11.0,"{""above"": null, ""below"": null, ""left"": null, ""right"": null, ""top_left"": null, ""top_right"": null, ""bottom_left"": null, ""bottom_right"": null}","{""above"": null, ""below"": null, ""left"": ""dishwasher"", ""right"": ""refrigerator"", ""top_left"": null, ""top_right"": null, ""bottom_left"": null, ""bottom_right"": null}","{'dishwasher': 0.0636, 'sink': 0.2787, 'refrigerator': 0.0756}","{'dishwasher': 181.87, 'sink': 185.64, 'refrigerator': 12.13}",[],cabinet door,"{'dishwasher': 1, 'refrigerator': 1}","Container id 8, is a ""cabinet door"" below the countertop. Additionally, it is the closest to the dishwasher, and the closest to the refrigerator."
6985,9,images/kitchen/11_segmented_sun_axdfhsszzzqksxnx.jpg,"[[16, 86], [16, 128], [30, 126], [30, 87]]",cabinet door,0.325,"[[0, 134], [256, 134], [256, 256], [0, 256]]",above,3.0,42.0,14.0,"{""above"": null, ""below"": null, ""left"": null, ""right"": 6987, ""top_left"": null, ""top_right"": null, ""bottom_left"": null, ""bottom_right"": null}","{""above"": null, ""below"": null, ""left"": null, ""right"": null, ""top_left"": null, ""top_right"": null, ""bottom_left"": null, ""bottom_right"": null}","{'dishwasher': 0.5034, 'sink': 0.2935, 'refrigerator': 0.6406}","{'dishwasher': 16.5, 'sink': 23.63, 'refrigerator': 14.55}",[],cabinet door,{},"Container id 9, is a ""cabinet door"" above the countertop."
6986,10,images/kitchen/11_segmented_sun_axdfhsszzzqksxnx.jpg,"[[66, 176], [68, 187], [137, 191], [137, 181]]",drawer,0.354,"[[0, 134], [256, 134], [256, 256], [0, 256]]",below,0.211,15.0,71.0,"{""above"": null, ""below"": 6977, ""left"": 6982, ""right"": null, ""top_left"": null, ""top_right"": null, ""bottom_left"": null, ""bottom_right"": null}","{""above"": null, ""below"": null, ""left"": null, ""right"": null, ""top_left"": null, ""top_right"": null, ""bottom_left"": null, ""bottom_right"": null}","{'dishwasher': 0.2735, 'sink': 0.1077, 'refrigerator': 0.4052}","{'dishwasher': 345.23, 'sink': 298.04, 'refrigerator': 352.66}",[],drawer,{'sink': 1},"Container id 10, is a ""drawer"" below the countertop. Additionally, it is the closest to the sink."
6987,11,images/kitchen/11_segmented_sun_axdfhsszzzqksxnx.jpg,"[[32, 88], [32, 126], [48, 125], [49, 90]]",cabinet door,0.308,"[[0, 134], [256, 134], [256, 256], [0, 256]]",above,2.235,38.0,17.0,"{""above"": null, ""below"": null, ""left"": 6985, ""right"": null, ""top_left"": null, ""top_right"": null, ""bottom_left"": null, ""bottom_right"": null}","{""above"": null, ""below"": null, ""left"": null, ""right"": null, ""top_left"": null, ""top_right"": null, ""bottom_left"": null, ""bottom_right"": null}","{'dishwasher': 0.4575, 'sink': 0.2499, 'refrigerator': 0.5943}","{'dishwasher': 18.02, 'sink': 27.72, 'refrigerator': 15.57}",[],cabinet door,{},"Container id 11, is a ""cabinet door"" above the countertop."
7028,1,images/kitchen/2_segmented_sun_azcflnronvntboum.jpg,"[[1, 0], [1, 118], [120, 122], [127, 0]]",cabinet door,0.547,"[[0, 324], [432, 324], [432, 576], [0, 576]]",above,0.968,122.0,126.0,"{""above"": null, ""below"": null, ""left"": null, ""right"": null, ""top_left"": null, ""top_right"": null, ""bottom_left"": null, ""bottom_right"": null}","{""above"": null, ""below"": null, ""left"": null, ""right"": null, ""top_left"": null, ""top_right"": null, ""bottom_left"": null, ""bottom_right"": null}","{'dish drying rack': 0.2545, 'oven': 0.318, 'stove': 0.5588}","{'dish drying rack': 77.63, 'oven': 97.84, 'stove': 45.21}",[],cabinet door,"{'dish drying rack': 2, 'oven': 2, 'stove': 2}","Container id 1, is a ""cabinet door"" above the countertop. Additionally, it is the 2nd closest to the dish drying rack, the 2nd closest to the oven, and the 2nd closest to the stove."
7029,2,images/kitchen/2_segmented_sun_azcflnronvntboum.jpg,"[[55, 415]]",drawer,0.519,"[[0, 324], [432, 324], [432, 576], [0, 576]]",below,0.0,0.0,0.0,"{""above"": null, ""below"": null, ""left"": null, ""right"": null, ""top_left"": null, ""top_right"": null, ""bottom_left"": null, ""bottom_right"": null}","{""above"": null, ""below"": null, ""left"": null, ""right"": null, ""top_left"": null, ""top_right"": null, ""bottom_left"": null, ""bottom_right"": null}","{'dish drying rack': 0.2528, 'oven': 0.1811, 'stove': 0.4152}","{'dish drying rack': 284.8, 'oven': 259.39, 'stove': 346.56}",[],drawer,"{'dish drying rack': 1, 'oven': 1, 'stove': 1}","Container id 2, is a ""drawer"" below the countertop. Additionally, it is the closest to the dish drying rack, the closest to the oven, and the closest to the stove."
7246,1,images/kitchen/10_segmented_sun_afjofbpiualrfwlz.jpg,"[[1204, 88], [971, 199], [936, 767], [1148, 802]]",cabinet door,0.481,"[[0, 973], [1280, 973], [1280, 1706], [0, 1706]]",above,2.664,714.0,268.0,"{""above"": null, ""below"": null, ""left"": 7249, ""right"": null, ""top_left"": null, ""top_right"": null, ""bottom_left"": null, ""bottom_right"": null}","{""above"": null, ""below"": null, ""left"": null, ""right"": null, ""top_left"": null, ""top_right"": null, ""bottom_left"": ""microwave"", ""bottom_right"": null}","{'refrigerator': 0.3375, 'dishwasher': 0.4799, 'coffee machine': 0.3635, 'microwave': 0.1376, 'oven': 0.3984, 'sink': 0.3925, 'stove': 0.3613, 'electronic kettle': 0.3568, 'dish': 0.3468}","{'refrigerator': 137.42, 'dishwasher': 99.77, 'coffee machine': 128.45, 'microwave': 145.97, 'oven': 123.98, 'sink': 126.25, 'stove': 129.91, 'electronic kettle': 132.04, 'dish': 131.99}",[],cabinet door,{},"Container id 1, is a ""cabinet door"" above the countertop."
7247,2,images/kitchen/10_segmented_sun_afjofbpiualrfwlz.jpg,"[[842, 256], [756, 296], [745, 503], [829, 484]]",cabinet door,0.388,"[[0, 973], [1280, 973], [1280, 1706], [0, 1706]]",above,2.546,247.0,97.0,"{""above"": null, ""below"": null, ""left"": null, ""right"": 7250, ""top_left"": null, ""top_right"": null, ""bottom_left"": 7252, ""bottom_right"": null}","{""above"": null, ""below"": ""microwave"", ""left"": null, ""right"": null, ""top_left"": null, ""top_right"": null, ""bottom_left"": null, ""bottom_right"": null}","{'refrigerator': 0.2918, 'dishwasher': 0.5122, 'coffee machine': 0.3366, 'microwave': 0.1149, 'oven': 0.3797, 'sink': 0.3688, 'stove': 0.3311, 'electronic kettle': 0.3221, 'dish': 0.3129}","{'refrigerator': 114.51, 'dishwasher': 84.85, 'coffee machine': 107.04, 'microwave': 83.32, 'oven': 104.53, 'sink': 106.49, 'stove': 108.37, 'electronic kettle': 110.26, 'dish': 109.52}",[],cabinet door,{'microwave': 2},"Container id 2, is a ""cabinet door"" above the countertop. Additionally, it is the 2nd closest to the microwave."
7248,3,images/kitchen/10_segmented_sun_afjofbpiualrfwlz.jpg,"[[682, 1165], [674, 1267], [783, 1382], [797, 1268]]",drawer,0.41,"[[0, 973], [1280, 973], [1280, 1706], [0, 1706]]",below,1.764,217.0,123.0,"{""above"": null, ""below"": 7253, ""left"": null, ""right"": null, ""top_left"": null, ""top_right"": null, ""bottom_left"": null, ""bottom_right"": null}","{""above"": null, ""below"": null, ""left"": null, ""right"": null, ""top_left"": null, ""top_right"": null, ""bottom_left"": null, ""bottom_right"": ""dishwasher""}","{'refrigerator': 0.1765, 'dishwasher': 0.12, 'coffee machine': 0.1174, 'microwave': 0.3039, 'oven': 0.0827, 'sink': 0.0986, 'stove': 0.1269, 'electronic kettle': 0.1408, 'dish': 0.1429}","{'refrigerator': 238.05, 'dishwasher': 52.17, 'coffee machine': 232.8, 'microwave': 277.76, 'oven': 215.25, 'sink': 218.69, 'stove': 232.8, 'electronic kettle': 233.45, 'dish': 237.44}",[],drawer,"{'refrigerator': 1, 'coffee machine': 1, 'oven': 1, 'sink': 1, 'stove': 1, 'electronic kettle': 1, 'dish': 1}","Container id 3, is a ""drawer"" below the countertop. Additionally, it is the closest to the refrigerator, the closest to the coffee machine, the closest to the oven, the closest to the sink, the closest to the stove, the closest to the electronic kettle, and the closest to the dish."
7249,4,images/kitchen/10_segmented_sun_afjofbpiualrfwlz.jpg,"[[963, 198], [846, 254], [835, 486], [944, 472]]",cabinet door,0.377,"[[0, 973], [1280, 973], [1280, 1706], [0, 1706]]",above,2.25,288.0,128.0,"{""above"": null, ""below"": null, ""left"": 7247, ""right"": 7246, ""top_left"": null, ""top_right"": null, ""bottom_left"": null, ""bottom_right"": null}","{""above"": null, ""below"": ""microwave"", ""left"": null, ""right"": null, ""top_left"": null, ""top_right"": null, ""bottom_left"": null, ""bottom_right"": null}","{'refrigerator': 0.328, 'dishwasher': 0.5252, 'coffee machine': 0.3678, 'microwave': 0.134, 'oven': 0.4089, 'sink': 0.3994, 'stove': 0.3632, 'electronic kettle': 0.3555, 'dish': 0.3459}","{'refrigerator': 121.18, 'dishwasher': 90.31, 'coffee machine': 113.63, 'microwave': 105.31, 'oven': 110.62, 'sink': 112.59, 'stove': 114.93, 'electronic kettle': 116.8, 'dish': 116.31}",[],cabinet door,{},"Container id 4, is a ""cabinet door"" above the countertop."
7250,5,images/kitchen/10_segmented_sun_afjofbpiualrfwlz.jpg,"[[963, 198], [761, 291], [744, 501], [944, 472]]",cabinet door,0.356,"[[0, 973], [1280, 973], [1280, 1706], [0, 1706]]",above,1.384,303.0,219.0,"{""above"": null, ""below"": null, ""left"": 7247, ""right"": 7249, ""top_left"": null, ""top_right"": null, ""bottom_left"": null, ""bottom_right"": null}","{""above"": null, ""below"": ""microwave"", ""left"": null, ""right"": null, ""top_left"": null, ""top_right"": null, ""bottom_left"": null, ""bottom_right"": null}","{'refrigerator': 0.3124, 'dishwasher': 0.5194, 'coffee machine': 0.3543, 'microwave': 0.1241, 'oven': 0.3963, 'sink': 0.3862, 'stove': 0.3494, 'electronic kettle': 0.3411, 'dish': 0.3316}","{'refrigerator': 118.52, 'dishwasher': 88.03, 'coffee machine': 110.96, 'microwave': 96.84, 'oven': 108.14, 'sink': 110.11, 'stove': 112.29, 'electronic kettle': 114.17, 'dish': 113.59}",[],cabinet door,{},"Container id 5, is a ""cabinet door"" above the countertop."
7251,6,images/kitchen/10_segmented_sun_afjofbpiualrfwlz.jpg,"[[684, 1166], [653, 1595], [770, 1581], [797, 1286]]",drawer,0.369,"[[0, 973], [1280, 973], [1280, 1706], [0, 1706]]",below,2.979,429.0,144.0,"{""above"": 7253, ""below"": 7255, ""left"": null, ""right"": null, ""top_left"": null, ""top_right"": null, ""bottom_left"": null, ""bottom_right"": null}","{""above"": ""coffee machine"", ""below"": null, ""left"": null, ""right"": ""dishwasher"", ""top_left"": ""oven"", ""top_right"": null, ""bottom_left"": null, ""bottom_right"": null}","{'refrigerator': 0.2318, 'dishwasher': 0.0833, 'coffee machine': 0.1712, 'microwave': 0.3679, 'oven': 0.1287, 'sink': 0.1454, 'stove': 0.1804, 'electronic kettle': 0.1944, 'dish': 0.1984}","{'refrigerator': 247.25, 'dishwasher': 21.7, 'coffee machine': 246.89, 'microwave': 276.99, 'oven': 240.27, 'sink': 239.76, 'stove': 246.15, 'electronic kettle': 245.66, 'dish': 248.36}",[],drawer,{'dishwasher': 1},"Container id 6, is a ""drawer"" below the countertop. Additionally, it is the closest to the dishwasher."
7252,7,images/kitchen/10_segmented_sun_afjofbpiualrfwlz.jpg,"[[751, 296], [694, 329], [689, 723]]",cabinet door,0.352,"[[0, 973], [1280, 973], [1280, 1706], [0, 1706]]",above,6.887,427.0,62.0,"{""above"": null, ""below"": null, ""left"": null, ""right"": 7250, ""top_left"": null, ""top_right"": 7247, ""bottom_left"": null, ""bottom_right"": null}","{""above"": null, ""below"": null, ""left"": null, ""right"": null, ""top_left"": null, ""top_right"": null, ""bottom_left"": null, ""bottom_right"": ""microwave""}","{'refrigerator': 0.2494, 'dishwasher': 0.4871, 'coffee machine': 0.2977, 'microwave': 0.0985, 'oven': 0.342, 'sink': 0.3301, 'stove': 0.2916, 'electronic kettle': 0.2816, 'dish': 0.2728}","{'refrigerator': 109.39, 'dishwasher': 80.04, 'coffee machine': 101.69, 'microwave': 58.38, 'oven': 99.58, 'sink': 101.6, 'stove': 103.1, 'electronic kettle': 105.08, 'dish': 104.06}",[],cabinet door,{'microwave': 1},"Container id 7, is a ""cabinet door"" above the countertop. Additionally, it is the closest to the microwave."
7253,8,images/kitchen/10_segmented_sun_afjofbpiualrfwlz.jpg,"[[675, 1277], [667, 1386], [771, 1510], [786, 1388]]",drawer,0.412,"[[0, 973], [1280, 973], [1280, 1706], [0, 1706]]",below,1.958,233.0,119.0,"{""above"": 7248, ""below"": 7251, ""left"": null, ""right"": null, ""top_left"": null, ""top_right"": null, ""bottom_left"": null, ""bottom_right"": null}","{""above"": null, ""below"": null, ""left"": null, ""right"": ""dishwasher"", ""top_left"": null, ""top_right"": null, ""bottom_left"": null, ""bottom_right"": null}","{'refrigerator': 0.2244, 'dishwasher': 0.087, 'coffee machine': 0.1638, 'microwave': 0.3601, 'oven': 0.1216, 'sink': 0.1384, 'stove': 0.173, 'electronic kettle': 0.187, 'dish': 0.1909}","{'refrigerator': 246.61, 'dishwasher': 26.37, 'coffee machine': 246.0, 'microwave': 277.24, 'oven': 238.67, 'sink': 238.33, 'stove': 245.28, 'electronic kettle': 244.83, 'dish': 247.66}",[],drawer,"{'refrigerator': 2, 'dishwasher': 2, 'coffee machine': 2, 'oven': 2, 'sink': 2, 'stove': 2, 'electronic kettle': 2, 'dish': 2}","Container id 8, is a ""drawer"" below the countertop. Additionally, it is the 2nd closest to the refrigerator, the 2nd closest to the dishwasher, the 2nd closest to the coffee machine, the 2nd closest to the oven, the 2nd closest to the sink, the 2nd closest to the stove, the 2nd closest to the electronic kettle, and the 2nd closest to the dish."
7254,9,images/kitchen/10_segmented_sun_afjofbpiualrfwlz.jpg,"[[652, 1584], [654, 1595], [674, 1594], [679, 1590], [677, 1586], [671, 1583], [663, 1585], [657, 1577]]",drawer,0.308,"[[0, 973], [1280, 973], [1280, 1706], [0, 1706]]",below,0.667,18.0,27.0,"{""above"": null, ""below"": null, ""left"": null, ""right"": null, ""top_left"": null, ""top_right"": null, ""bottom_left"": null, ""bottom_right"": null}","{""above"": null, ""below"": null, ""left"": null, ""right"": null, ""top_left"": null, ""top_right"": null, ""bottom_left"": null, ""bottom_right"": null}","{'refrigerator': 0.3044, 'dishwasher': 0.1183, 'coffee machine': 0.2449, 'microwave': 0.4553, 'oven': 0.1992, 'sink': 0.2147, 'stove': 0.2533, 'electronic kettle': 0.2665, 'dish': 0.2724}","{'refrigerator': 258.35, 'dishwasher': 333.13, 'coffee machine': 260.83, 'microwave': 279.22, 'oven': 259.7, 'sink': 257.89, 'stove': 259.82, 'electronic kettle': 258.76, 'dish': 260.5}",[],drawer,{},"Container id 9, is a ""drawer"" below the countertop."
7255,10,images/kitchen/10_segmented_sun_afjofbpiualrfwlz.jpg,"[[669, 1394], [657, 1544], [692, 1591], [768, 1584], [774, 1515]]",cabinet door,0.427,"[[0, 973], [1280, 973], [1280, 1706], [0, 1706]]",below,1.684,197.0,117.0,"{""above"": 7251, ""below"": null, ""left"": null, ""right"": null, ""top_left"": null, ""top_right"": null, ""bottom_left"": 7254, ""bottom_right"": null}","{""above"": null, ""below"": null, ""left"": null, ""right"": ""dishwasher"", ""top_left"": null, ""top_right"": null, ""bottom_left"": null, ""bottom_right"": null}","{'refrigerator': 0.2819, 'dishwasher': 0.0875, 'coffee machine': 0.2216, 'microwave': 0.4239, 'oven': 0.1769, 'sink': 0.1931, 'stove': 0.2304, 'electronic kettle': 0.2441, 'dish': 0.2491}","{'refrigerator': 252.86, 'dishwasher': 343.53, 'coffee machine': 254.12, 'microwave': 276.96, 'oven': 251.11, 'sink': 249.8, 'stove': 253.25, 'electronic kettle': 252.46, 'dish': 254.5}",[],cabinet door,{},"Container id 10, is a ""cabinet door"" below the countertop."
7319,1,images/kitchen/5_segmented_sun_adkmgnqaiypcnhqy.jpg,"[[222, 77], [222, 121], [240, 122], [240, 77]]",cabinet door,0.322,"[[0, 155], [256, 155], [256, 256], [0, 256]]",above,2.5,45.0,18.0,"{""above"": null, ""below"": null, ""left"": null, ""right"": 7321, ""top_left"": null, ""top_right"": null, ""bottom_left"": null, ""bottom_right"": null}","{""above"": null, ""below"": null, ""left"": null, ""right"": null, ""top_left"": null, ""top_right"": null, ""bottom_left"": ""coffee machine"", ""bottom_right"": null}","{'coffee machine': 0.1256, 'sink': 0.2098}","{'coffee machine': 115.58, 'sink': 124.17}",[],cabinet door,{'coffee machine': 1},"Container id 1, is a ""cabinet door"" above the countertop. Additionally, it is the closest to the coffee machine."
7320,2,images/kitchen/5_segmented_sun_adkmgnqaiypcnhqy.jpg,"[[126, 63], [124, 125], [145, 127], [146, 64]]",cabinet door,0.371,"[[0, 155], [256, 155], [256, 256], [0, 256]]",above,2.909,64.0,22.0,"{""above"": null, ""below"": null, ""left"": null, ""right"": null, ""top_left"": null, ""top_right"": null, ""bottom_left"": null, ""bottom_right"": null}","{""above"": null, ""below"": null, ""left"": null, ""right"": null, ""top_left"": null, ""top_right"": null, ""bottom_left"": null, ""bottom_right"": null}","{'coffee machine': 0.245, 'sink': 0.2369}","{'coffee machine': 30.87, 'sink': 51.76}",[],cabinet door,{},"Container id 2, is a ""cabinet door"" above the countertop."
7321,3,images/kitchen/5_segmented_sun_adkmgnqaiypcnhqy.jpg,"[[243, 77], [242, 122], [255, 123], [255, 77]]",cabinet door,0.338,"[[0, 155], [256, 155], [256, 256], [0, 256]]",above,3.538,46.0,13.0,"{""above"": null, ""below"": null, ""left"": 7319, ""right"": null, ""top_left"": null, ""top_right"": null, ""bottom_left"": null, ""bottom_right"": null}","{""above"": null, ""below"": null, ""left"": null, ""right"": null, ""top_left"": null, ""top_right"": null, ""bottom_left"": null, ""bottom_right"": null}","{'coffee machine': 0.1522, 'sink': 0.2398}","{'coffee machine': 132.7, 'sink': 134.09}",[],cabinet door,{'coffee machine': 2},"Container id 3, is a ""cabinet door"" above the countertop. Additionally, it is the 2nd closest to the coffee machine."
7322,4,images/kitchen/5_segmented_sun_adkmgnqaiypcnhqy.jpg,"[[124, 171], [124, 183], [134, 185], [138, 197], [155, 196], [157, 190], [173, 190], [173, 174]]",drawer,0.417,"[[0, 155], [256, 155], [256, 256], [0, 256]]",below,0.531,26.0,49.0,"{""above"": 7323, ""below"": null, ""left"": null, ""right"": null, ""top_left"": null, ""top_right"": null, ""bottom_left"": null, ""bottom_right"": null}","{""above"": null, ""below"": null, ""left"": null, ""right"": null, ""top_left"": null, ""top_right"": ""sink"", ""bottom_left"": null, ""bottom_right"": null}","{'coffee machine': 0.2172, 'sink': 0.1309}","{'coffee machine': 324.64, 'sink': 330.08}",[],drawer,{'sink': 2},"Container id 4, is a ""drawer"" below the countertop. Additionally, it is the 2nd closest to the sink."
7323,5,images/kitchen/5_segmented_sun_adkmgnqaiypcnhqy.jpg,"[[124, 171], [125, 183], [173, 186], [173, 174]]",drawer,0.36,"[[0, 155], [256, 155], [256, 256], [0, 256]]",below,0.306,15.0,49.0,"{""above"": null, ""below"": null, ""left"": null, ""right"": null, ""top_left"": null, ""top_right"": null, ""bottom_left"": null, ""bottom_right"": null}","{""above"": null, ""below"": null, ""left"": null, ""right"": null, ""top_left"": null, ""top_right"": ""sink"", ""bottom_left"": null, ""bottom_right"": null}","{'coffee machine': 0.2027, 'sink': 0.1183}","{'coffee machine': 328.58, 'sink': 337.51}",[],drawer,{'sink': 1},"Container id 5, is a ""drawer"" below the countertop. Additionally, it is the closest to the sink."
7584,1,images/kitchen/12_segmented_sun_anfzulzazofakfhm.jpg,"[[151, 136], [129, 137], [128, 195], [151, 190]]",cabinet door,0.49,"[[0, 104], [300, 104], [300, 225], [0, 225]]",below,2.565,59.0,23.0,"{""above"": null, ""below"": null, ""left"": 7594, ""right"": null, ""top_left"": null, ""top_right"": null, ""bottom_left"": null, ""bottom_right"": 7595}","{""above"": null, ""below"": null, ""left"": null, ""right"": ""coffee machine"", ""top_left"": null, ""top_right"": ""dishwasher"", ""bottom_left"": null, ""bottom_right"": null}","{'microwave': 0.3672, 'oven': 0.2498, 'stove': 0.3567, 'dish drying rack': 0.2856, 'dishwasher': 0.1665, 'sink': 0.201, 'coffee machine': 0.169, 'electronic kettle': 0.3312}","{'microwave': 224.49, 'oven': 174.49, 'stove': 194.95, 'dish drying rack': 200.15, 'dishwasher': 299.73, 'sink': 36.5, 'coffee machine': 348.26, 'electronic kettle': 349.8}",[],cabinet door,{'dishwasher': 1},"Container id 1, is a ""cabinet door"" below the countertop. Additionally, it is the closest to the dishwasher."
7585,2,images/kitchen/12_segmented_sun_anfzulzazofakfhm.jpg,"[[134, 17], [136, 81], [169, 81], [173, 18]]",cabinet door,0.531,"[[0, 104], [300, 104], [300, 225], [0, 225]]",above,1.641,64.0,39.0,"{""above"": null, ""below"": null, ""left"": 7586, ""right"": null, ""top_left"": null, ""top_right"": null, ""bottom_left"": null, ""bottom_right"": null}","{""above"": null, ""below"": ""dishwasher"", ""left"": null, ""right"": null, ""top_left"": null, ""top_right"": null, ""bottom_left"": null, ""bottom_right"": null}","{'microwave': 0.3015, 'oven': 0.4364, 'stove': 0.4368, 'dish drying rack': 0.3684, 'dishwasher': 0.1695, 'sink': 0.4452, 'coffee machine': 0.3024, 'electronic kettle': 0.3825}","{'microwave': 170.45, 'oven': 130.6, 'stove': 150.46, 'dish drying rack': 145.45, 'dishwasher': 73.82, 'sink': 73.53, 'coffee machine': 64.51, 'electronic kettle': 40.55}",[],cabinet door,{'dishwasher': 2},"Container id 2, is a ""cabinet door"" above the countertop. Additionally, it is the 2nd closest to the dishwasher."
7586,3,images/kitchen/12_segmented_sun_anfzulzazofakfhm.jpg,"[[81, 17], [81, 84], [132, 81], [131, 17]]",cabinet door,0.539,"[[0, 104], [300, 104], [300, 225], [0, 225]]",above,1.314,67.0,51.0,"{""above"": null, ""below"": null, ""left"": 7587, ""right"": 7585, ""top_left"": null, ""top_right"": null, ""bottom_left"": null, ""bottom_right"": null}","{""above"": null, ""below"": null, ""left"": ""microwave"", ""right"": null, ""top_left"": null, ""top_right"": null, ""bottom_left"": null, ""bottom_right"": null}","{'microwave': 0.1794, 'oven': 0.3665, 'stove': 0.3332, 'dish drying rack': 0.274, 'dishwasher': 0.2358, 'sink': 0.494, 'coffee machine': 0.3724, 'electronic kettle': 0.4834}","{'microwave': 164.26, 'oven': 115.77, 'stove': 140.03, 'dish drying rack': 130.74, 'dishwasher': 43.2, 'sink': 59.48, 'coffee machine': 46.83, 'electronic kettle': 30.77}",[],cabinet door,{},"Container id 3, is a ""cabinet door"" above the countertop."
7587,4,images/kitchen/12_segmented_sun_anfzulzazofakfhm.jpg,"[[44, 16], [45, 44], [78, 46], [77, 16]]",cabinet door,0.486,"[[0, 104], [300, 104], [300, 225], [0, 225]]",above,0.882,30.0,34.0,"{""above"": null, ""below"": null, ""left"": null, ""right"": null, ""top_left"": null, ""top_right"": null, ""bottom_left"": null, ""bottom_right"": 7586}","{""above"": null, ""below"": ""microwave"", ""left"": null, ""right"": null, ""top_left"": null, ""top_right"": null, ""bottom_left"": null, ""bottom_right"": null}","{'microwave': 0.1127, 'oven': 0.3833, 'stove': 0.2976, 'dish drying rack': 0.2654, 'dishwasher': 0.3618, 'sink': 0.6045, 'coffee machine': 0.4952, 'electronic kettle': 0.6136}","{'microwave': 117.47, 'oven': 95.79, 'stove': 116.91, 'dish drying rack': 102.65, 'dishwasher': 36.03, 'sink': 52.08, 'coffee machine': 40.7, 'electronic kettle': 29.13}",[],cabinet door,{'microwave': 1},"Container id 4, is a ""cabinet door"" above the countertop. Additionally, it is the closest to the microwave."
7588,5,images/kitchen/12_segmented_sun_anfzulzazofakfhm.jpg,"[[2, 15], [4, 47], [35, 44], [35, 16]]",cabinet door,0.476,"[[0, 104], [300, 104], [300, 225], [0, 225]]",above,0.97,32.0,33.0,"{""above"": null, ""below"": null, ""left"": null, ""right"": null, ""top_left"": null, ""top_right"": null, ""bottom_left"": null, ""bottom_right"": null}","{""above"": null, ""below"": null, ""left"": null, ""right"": null, ""top_left"": null, ""top_right"": null, ""bottom_left"": null, ""bottom_right"": ""microwave""}","{'microwave': 0.1166, 'oven': 0.3883, 'stove': 0.2663, 'dish drying rack': 0.2645, 'dishwasher': 0.4571, 'sink': 0.6792, 'coffee machine': 0.5847, 'electronic kettle': 0.7135}","{'microwave': 59.04, 'oven': 79.11, 'stove': 94.88, 'dish drying rack': 78.25, 'dishwasher': 27.74, 'sink': 44.6, 'coffee machine': 33.52, 'electronic kettle': 24.75}",[],cabinet door,{'microwave': 2},"Container id 5, is a ""cabinet door"" above the countertop. Additionally, it is the 2nd closest to the microwave."
7589,6,images/kitchen/12_segmented_sun_anfzulzazofakfhm.jpg,"[[240, 41], [232, 97], [255, 107], [258, 56], [242, 52], [240, 44], [246, 41]]",cabinet door,0.444,"[[0, 104], [300, 104], [300, 225], [0, 225]]",below,2.538,66.0,26.0,"{""above"": null, ""below"": null, ""left"": null, ""right"": 7592, ""top_left"": null, ""top_right"": null, ""bottom_left"": null, ""bottom_right"": null}","{""above"": null, ""below"": null, ""left"": null, ""right"": null, ""top_left"": null, ""top_right"": null, ""bottom_left"": null, ""bottom_right"": ""electronic kettle""}","{'microwave': 0.5421, 'oven': 0.6057, 'stove': 0.6499, 'dish drying rack': 0.5748, 'dishwasher': 0.2348, 'sink': 0.4089, 'coffee machine': 0.2636, 'electronic kettle': 0.2181}","{'microwave': 178.47, 'oven': 150.77, 'stove': 163.94, 'dish drying rack': 162.44, 'dishwasher': 147.19, 'sink': 106.83, 'coffee machine': 115.74, 'electronic kettle': 77.8}",[],cabinet door,{'electronic kettle': 2},"Container id 6, is a ""cabinet door"" below the countertop. Additionally, it is the 2nd closest to the electronic kettle."
7590,7,images/kitchen/12_segmented_sun_anfzulzazofakfhm.jpg,"[[84, 136], [86, 203], [123, 198], [123, 137]]",drawer,0.426,"[[0, 104], [300, 104], [300, 225], [0, 225]]",below,1.718,67.0,39.0,"{""above"": 7594, ""below"": null, ""left"": null, ""right"": 7584, ""top_left"": null, ""top_right"": null, ""bottom_left"": null, ""bottom_right"": null}","{""above"": null, ""below"": null, ""left"": ""oven"", ""right"": null, ""top_left"": ""dish drying rack"", ""top_right"": null, ""bottom_left"": null, ""bottom_right"": null}","{'microwave': 0.3156, 'oven': 0.1539, 'stove': 0.2696, 'dish drying rack': 0.2043, 'dishwasher': 0.2361, 'sink': 0.279, 'coffee machine': 0.2647, 'electronic kettle': 0.427}","{'microwave': 238.12, 'oven': 175.03, 'stove': 202.38, 'dish drying rack': 212.26, 'dishwasher': 318.89, 'sink': 22.97, 'coffee machine': 350.2, 'electronic kettle': 350.66}",[],drawer,{'oven': 1},"Container id 7, is a ""drawer"" below the countertop. Additionally, it is the closest to the oven."
7591,8,images/kitchen/12_segmented_sun_anfzulzazofakfhm.jpg,"[[173, 179], [170, 223], [185, 224], [187, 194]]",cabinet door,0.371,"[[0, 104], [300, 104], [300, 225], [0, 225]]",below,2.647,45.0,17.0,"{""above"": null, ""below"": null, ""left"": null, ""right"": null, ""top_left"": 7595, ""top_right"": null, ""bottom_left"": null, ""bottom_right"": null}","{""above"": null, ""below"": null, ""left"": null, ""right"": ""sink"", ""top_left"": null, ""top_right"": ""coffee machine"", ""bottom_left"": null, ""bottom_right"": null}","{'microwave': 0.5171, 'oven': 0.3625, 'stove': 0.4912, 'dish drying rack': 0.4255, 'dishwasher': 0.2535, 'sink': 0.0587, 'coffee machine': 0.1551, 'electronic kettle': 0.2776}","{'microwave': 224.95, 'oven': 193.4, 'stove': 204.03, 'dish drying rack': 209.01, 'dishwasher': 265.15, 'sink': 11.35, 'coffee machine': 293.35, 'electronic kettle': 323.1}",[],cabinet door,"{'sink': 1, 'coffee machine': 2}","Container id 8, is a ""cabinet door"" below the countertop. Additionally, it is the closest to the sink, and the 2nd closest to the coffee machine."
7592,9,images/kitchen/12_segmented_sun_anfzulzazofakfhm.jpg,"[[272, 43], [297, 52], [260, 51], [259, 107], [299, 132], [299, 46]]",cabinet door,0.365,"[[0, 104], [300, 104], [300, 225], [0, 225]]",below,2.225,89.0,40.0,"{""above"": null, ""below"": null, ""left"": 7589, ""right"": null, ""top_left"": null, ""top_right"": null, ""bottom_left"": null, ""bottom_right"": null}","{""above"": null, ""below"": ""electronic kettle"", ""left"": null, ""right"": null, ""top_left"": null, ""top_right"": null, ""bottom_left"": ""electronic kettle"", ""bottom_right"": null}","{'microwave': 0.6387, 'oven': 0.6816, 'stove': 0.7378, 'dish drying rack': 0.6617, 'dishwasher': 0.3115, 'sink': 0.4251, 'coffee machine': 0.2998, 'electronic kettle': 0.1951}","{'microwave': 180.92, 'oven': 156.56, 'stove': 167.86, 'dish drying rack': 167.01, 'dishwasher': 160.78, 'sink': 120.4, 'coffee machine': 134.8, 'electronic kettle': 105.05}",[],cabinet door,{'electronic kettle': 1},"Container id 9, is a ""cabinet door"" below the countertop. Additionally, it is the closest to the electronic kettle."
7593,10,images/kitchen/12_segmented_sun_anfzulzazofakfhm.jpg,"[[86, 138], [86, 150], [122, 147], [122, 136]]",drawer,0.335,"[[0, 104], [300, 104], [300, 225], [0, 225]]",below,0.389,14.0,36.0,"{""above"": null, ""below"": 7594, ""left"": null, ""right"": null, ""top_left"": null, ""top_right"": null, ""bottom_left"": null, ""bottom_right"": 7584}","{""above"": null, ""below"": null, ""left"": null, ""right"": null, ""top_left"": null, ""top_right"": null, ""bottom_left"": null, ""bottom_right"": null}","{'microwave': 0.2598, 'oven': 0.1739, 'stove': 0.2516, 'dish drying rack': 0.1775, 'dishwasher': 0.1979, 'sink': 0.3123, 'coffee machine': 0.2619, 'electronic kettle': 0.4213}","{'microwave': 230.1, 'oven': 151.86, 'stove': 187.77, 'dish drying rack': 193.16, 'dishwasher': 334.05, 'sink': 34.65, 'coffee machine': 5.17, 'electronic kettle': 359.91}",[],drawer,"{'stove': 1, 'dish drying rack': 1}","Container id 10, is a ""drawer"" below the countertop. Additionally, it is the closest to the stove, and the closest to the dish drying rack."
7594,11,images/kitchen/12_segmented_sun_anfzulzazofakfhm.jpg,"[[122, 150], [87, 152], [88, 175], [122, 171]]",drawer,0.334,"[[0, 104], [300, 104], [300, 225], [0, 225]]",below,0.714,25.0,35.0,"{""above"": 7593, ""below"": null, ""left"": null, ""right"": 7584, ""top_left"": null, ""top_right"": null, ""bottom_left"": null, ""bottom_right"": null}","{""above"": null, ""below"": null, ""left"": ""oven"", ""right"": null, ""top_left"": null, ""top_right"": null, ""bottom_left"": null, ""bottom_right"": null}","{'microwave': 0.3021, 'oven': 0.1583, 'stove': 0.2654, 'dish drying rack': 0.1974, 'dishwasher': 0.2235, 'sink': 0.2844, 'coffee machine': 0.2603, 'electronic kettle': 0.4225}","{'microwave': 236.06, 'oven': 168.83, 'stove': 198.75, 'dish drying rack': 207.69, 'dishwasher': 321.9, 'sink': 26.34, 'coffee machine': 353.88, 'electronic kettle': 352.93}",[],drawer,"{'oven': 2, 'stove': 2, 'dish drying rack': 2}","Container id 11, is a ""drawer"" below the countertop. Additionally, it is the 2nd closest to the oven, the 2nd closest to the stove, and the 2nd closest to the dish drying rack."
7595,12,images/kitchen/12_segmented_sun_anfzulzazofakfhm.jpg,"[[160, 161], [158, 205], [169, 223], [171, 173]]",cabinet door,0.364,"[[0, 104], [300, 104], [300, 225], [0, 225]]",below,4.769,62.0,13.0,"{""above"": null, ""below"": null, ""left"": null, ""right"": null, ""top_left"": 7584, ""top_right"": null, ""bottom_left"": null, ""bottom_right"": 7591}","{""above"": null, ""below"": null, ""left"": null, ""right"": null, ""top_left"": null, ""top_right"": ""coffee machine"", ""bottom_left"": null, ""bottom_right"": null}","{'microwave': 0.4629, 'oven': 0.3179, 'stove': 0.4412, 'dish drying rack': 0.3739, 'dishwasher': 0.2145, 'sink': 0.1079, 'coffee machine': 0.1437, 'electronic kettle': 0.2898}","{'microwave': 224.88, 'oven': 188.2, 'stove': 201.45, 'dish drying rack': 206.66, 'dishwasher': 274.43, 'sink': 27.73, 'coffee machine': 313.8, 'electronic kettle': 333.79}",[],cabinet door,"{'sink': 2, 'coffee machine': 1}","Container id 12, is a ""cabinet door"" below the countertop. Additionally, it is the 2nd closest to the sink, and the closest to the coffee machine."
7662,1,images/kitchen/14_segmented_sun_amcseadaqamjvkpr.jpg,"[[162, 831], [169, 935], [477, 928], [472, 830]]",drawer,0.474,"[[0, 666], [1600, 666], [1600, 1065], [0, 1065]]",below,0.333,105.0,315.0,"{""above"": null, ""below"": 7667, ""left"": null, ""right"": null, ""top_left"": null, ""top_right"": null, ""bottom_left"": null, ""bottom_right"": null}","{""above"": null, ""below"": null, ""left"": null, ""right"": null, ""top_left"": null, ""top_right"": null, ""bottom_left"": null, ""bottom_right"": null}","{'electronic kettle': 0.2097, 'toaster': 0.1393, 'coffee machine': 0.5961, 'microwave': 0.6064, 'oven': 0.4318, 'sink': 0.2934, 'dish drying': 0.4317, 'stove': 0.482, 'rack': 0.4388, 'dishwasher': 0.5479}","{'electronic kettle': 316.92, 'toaster': 248.42, 'coffee machine': 351.31, 'microwave': 345.17, 'oven': 322.65, 'sink': 296.46, 'dish drying': 295.65, 'stove': 304.04, 'rack': 295.17, 'dishwasher': 312.1}",[],drawer,"{'electronic kettle': 1, 'toaster': 1, 'sink': 2}","Container id 1, is a ""drawer"" below the countertop. Additionally, it is the closest to the electronic kettle, the closest to the toaster, and the 2nd closest to the sink."
7663,2,images/kitchen/14_segmented_sun_amcseadaqamjvkpr.jpg,"[[170, 0], [174, 382], [514, 382], [510, 8]]",cabinet door,0.47,"[[0, 666], [1600, 666], [1600, 1065], [0, 1065]]",above,1.11,382.0,344.0,"{""above"": null, ""below"": null, ""left"": null, ""right"": null, ""top_left"": null, ""top_right"": null, ""bottom_left"": null, ""bottom_right"": null}","{""above"": null, ""below"": null, ""left"": null, ""right"": ""stove"", ""top_left"": null, ""top_right"": null, ""bottom_left"": null, ""bottom_right"": ""sink""}","{'electronic kettle': 0.2573, 'toaster': 0.2369, 'coffee machine': 0.6369, 'microwave': 0.6095, 'oven': 0.3454, 'sink': 0.1527, 'dish drying': 0.1782, 'stove': 0.2617, 'rack': 0.1795, 'dishwasher': 0.3592}","{'electronic kettle': 56.57, 'toaster': 105.35, 'coffee machine': 24.88, 'microwave': 19.43, 'oven': 16.14, 'sink': 38.61, 'dish drying': 349.91, 'stove': 350.88, 'rack': 347.41, 'dishwasher': 352.22}",[],cabinet door,"{'sink': 1, 'dish drying': 1, 'stove': 2, 'rack': 1}","Container id 2, is a ""cabinet door"" above the countertop. Additionally, it is the closest to the sink, the closest to the dish drying, the 2nd closest to the stove, and the closest to the rack."
7664,3,images/kitchen/14_segmented_sun_amcseadaqamjvkpr.jpg,"[[1277, 0], [1271, 379], [1497, 381], [1504, 7]]",cabinet door,0.493,"[[0, 666], [1600, 666], [1600, 1065], [0, 1065]]",above,1.635,381.0,233.0,"{""above"": null, ""below"": null, ""left"": 7666, ""right"": 7669, ""top_left"": null, ""top_right"": null, ""bottom_left"": null, ""bottom_right"": null}","{""above"": null, ""below"": ""microwave"", ""left"": null, ""right"": null, ""top_left"": null, ""top_right"": null, ""bottom_left"": null, ""bottom_right"": null}","{'electronic kettle': 0.4561, 'toaster': 0.6483, 'coffee machine': 0.2707, 'microwave': 0.2057, 'oven': 0.233, 'sink': 0.4352, 'dish drying': 0.3696, 'stove': 0.2884, 'rack': 0.3707, 'dishwasher': 0.194}","{'electronic kettle': 151.83, 'toaster': 159.31, 'coffee machine': 82.8, 'microwave': 81.35, 'oven': 155.49, 'sink': 167.27, 'dish drying': 184.74, 'stove': 188.14, 'rack': 185.96, 'dishwasher': 194.31}",[],cabinet door,"{'oven': 2, 'dishwasher': 2}","Container id 3, is a ""cabinet door"" above the countertop. Additionally, it is the 2nd closest to the oven, and the 2nd closest to the dishwasher."
7665,4,images/kitchen/14_segmented_sun_amcseadaqamjvkpr.jpg,"[[1397, 826], [1095, 822], [1091, 927], [1390, 928]]",drawer,0.419,"[[0, 666], [1600, 666], [1600, 1065], [0, 1065]]",below,0.346,106.0,306.0,"{""above"": null, ""below"": 7670, ""left"": null, ""right"": 7675, ""top_left"": null, ""top_right"": null, ""bottom_left"": null, ""bottom_right"": 7673}","{""above"": null, ""below"": null, ""left"": null, ""right"": null, ""top_left"": null, ""top_right"": null, ""bottom_left"": null, ""bottom_right"": null}","{'electronic kettle': 0.3561, 'toaster': 0.5465, 'coffee machine': 0.1395, 'microwave': 0.1856, 'oven': 0.2932, 'sink': 0.4356, 'dish drying': 0.4852, 'stove': 0.4491, 'rack': 0.4917, 'dishwasher': 0.4194}","{'electronic kettle': 203.24, 'toaster': 193.42, 'coffee machine': 321.28, 'microwave': 304.77, 'oven': 242.12, 'sink': 216.63, 'dish drying': 232.79, 'stove': 242.04, 'rack': 233.32, 'dishwasher': 254.36}",[],drawer,{},"Container id 4, is a ""drawer"" below the countertop."
7666,5,images/kitchen/14_segmented_sun_amcseadaqamjvkpr.jpg,"[[1038, 0], [1032, 380], [1264, 381], [1265, 0]]",cabinet door,0.48,"[[0, 666], [1600, 666], [1600, 1065], [0, 1065]]",above,1.635,381.0,233.0,"{""above"": null, ""below"": null, ""left"": null, ""right"": 7664, ""top_left"": null, ""top_right"": null, ""bottom_left"": null, ""bottom_right"": null}","{""above"": null, ""below"": null, ""left"": ""stove"", ""right"": null, ""top_left"": ""dishwasher"", ""top_right"": null, ""bottom_left"": ""oven"", ""bottom_right"": ""microwave""}","{'electronic kettle': 0.3526, 'toaster': 0.5349, 'coffee machine': 0.312, 'microwave': 0.256, 'oven': 0.1316, 'sink': 0.3161, 'dish drying': 0.2466, 'stove': 0.1668, 'rack': 0.248, 'dishwasher': 0.0798}","{'electronic kettle': 142.19, 'toaster': 154.55, 'coffee machine': 59.68, 'microwave': 52.89, 'oven': 132.23, 'sink': 162.19, 'dish drying': 186.94, 'stove': 193.89, 'rack': 188.75, 'dishwasher': 216.23}",[],cabinet door,"{'oven': 1, 'dish drying': 2, 'stove': 1, 'rack': 2, 'dishwasher': 1}","Container id 5, is a ""cabinet door"" above the countertop. Additionally, it is the closest to the oven, the 2nd closest to the dish drying, the closest to the stove, the 2nd closest to the rack, and the closest to the dishwasher."
7667,6,images/kitchen/14_segmented_sun_amcseadaqamjvkpr.jpg,"[[163, 947], [167, 1063], [481, 1059], [479, 944]]",cabinet door,0.394,"[[0, 666], [1600, 666], [1600, 1065], [0, 1065]]",below,0.374,119.0,318.0,"{""above"": 7662, ""below"": null, ""left"": 7668, ""right"": null, ""top_left"": null, ""top_right"": null, ""bottom_left"": null, ""bottom_right"": null}","{""above"": null, ""below"": null, ""left"": null, ""right"": null, ""top_left"": null, ""top_right"": null, ""bottom_left"": null, ""bottom_right"": null}","{'electronic kettle': 0.2566, 'toaster': 0.2002, 'coffee machine': 0.6077, 'microwave': 0.6245, 'oven': 0.4721, 'sink': 0.351, 'dish drying': 0.4893, 'stove': 0.5352, 'rack': 0.4966, 'dishwasher': 0.5958}","{'electronic kettle': 306.29, 'toaster': 254.78, 'coffee machine': 345.36, 'microwave': 339.49, 'oven': 316.41, 'sink': 291.64, 'dish drying': 292.29, 'stove': 300.11, 'rack': 291.91, 'dishwasher': 307.9}",[],cabinet door,{'electronic kettle': 2},"Container id 6, is a ""cabinet door"" below the countertop. Additionally, it is the 2nd closest to the electronic kettle."
7668,7,images/kitchen/14_segmented_sun_amcseadaqamjvkpr.jpg,"[[107, 798], [0, 849], [0, 1064], [121, 1053]]",cabinet door,0.424,"[[0, 666], [1600, 666], [1600, 1065], [0, 1065]]",below,2.198,266.0,121.0,"{""above"": null, ""below"": null, ""left"": null, ""right"": 7667, ""top_left"": null, ""top_right"": null, ""bottom_left"": null, ""bottom_right"": null}","{""above"": null, ""below"": null, ""left"": null, ""right"": null, ""top_left"": null, ""top_right"": ""toaster"", ""bottom_left"": null, ""bottom_right"": null}","{'electronic kettle': 0.3384, 'toaster': 0.1821, 'coffee machine': 0.7361, 'microwave': 0.7467, 'oven': 0.5625, 'sink': 0.3975, 'dish drying': 0.5306, 'stove': 0.5923, 'rack': 0.5367, 'dishwasher': 0.6677}","{'electronic kettle': 328.97, 'toaster': 298.03, 'coffee machine': 350.52, 'microwave': 345.54, 'oven': 328.59, 'sink': 312.32, 'dish drying': 307.6, 'stove': 313.36, 'rack': 307.06, 'dishwasher': 319.03}",[],cabinet door,{'toaster': 2},"Container id 7, is a ""cabinet door"" below the countertop. Additionally, it is the 2nd closest to the toaster."
7669,8,images/kitchen/14_segmented_sun_amcseadaqamjvkpr.jpg,"[[1599, 0], [1530, 7], [1537, 383], [1599, 377]]",cabinet door,0.427,"[[0, 666], [1600, 666], [1600, 1065], [0, 1065]]",above,5.551,383.0,69.0,"{""above"": null, ""below"": null, ""left"": 7664, ""right"": null, ""top_left"": null, ""top_right"": null, ""bottom_left"": null, ""bottom_right"": null}","{""above"": null, ""below"": null, ""left"": null, ""right"": null, ""top_left"": null, ""top_right"": null, ""bottom_left"": ""microwave"", ""bottom_right"": null}","{'electronic kettle': 0.54, 'toaster': 0.7362, 'coffee machine': 0.275, 'microwave': 0.2127, 'oven': 0.3201, 'sink': 0.5264, 'dish drying': 0.4625, 'stove': 0.3808, 'rack': 0.4634, 'dishwasher': 0.2851}","{'electronic kettle': 156.5, 'toaster': 161.87, 'coffee machine': 102.43, 'microwave': 107.0, 'oven': 162.42, 'sink': 169.5, 'dish drying': 183.79, 'stove': 186.15, 'rack': 184.76, 'dishwasher': 189.68}",[],cabinet door,{},"Container id 8, is a ""cabinet door"" above the countertop."
7670,9,images/kitchen/14_segmented_sun_amcseadaqamjvkpr.jpg,"[[1090, 940], [1093, 1043], [1390, 1036], [1389, 935]]",drawer,0.4,"[[0, 666], [1600, 666], [1600, 1065], [0, 1065]]",below,0.36,108.0,300.0,"{""above"": 7665, ""below"": null, ""left"": null, ""right"": 7672, ""top_left"": null, ""top_right"": null, ""bottom_left"": null, ""bottom_right"": null}","{""above"": null, ""below"": null, ""left"": null, ""right"": null, ""top_left"": null, ""top_right"": null, ""bottom_left"": null, ""bottom_right"": null}","{'electronic kettle': 0.3818, 'toaster': 0.5617, 'coffee machine': 0.1829, 'microwave': 0.2368, 'oven': 0.3456, 'sink': 0.4719, 'dish drying': 0.5323, 'stove': 0.5011, 'rack': 0.5391, 'dishwasher': 0.4758}","{'electronic kettle': 211.44, 'toaster': 199.28, 'coffee machine': 307.08, 'microwave': 296.94, 'oven': 246.88, 'sink': 222.46, 'dish drying': 236.73, 'stove': 245.33, 'rack': 237.17, 'dishwasher': 256.43}",[],drawer,{},"Container id 9, is a ""drawer"" below the countertop."
7671,10,images/kitchen/14_segmented_sun_amcseadaqamjvkpr.jpg,"[[1415, 1007], [1415, 1009], [1416, 1009], [1416, 1007]]",drawer,0.342,"[[0, 666], [1600, 666], [1600, 1065], [0, 1065]]",below,2.0,2.0,1.0,"{""above"": null, ""below"": null, ""left"": null, ""right"": null, ""top_left"": null, ""top_right"": null, ""bottom_left"": null, ""bottom_right"": null}","{""above"": null, ""below"": null, ""left"": null, ""right"": null, ""top_left"": null, ""top_right"": null, ""bottom_left"": null, ""bottom_right"": null}","{'electronic kettle': 0.4664, 'toaster': 0.6513, 'coffee machine': 0.1573, 'microwave': 0.2219, 'oven': 0.3987, 'sink': 0.5486, 'dish drying': 0.595, 'stove': 0.5539, 'rack': 0.6012, 'dishwasher': 0.5143}","{'electronic kettle': 206.67, 'toaster': 197.48, 'coffee machine': 277.03, 'microwave': 274.2, 'oven': 235.35, 'sink': 216.82, 'dish drying': 229.92, 'stove': 237.19, 'rack': 230.39, 'dishwasher': 246.79}",[],drawer,{},"Container id 10, is a ""drawer"" below the countertop."
7672,11,images/kitchen/14_segmented_sun_amcseadaqamjvkpr.jpg,"[[1416, 980], [1415, 981], [1415, 984], [1416, 984]]",cabinet door,0.349,"[[0, 666], [1600, 666], [1600, 1065], [0, 1065]]",below,4.0,4.0,1.0,"{""above"": null, ""below"": null, ""left"": null, ""right"": null, ""top_left"": null, ""top_right"": null, ""bottom_left"": null, ""bottom_right"": null}","{""above"": null, ""below"": null, ""left"": null, ""right"": null, ""top_left"": null, ""top_right"": null, ""bottom_left"": null, ""bottom_right"": null}","{'electronic kettle': 0.4605, 'toaster': 0.6474, 'coffee machine': 0.144, 'microwave': 0.2085, 'oven': 0.3878, 'sink': 0.5407, 'dish drying': 0.5848, 'stove': 0.5427, 'rack': 0.591, 'dishwasher': 0.502}","{'electronic kettle': 205.18, 'toaster': 196.35, 'coffee machine': 277.68, 'microwave': 274.47, 'oven': 234.22, 'sink': 215.68, 'dish drying': 229.08, 'stove': 236.42, 'rack': 229.56, 'dishwasher': 246.19}",[],cabinet door,{},"Container id 11, is a ""cabinet door"" below the countertop."
7673,12,images/kitchen/14_segmented_sun_amcseadaqamjvkpr.jpg,"[[1416, 921], [1413, 929], [1416, 974], [1421, 953], [1421, 926]]",cabinet door,0.349,"[[0, 666], [1600, 666], [1600, 1065], [0, 1065]]",below,6.625,53.0,8.0,"{""above"": null, ""below"": null, ""left"": null, ""right"": null, ""top_left"": null, ""top_right"": null, ""bottom_left"": null, ""bottom_right"": null}","{""above"": null, ""below"": null, ""left"": null, ""right"": null, ""top_left"": null, ""top_right"": null, ""bottom_left"": null, ""bottom_right"": null}","{'electronic kettle': 0.4527, 'toaster': 0.6426, 'coffee machine': 0.1224, 'microwave': 0.1868, 'oven': 0.371, 'sink': 0.5292, 'dish drying': 0.5692, 'stove': 0.5253, 'rack': 0.5753, 'dishwasher': 0.4826}","{'electronic kettle': 202.64, 'toaster': 194.47, 'coffee machine': 278.58, 'microwave': 274.68, 'oven': 232.14, 'sink': 213.71, 'dish drying': 227.57, 'stove': 235.02, 'rack': 228.08, 'dishwasher': 245.04}",[],cabinet door,{},"Container id 12, is a ""cabinet door"" below the countertop."
7674,13,images/kitchen/14_segmented_sun_amcseadaqamjvkpr.jpg,"[[1416, 905], [1416, 906], [1415, 907], [1415, 909], [1416, 910], [1417, 910], [1418, 909], [1418, 907], [1417, 906], [1417, 905]]",cabinet door,0.327,"[[0, 666], [1600, 666], [1600, 1065], [0, 1065]]",below,1.667,5.0,3.0,"{""above"": null, ""below"": null, ""left"": null, ""right"": null, ""top_left"": null, ""top_right"": null, ""bottom_left"": null, ""bottom_right"": null}","{""above"": null, ""below"": null, ""left"": null, ""right"": null, ""top_left"": null, ""top_right"": null, ""bottom_left"": null, ""bottom_right"": null}","{'electronic kettle': 0.4459, 'toaster': 0.638, 'coffee machine': 0.1054, 'microwave': 0.1697, 'oven': 0.3573, 'sink': 0.5194, 'dish drying': 0.5563, 'stove': 0.511, 'rack': 0.5623, 'dishwasher': 0.4668}","{'electronic kettle': 200.61, 'toaster': 192.98, 'coffee machine': 280.23, 'microwave': 275.31, 'oven': 230.5, 'sink': 212.15, 'dish drying': 226.41, 'stove': 233.95, 'rack': 226.94, 'dishwasher': 244.2}",[],cabinet door,"{'coffee machine': 2, 'microwave': 2}","Container id 13, is a ""cabinet door"" below the countertop. Additionally, it is the 2nd closest to the coffee machine, and the 2nd closest to the microwave."
7675,14,images/kitchen/14_segmented_sun_amcseadaqamjvkpr.jpg,"[[1416, 881], [1416, 882], [1415, 883], [1416, 884], [1417, 884], [1417, 882]]",cabinet door,0.471,"[[0, 666], [1600, 666], [1600, 1065], [0, 1065]]",below,1.5,3.0,2.0,"{""above"": null, ""below"": null, ""left"": null, ""right"": null, ""top_left"": null, ""top_right"": null, ""bottom_left"": null, ""bottom_right"": null}","{""above"": null, ""below"": null, ""left"": null, ""right"": null, ""top_left"": null, ""top_right"": null, ""bottom_left"": null, ""bottom_right"": null}","{'electronic kettle': 0.4413, 'toaster': 0.6351, 'coffee machine': 0.0928, 'microwave': 0.1569, 'oven': 0.3473, 'sink': 0.5125, 'dish drying': 0.5469, 'stove': 0.5005, 'rack': 0.5528, 'dishwasher': 0.4552}","{'electronic kettle': 199.06, 'toaster': 191.85, 'coffee machine': 281.75, 'microwave': 275.81, 'oven': 229.17, 'sink': 210.95, 'dish drying': 225.49, 'stove': 233.1, 'rack': 226.04, 'dishwasher': 243.52}",[],cabinet door,"{'coffee machine': 1, 'microwave': 1}","Container id 14, is a ""cabinet door"" below the countertop. Additionally, it is the closest to the coffee machine, and the closest to the microwave."
8858,1,images/kitchen/19_segmented_sun_alyqyulcvigwjdyc.jpg,"[[118, 160], [115, 238], [152, 253], [151, 165]]",cabinet door,0.409,"[[0, 140], [256, 140], [256, 256], [0, 256]]",below,2.514,93.0,37.0,"{""above"": null, ""below"": null, ""left"": 8874, ""right"": null, ""top_left"": null, ""top_right"": null, ""bottom_left"": null, ""bottom_right"": null}","{""above"": null, ""below"": null, ""left"": null, ""right"": ""dishwasher"", ""top_left"": null, ""top_right"": null, ""bottom_left"": null, ""bottom_right"": null}","{'dishwasher': 0.1513, 'sink': 0.2709, 'oven': 0.3031}","{'dishwasher': 9.72, 'sink': 200.28, 'oven': 204.93}",[],cabinet door,{'dishwasher': 2},"Container id 1, is a ""cabinet door"" below the countertop. Additionally, it is the 2nd closest to the dishwasher."
8859,2,images/kitchen/19_segmented_sun_alyqyulcvigwjdyc.jpg,"[[71, 168], [30, 177], [31, 255], [75, 255]]",cabinet door,0.505,"[[0, 140], [256, 140], [256, 256], [0, 256]]",below,1.933,87.0,45.0,"{""above"": null, ""below"": null, ""left"": 8870, ""right"": 8874, ""top_left"": null, ""top_right"": 8876, ""bottom_left"": null, ""bottom_right"": null}","{""above"": ""sink"", ""below"": null, ""left"": null, ""right"": null, ""top_left"": null, ""top_right"": null, ""bottom_left"": null, ""bottom_right"": null}","{'dishwasher': 0.3763, 'sink': 0.1238, 'oven': 0.1619}","{'dishwasher': 359.79, 'sink': 257.44, 'oven': 252.88}",[],cabinet door,"{'sink': 2, 'oven': 2}","Container id 2, is a ""cabinet door"" below the countertop. Additionally, it is the 2nd closest to the sink, and the 2nd closest to the oven."
8860,3,images/kitchen/19_segmented_sun_alyqyulcvigwjdyc.jpg,"[[135, 49], [134, 110], [149, 110], [149, 53]]",cabinet door,0.402,"[[0, 140], [256, 140], [256, 256], [0, 256]]",above,4.067,61.0,15.0,"{""above"": null, ""below"": null, ""left"": 8873, ""right"": null, ""top_left"": null, ""top_right"": null, ""bottom_left"": null, ""bottom_right"": null}","{""above"": null, ""below"": null, ""left"": null, ""right"": null, ""top_left"": null, ""top_right"": null, ""bottom_left"": null, ""bottom_right"": null}","{'dishwasher': 0.3883, 'sink': 0.3702, 'oven': 0.3651}","{'dishwasher': 70.79, 'sink': 138.1, 'oven': 144.24}",[],cabinet door,{},"Container id 3, is a ""cabinet door"" above the countertop."
8861,4,images/kitchen/19_segmented_sun_alyqyulcvigwjdyc.jpg,"[[28, 253]]",cabinet door,0.442,"[[0, 140], [256, 140], [256, 256], [0, 256]]",below,0.0,0.0,0.0,"{""above"": null, ""below"": null, ""left"": null, ""right"": null, ""top_left"": null, ""top_right"": null, ""bottom_left"": null, ""bottom_right"": null}","{""above"": null, ""below"": null, ""left"": null, ""right"": null, ""top_left"": null, ""top_right"": null, ""bottom_left"": null, ""bottom_right"": null}","{'dishwasher': 0.4554, 'sink': 0.2325, 'oven': 0.2637}","{'dishwasher': 346.05, 'sink': 279.57, 'oven': 273.9}",[],cabinet door,{},"Container id 4, is a ""cabinet door"" below the countertop."
8862,5,images/kitchen/19_segmented_sun_alyqyulcvigwjdyc.jpg,"[[28, 249]]",cabinet door,0.387,"[[0, 140], [256, 140], [256, 256], [0, 256]]",below,0.0,0.0,0.0,"{""above"": null, ""below"": null, ""left"": null, ""right"": null, ""top_left"": null, ""top_right"": null, ""bottom_left"": null, ""bottom_right"": null}","{""above"": null, ""below"": null, ""left"": null, ""right"": null, ""top_left"": null, ""top_right"": null, ""bottom_left"": null, ""bottom_right"": null}","{'dishwasher': 0.4528, 'sink': 0.2216, 'oven': 0.2527}","{'dishwasher': 347.4, 'sink': 280.05, 'oven': 274.07}",[],cabinet door,{},"Container id 5, is a ""cabinet door"" below the countertop."
8863,6,images/kitchen/19_segmented_sun_alyqyulcvigwjdyc.jpg,"[[28, 239]]",cabinet door,0.383,"[[0, 140], [256, 140], [256, 256], [0, 256]]",below,0.0,0.0,0.0,"{""above"": null, ""below"": null, ""left"": null, ""right"": null, ""top_left"": null, ""top_right"": null, ""bottom_left"": null, ""bottom_right"": null}","{""above"": null, ""below"": null, ""left"": null, ""right"": null, ""top_left"": null, ""top_right"": null, ""bottom_left"": null, ""bottom_right"": null}","{'dishwasher': 0.4476, 'sink': 0.1945, 'oven': 0.2251}","{'dishwasher': 350.86, 'sink': 281.47, 'oven': 274.57}",[],cabinet door,{},"Container id 6, is a ""cabinet door"" below the countertop."
8864,7,images/kitchen/19_segmented_sun_alyqyulcvigwjdyc.jpg,"[[28, 237]]",cabinet door,0.374,"[[0, 140], [256, 140], [256, 256], [0, 256]]",below,0.0,0.0,0.0,"{""above"": null, ""below"": null, ""left"": null, ""right"": null, ""top_left"": null, ""top_right"": null, ""bottom_left"": null, ""bottom_right"": null}","{""above"": null, ""below"": null, ""left"": null, ""right"": null, ""top_left"": null, ""top_right"": null, ""bottom_left"": null, ""bottom_right"": null}","{'dishwasher': 0.4468, 'sink': 0.1891, 'oven': 0.2196}","{'dishwasher': 351.56, 'sink': 281.8, 'oven': 274.69}",[],cabinet door,{},"Container id 7, is a ""cabinet door"" below the countertop."
8865,8,images/kitchen/19_segmented_sun_alyqyulcvigwjdyc.jpg,"[[28, 235]]",drawer,0.393,"[[0, 140], [256, 140], [256, 256], [0, 256]]",below,0.0,0.0,0.0,"{""above"": null, ""below"": null, ""left"": null, ""right"": null, ""top_left"": null, ""top_right"": null, ""bottom_left"": null, ""bottom_right"": null}","{""above"": null, ""below"": null, ""left"": null, ""right"": null, ""top_left"": null, ""top_right"": null, ""bottom_left"": null, ""bottom_right"": null}","{'dishwasher': 0.446, 'sink': 0.1837, 'oven': 0.2141}","{'dishwasher': 352.26, 'sink': 282.15, 'oven': 274.81}",[],drawer,{},"Container id 8, is a ""drawer"" below the countertop."
8866,9,images/kitchen/19_segmented_sun_alyqyulcvigwjdyc.jpg,"[[28, 231]]",cabinet door,0.305,"[[0, 140], [256, 140], [256, 256], [0, 256]]",below,0.0,0.0,0.0,"{""above"": null, ""below"": null, ""left"": null, ""right"": null, ""top_left"": null, ""top_right"": null, ""bottom_left"": null, ""bottom_right"": null}","{""above"": null, ""below"": null, ""left"": null, ""right"": null, ""top_left"": null, ""top_right"": null, ""bottom_left"": null, ""bottom_right"": null}","{'dishwasher': 0.4447, 'sink': 0.1729, 'oven': 0.2031}","{'dishwasher': 353.67, 'sink': 282.93, 'oven': 275.07}",[],cabinet door,{},"Container id 9, is a ""cabinet door"" below the countertop."
8867,10,images/kitchen/19_segmented_sun_alyqyulcvigwjdyc.jpg,"[[28, 227]]",drawer,0.322,"[[0, 140], [256, 140], [256, 256], [0, 256]]",below,0.0,0.0,0.0,"{""above"": null, ""below"": null, ""left"": null, ""right"": null, ""top_left"": null, ""top_right"": null, ""bottom_left"": null, ""bottom_right"": null}","{""above"": null, ""below"": null, ""left"": null, ""right"": null, ""top_left"": null, ""top_right"": null, ""bottom_left"": null, ""bottom_right"": null}","{'dishwasher': 0.4436, 'sink': 0.1621, 'oven': 0.1921}","{'dishwasher': 355.09, 'sink': 283.8, 'oven': 275.36}",[],drawer,{},"Container id 10, is a ""drawer"" below the countertop."
8868,11,images/kitchen/19_segmented_sun_alyqyulcvigwjdyc.jpg,"[[28, 223]]",drawer,0.342,"[[0, 140], [256, 140], [256, 256], [0, 256]]",below,0.0,0.0,0.0,"{""above"": null, ""below"": null, ""left"": null, ""right"": null, ""top_left"": null, ""top_right"": null, ""bottom_left"": null, ""bottom_right"": null}","{""above"": null, ""below"": null, ""left"": null, ""right"": null, ""top_left"": null, ""top_right"": null, ""bottom_left"": null, ""bottom_right"": null}","{'dishwasher': 0.4428, 'sink': 0.1514, 'oven': 0.1811}","{'dishwasher': 356.51, 'sink': 284.8, 'oven': 275.69}",[],drawer,{},"Container id 11, is a ""drawer"" below the countertop."
8869,12,images/kitchen/19_segmented_sun_alyqyulcvigwjdyc.jpg,"[[28, 207]]",cabinet door,0.305,"[[0, 140], [256, 140], [256, 256], [0, 256]]",below,0.0,0.0,0.0,"{""above"": null, ""below"": null, ""left"": null, ""right"": null, ""top_left"": null, ""top_right"": null, ""bottom_left"": null, ""bottom_right"": null}","{""above"": null, ""below"": null, ""left"": null, ""right"": null, ""top_left"": null, ""top_right"": null, ""bottom_left"": null, ""bottom_right"": null}","{'dishwasher': 0.4423, 'sink': 0.1093, 'oven': 0.1372}","{'dishwasher': 2.24, 'sink': 290.73, 'oven': 277.52}",[],cabinet door,"{'sink': 1, 'oven': 1}","Container id 12, is a ""cabinet door"" below the countertop. Additionally, it is the closest to the sink, and the closest to the oven."
8870,13,images/kitchen/19_segmented_sun_alyqyulcvigwjdyc.jpg,"[[2, 180], [0, 247], [26, 255], [22, 177]]",cabinet door,0.404,"[[0, 140], [256, 140], [256, 256], [0, 256]]",below,3.0,78.0,26.0,"{""above"": null, ""below"": null, ""left"": null, ""right"": 8859, ""top_left"": null, ""top_right"": null, ""bottom_left"": null, ""bottom_right"": null}","{""above"": null, ""below"": null, ""left"": null, ""right"": null, ""top_left"": null, ""top_right"": ""sink"", ""bottom_left"": null, ""bottom_right"": null}","{'dishwasher': 0.4848, 'sink': 0.148, 'oven': 0.1688}","{'dishwasher': 359.51, 'sink': 303.39, 'oven': 291.1}",[],cabinet door,{},"Container id 13, is a ""cabinet door"" below the countertop."
8871,14,images/kitchen/19_segmented_sun_alyqyulcvigwjdyc.jpg,"[[76, 31], [74, 107], [100, 108], [103, 40]]",cabinet door,0.32,"[[0, 140], [256, 140], [256, 256], [0, 256]]",above,2.655,77.0,29.0,"{""above"": null, ""below"": null, ""left"": 8875, ""right"": 8873, ""top_left"": null, ""top_right"": null, ""bottom_left"": null, ""bottom_right"": null}","{""above"": null, ""below"": null, ""left"": null, ""right"": null, ""top_left"": null, ""top_right"": null, ""bottom_left"": ""oven"", ""bottom_right"": null}","{'dishwasher': 0.4788, 'sink': 0.3006, 'oven': 0.2807}","{'dishwasher': 54.87, 'sink': 115.15, 'oven': 121.93}",[],cabinet door,{},"Container id 14, is a ""cabinet door"" above the countertop."
8872,15,images/kitchen/19_segmented_sun_alyqyulcvigwjdyc.jpg,"[[250, 164], [223, 178], [225, 255], [250, 255]]",drawer,0.319,"[[0, 140], [256, 140], [256, 256], [0, 256]]",below,3.37,91.0,27.0,"{""above"": null, ""below"": null, ""left"": null, ""right"": null, ""top_left"": null, ""top_right"": null, ""bottom_left"": null, ""bottom_right"": null}","{""above"": null, ""below"": null, ""left"": ""dishwasher"", ""right"": null, ""top_left"": null, ""top_right"": null, ""bottom_left"": null, ""bottom_right"": null}","{'dishwasher': 0.1353, 'sink': 0.5516, 'oven': 0.5798}","{'dishwasher': 179.71, 'sink': 192.44, 'oven': 195.26}",[],drawer,{'dishwasher': 1},"Container id 15, is a ""drawer"" below the countertop. Additionally, it is the closest to the dishwasher."
8873,16,images/kitchen/19_segmented_sun_alyqyulcvigwjdyc.jpg,"[[105, 40], [104, 108], [123, 110], [126, 47]]",drawer,0.323,"[[0, 140], [256, 140], [256, 256], [0, 256]]",above,3.182,70.0,22.0,"{""above"": null, ""below"": null, ""left"": 8871, ""right"": 8860, ""top_left"": null, ""top_right"": null, ""bottom_left"": null, ""bottom_right"": null}","{""above"": null, ""below"": null, ""left"": null, ""right"": null, ""top_left"": null, ""top_right"": null, ""bottom_left"": null, ""bottom_right"": null}","{'dishwasher': 0.4294, 'sink': 0.3273, 'oven': 0.3154}","{'dishwasher': 61.79, 'sink': 127.72, 'oven': 134.47}",[],drawer,{},"Container id 16, is a ""drawer"" above the countertop."
8874,17,images/kitchen/19_segmented_sun_alyqyulcvigwjdyc.jpg,"[[108, 161], [77, 167], [78, 255], [110, 238]]",cabinet door,0.328,"[[0, 140], [256, 140], [256, 256], [0, 256]]",below,2.848,94.0,33.0,"{""above"": 8876, ""below"": null, ""left"": 8859, ""right"": 8858, ""top_left"": null, ""top_right"": null, ""bottom_left"": null, ""bottom_right"": null}","{""above"": null, ""below"": null, ""left"": null, ""right"": null, ""top_left"": ""oven"", ""top_right"": null, ""bottom_left"": null, ""bottom_right"": null}","{'dishwasher': 0.2626, 'sink': 0.1718, 'oven': 0.2087}","{'dishwasher': 4.83, 'sink': 214.52, 'oven': 218.96}",[],cabinet door,{},"Container id 17, is a ""cabinet door"" below the countertop."
8875,18,images/kitchen/19_segmented_sun_alyqyulcvigwjdyc.jpg,"[[40, 22], [39, 109], [71, 108], [71, 32], [59, 30], [59, 22]]",cabinet door,0.402,"[[0, 140], [256, 140], [256, 256], [0, 256]]",above,2.719,87.0,32.0,"{""above"": null, ""below"": null, ""left"": null, ""right"": 8871, ""top_left"": null, ""top_right"": null, ""bottom_left"": null, ""bottom_right"": null}","{""above"": null, ""below"": null, ""left"": null, ""right"": null, ""top_left"": null, ""top_right"": null, ""bottom_left"": ""oven"", ""bottom_right"": null}","{'dishwasher': 0.5708, 'sink': 0.3234, 'oven': 0.2934}","{'dishwasher': 50.48, 'sink': 97.11, 'oven': 101.95}",[],cabinet door,{},"Container id 18, is a ""cabinet door"" above the countertop."
8876,19,images/kitchen/19_segmented_sun_alyqyulcvigwjdyc.jpg,"[[103, 168], [82, 171], [82, 183], [102, 178]]",cabinet door,0.334,"[[0, 140], [256, 140], [256, 256], [0, 256]]",below,0.714,15.0,21.0,"{""above"": null, ""below"": null, ""left"": null, ""right"": null, ""top_left"": null, ""top_right"": null, ""bottom_left"": null, ""bottom_right"": null}","{""above"": null, ""below"": null, ""left"": null, ""right"": null, ""top_left"": null, ""top_right"": null, ""bottom_left"": null, ""bottom_right"": null}","{'dishwasher': 0.2848, 'sink': 0.1395, 'oven': 0.1665}","{'dishwasher': 21.78, 'sink': 185.68, 'oven': 196.63}",[],cabinet door,{},"Container id 19, is a ""cabinet door"" below the countertop."
8934,1,images/kitchen/13_segmented_sun_asymyduxvrjpcvzg.jpg,"[[1445, 1224], [1082, 1388], [1142, 2267], [1448, 2084]]",cabinet door,0.601,"[[0, 568], [3072, 568], [3072, 2304], [0, 2304]]",below,2.85,1043.0,366.0,"{""above"": null, ""below"": null, ""left"": null, ""right"": 8946, ""top_left"": null, ""top_right"": null, ""bottom_left"": null, ""bottom_right"": null}","{""above"": null, ""below"": null, ""left"": null, ""right"": null, ""top_left"": null, ""top_right"": null, ""bottom_left"": null, ""bottom_right"": null}",{'oven': 0.423},{'oven': 341.6},[],cabinet door,{},"Container id 1, is a ""cabinet door"" below the countertop."
8935,2,images/kitchen/13_segmented_sun_asymyduxvrjpcvzg.jpg,"[[1711, 199]]",cabinet door,0.524,"[[0, 568], [3072, 568], [3072, 2304], [0, 2304]]",above,0.0,0.0,0.0,"{""above"": null, ""below"": null, ""left"": null, ""right"": null, ""top_left"": null, ""top_right"": null, ""bottom_left"": null, ""bottom_right"": null}","{""above"": null, ""below"": null, ""left"": null, ""right"": null, ""top_left"": null, ""top_right"": null, ""bottom_left"": null, ""bottom_right"": null}",{'oven': 0.3941},{'oven': 42.84},[],cabinet door,{},"Container id 2, is a ""cabinet door"" above the countertop."
8936,3,images/kitchen/13_segmented_sun_asymyduxvrjpcvzg.jpg,"[[1331, 198], [1330, 196], [1314, 196], [1297, 199], [1316, 201]]",cabinet door,0.58,"[[0, 568], [3072, 568], [3072, 2304], [0, 2304]]",above,0.147,5.0,34.0,"{""above"": null, ""below"": null, ""left"": null, ""right"": null, ""top_left"": null, ""top_right"": null, ""bottom_left"": null, ""bottom_right"": null}","{""above"": null, ""below"": null, ""left"": null, ""right"": null, ""top_left"": null, ""top_right"": null, ""bottom_left"": null, ""bottom_right"": null}",{'oven': 0.4745},{'oven': 34.42},[],cabinet door,{},"Container id 3, is a ""cabinet door"" above the countertop."
8937,4,images/kitchen/13_segmented_sun_asymyduxvrjpcvzg.jpg,"[[1365, 195], [1367, 199], [1372, 200], [1382, 199], [1390, 196]]",cabinet door,0.449,"[[0, 568], [3072, 568], [3072, 2304], [0, 2304]]",above,0.2,5.0,25.0,"{""above"": null, ""below"": null, ""left"": null, ""right"": null, ""top_left"": 8939, ""top_right"": null, ""bottom_left"": null, ""bottom_right"": null}","{""above"": null, ""below"": null, ""left"": null, ""right"": null, ""top_left"": null, ""top_right"": null, ""bottom_left"": null, ""bottom_right"": null}",{'oven': 0.4622},{'oven': 35.48},[],cabinet door,{},"Container id 4, is a ""cabinet door"" above the countertop."
8938,5,images/kitchen/13_segmented_sun_asymyduxvrjpcvzg.jpg,"[[1612, 192], [1609, 194], [1609, 199], [1612, 203], [1615, 203], [1619, 199], [1619, 197], [1617, 194]]",cabinet door,0.392,"[[0, 568], [3072, 568], [3072, 2304], [0, 2304]]",above,1.1,11.0,10.0,"{""above"": null, ""below"": null, ""left"": null, ""right"": null, ""top_left"": null, ""top_right"": null, ""bottom_left"": null, ""bottom_right"": null}","{""above"": null, ""below"": null, ""left"": null, ""right"": null, ""top_left"": null, ""top_right"": null, ""bottom_left"": null, ""bottom_right"": null}",{'oven': 0.4132},{'oven': 40.5},[],cabinet door,{},"Container id 5, is a ""cabinet door"" above the countertop."
8939,6,images/kitchen/13_segmented_sun_asymyduxvrjpcvzg.jpg,"[[1365, 172], [1359, 174], [1360, 189], [1363, 193], [1364, 180], [1368, 175]]",drawer,0.361,"[[0, 568], [3072, 568], [3072, 2304], [0, 2304]]",above,2.333,21.0,9.0,"{""above"": null, ""below"": null, ""left"": null, ""right"": null, ""top_left"": null, ""top_right"": null, ""bottom_left"": null, ""bottom_right"": 8937}","{""above"": null, ""below"": null, ""left"": null, ""right"": null, ""top_left"": null, ""top_right"": null, ""bottom_left"": null, ""bottom_right"": null}",{'oven': 0.4674},{'oven': 35.71},[],drawer,{},"Container id 6, is a ""drawer"" above the countertop."
8940,7,images/kitchen/13_segmented_sun_asymyduxvrjpcvzg.jpg,"[[1434, 167], [1397, 175], [1415, 199], [1432, 199], [1435, 196], [1416, 192], [1414, 184], [1420, 176], [1442, 176]]",drawer,0.328,"[[0, 568], [3072, 568], [3072, 2304], [0, 2304]]",above,0.711,32.0,45.0,"{""above"": null, ""below"": null, ""left"": 8941, ""right"": null, ""top_left"": null, ""top_right"": null, ""bottom_left"": null, ""bottom_right"": null}","{""above"": null, ""below"": null, ""left"": null, ""right"": null, ""top_left"": null, ""top_right"": null, ""bottom_left"": null, ""bottom_right"": null}",{'oven': 0.4542},{'oven': 36.73},[],drawer,{},"Container id 7, is a ""drawer"" above the countertop."
8941,8,images/kitchen/13_segmented_sun_asymyduxvrjpcvzg.jpg,"[[1376, 172], [1377, 175], [1385, 179], [1395, 175], [1394, 172], [1390, 170], [1387, 166], [1384, 166]]",cabinet door,0.502,"[[0, 568], [3072, 568], [3072, 2304], [0, 2304]]",above,0.684,13.0,19.0,"{""above"": null, ""below"": null, ""left"": null, ""right"": null, ""top_left"": null, ""top_right"": null, ""bottom_left"": null, ""bottom_right"": null}","{""above"": null, ""below"": null, ""left"": null, ""right"": null, ""top_left"": null, ""top_right"": null, ""bottom_left"": null, ""bottom_right"": null}",{'oven': 0.4639},{'oven': 36.36},[],cabinet door,{},"Container id 8, is a ""cabinet door"" above the countertop."
8942,9,images/kitchen/13_segmented_sun_asymyduxvrjpcvzg.jpg,"[[1744, 162], [1744, 169], [1743, 170], [1744, 175], [1746, 172], [1745, 171], [1745, 163]]",cabinet door,0.412,"[[0, 568], [3072, 568], [3072, 2304], [0, 2304]]",above,4.333,13.0,3.0,"{""above"": null, ""below"": null, ""left"": null, ""right"": null, ""top_left"": null, ""top_right"": null, ""bottom_left"": null, ""bottom_right"": null}","{""above"": null, ""below"": null, ""left"": null, ""right"": null, ""top_left"": null, ""top_right"": null, ""bottom_left"": null, ""bottom_right"": null}",{'oven': 0.3932},{'oven': 44.55},[],cabinet door,{'oven': 2},"Container id 9, is a ""cabinet door"" above the countertop. Additionally, it is the 2nd closest to the oven."
8943,10,images/kitchen/13_segmented_sun_asymyduxvrjpcvzg.jpg,"[[1270, 158], [1268, 154], [1264, 152], [1255, 155], [1252, 158], [1252, 162], [1255, 164], [1267, 165], [1270, 162]]",drawer,0.366,"[[0, 568], [3072, 568], [3072, 2304], [0, 2304]]",above,0.722,13.0,18.0,"{""above"": null, ""below"": null, ""left"": null, ""right"": null, ""top_left"": null, ""top_right"": null, ""bottom_left"": null, ""bottom_right"": null}","{""above"": null, ""below"": null, ""left"": null, ""right"": null, ""top_left"": null, ""top_right"": null, ""bottom_left"": null, ""bottom_right"": null}",{'oven': 0.4923},{'oven': 34.44},[],drawer,{},"Container id 10, is a ""drawer"" above the countertop."
8944,11,images/kitchen/13_segmented_sun_asymyduxvrjpcvzg.jpg,"[[1696, 128], [1693, 130], [1689, 130], [1684, 134], [1684, 145], [1698, 137]]",drawer,0.327,"[[0, 568], [3072, 568], [3072, 2304], [0, 2304]]",above,1.214,17.0,14.0,"{""above"": null, ""below"": null, ""left"": null, ""right"": null, ""top_left"": null, ""top_right"": null, ""bottom_left"": null, ""bottom_right"": null}","{""above"": null, ""below"": null, ""left"": null, ""right"": null, ""top_left"": null, ""top_right"": null, ""bottom_left"": null, ""bottom_right"": null}",{'oven': 0.4096},{'oven': 44.08},[],drawer,{},"Container id 11, is a ""drawer"" above the countertop."
8945,12,images/kitchen/13_segmented_sun_asymyduxvrjpcvzg.jpg,"[[1138, 0], [1147, 268], [1893, 294], [1911, 0], [1815, 233], [1510, 187], [1723, 166], [1790, 0], [1294, 0], [1287, 145], [1574, 159], [1228, 209]]",drawer,0.414,"[[0, 568], [3072, 568], [3072, 2304], [0, 2304]]",above,0.38,294.0,773.0,"{""above"": null, ""below"": null, ""left"": 8940, ""right"": 8944, ""top_left"": null, ""top_right"": null, ""bottom_left"": null, ""bottom_right"": 8938}","{""above"": null, ""below"": null, ""left"": null, ""right"": null, ""top_left"": null, ""top_right"": null, ""bottom_left"": null, ""bottom_right"": null}",{'oven': 0.4407},{'oven': 40.08},[],drawer,{},"Container id 12, is a ""drawer"" above the countertop."
8946,13,images/kitchen/13_segmented_sun_asymyduxvrjpcvzg.jpg,"[[1491, 1225], [1472, 2084], [1724, 2299], [1794, 1423]]",cabinet door,0.304,"[[0, 568], [3072, 568], [3072, 2304], [0, 2304]]",below,3.335,1074.0,322.0,"{""above"": null, ""below"": null, ""left"": 8934, ""right"": null, ""top_left"": null, ""top_right"": null, ""bottom_left"": null, ""bottom_right"": null}","{""above"": null, ""below"": null, ""left"": null, ""right"": null, ""top_left"": null, ""top_right"": null, ""bottom_left"": null, ""bottom_right"": null}",{'oven': 0.3417},{'oven': 336.18},[],cabinet door,{'oven': 1},"Container id 13, is a ""cabinet door"" below the countertop. Additionally, it is the closest to the oven."
9002,1,images/kitchen/5_segmented_sun_aunbvudubwlyozvt.jpg,"[[470, 345], [469, 479], [514, 529], [512, 360]]",cabinet door,0.389,"[[0, 323], [800, 323], [800, 535], [0, 535]]",below,4.089,184.0,45.0,"{""above"": null, ""below"": null, ""left"": null, ""right"": 9006, ""top_left"": null, ""top_right"": null, ""bottom_left"": null, ""bottom_right"": null}","{""above"": null, ""below"": null, ""left"": ""dishwasher"", ""right"": null, ""top_left"": ""microwave toaster"", ""top_right"": null, ""bottom_left"": null, ""bottom_right"": null}","{'coffee machine': 0.2799, 'microwave toaster': 0.1313, 'dishwasher': 0.0843, 'dish': 0.2785, 'sink': 0.3637, 'toaster': 0.1314, 'oven': 0.2684}","{'coffee machine': 333.21, 'microwave toaster': 252.11, 'dishwasher': 197.39, 'dish': 205.81, 'sink': 193.21, 'toaster': 252.13, 'oven': 181.11}",[],cabinet door,"{'microwave toaster': 1, 'dishwasher': 1, 'dish': 1, 'sink': 1, 'toaster': 1, 'oven': 1}","Container id 1, is a ""cabinet door"" below the countertop. Additionally, it is the closest to the microwave toaster, the closest to the dishwasher, the closest to the dish, the closest to the sink, the closest to the toaster, and the closest to the oven."
9003,2,images/kitchen/5_segmented_sun_aunbvudubwlyozvt.jpg,"[[533, 15], [494, 64], [497, 218], [536, 201]]",cabinet door,0.335,"[[0, 323], [800, 323], [800, 535], [0, 535]]",above,4.833,203.0,42.0,"{""above"": null, ""below"": null, ""left"": null, ""right"": null, ""top_left"": null, ""top_right"": null, ""bottom_left"": null, ""bottom_right"": null}","{""above"": null, ""below"": null, ""left"": null, ""right"": null, ""top_left"": null, ""top_right"": null, ""bottom_left"": ""toaster"", ""bottom_right"": null}","{'coffee machine': 0.2942, 'microwave toaster': 0.2014, 'dishwasher': 0.3089, 'dish': 0.337, 'sink': 0.4444, 'toaster': 0.2013, 'oven': 0.4269}","{'coffee machine': 40.08, 'microwave toaster': 108.83, 'dishwasher': 109.9, 'dish': 144.78, 'sink': 148.46, 'toaster': 108.84, 'oven': 133.35}",[],cabinet door,{},"Container id 2, is a ""cabinet door"" above the countertop."
9004,3,images/kitchen/5_segmented_sun_aunbvudubwlyozvt.jpg,"[[573, 525], [572, 524], [569, 528], [564, 529], [562, 532], [568, 532], [570, 530], [573, 530]]",cabinet door,0.351,"[[0, 323], [800, 323], [800, 535], [0, 535]]",below,0.727,8.0,11.0,"{""above"": null, ""below"": null, ""left"": null, ""right"": null, ""top_left"": null, ""top_right"": null, ""bottom_left"": null, ""bottom_right"": null}","{""above"": null, ""below"": null, ""left"": null, ""right"": null, ""top_left"": null, ""top_right"": null, ""bottom_left"": null, ""bottom_right"": null}","{'coffee machine': 0.286, 'microwave toaster': 0.2593, 'dishwasher': 0.2068, 'dish': 0.4009, 'sink': 0.4735, 'toaster': 0.2595, 'oven': 0.3658}","{'coffee machine': 306.26, 'microwave toaster': 242.19, 'dishwasher': 218.81, 'dish': 214.26, 'sink': 203.34, 'toaster': 242.2, 'oven': 197.44}",[],cabinet door,{},"Container id 3, is a ""cabinet door"" below the countertop."
9005,4,images/kitchen/5_segmented_sun_aunbvudubwlyozvt.jpg,"[[519, 362], [518, 532], [603, 520], [605, 390]]",cabinet door,0.368,"[[0, 323], [800, 323], [800, 535], [0, 535]]",below,1.954,170.0,87.0,"{""above"": null, ""below"": 9004, ""left"": 9006, ""right"": null, ""top_left"": null, ""top_right"": null, ""bottom_left"": null, ""bottom_right"": null}","{""above"": null, ""below"": null, ""left"": ""dishwasher"", ""right"": null, ""top_left"": ""microwave toaster"", ""top_right"": null, ""bottom_left"": null, ""bottom_right"": null}","{'coffee machine': 0.2319, 'microwave toaster': 0.1867, 'dishwasher': 0.1608, 'dish': 0.3544, 'sink': 0.4399, 'toaster': 0.1868, 'oven': 0.3423}","{'coffee machine': 319.77, 'microwave toaster': 232.73, 'dishwasher': 197.68, 'dish': 204.13, 'sink': 194.04, 'toaster': 232.76, 'oven': 184.83}",[],cabinet door,{'coffee machine': 1},"Container id 4, is a ""cabinet door"" below the countertop. Additionally, it is the closest to the coffee machine."
9006,5,images/kitchen/5_segmented_sun_aunbvudubwlyozvt.jpg,"[[471, 345], [471, 482], [519, 533], [604, 521], [605, 390]]",cabinet door,0.374,"[[0, 323], [800, 323], [800, 535], [0, 535]]",below,1.403,188.0,134.0,"{""above"": null, ""below"": 9004, ""left"": 9002, ""right"": 9005, ""top_left"": null, ""top_right"": null, ""bottom_left"": null, ""bottom_right"": null}","{""above"": null, ""below"": null, ""left"": ""dishwasher"", ""right"": null, ""top_left"": ""microwave toaster"", ""top_right"": null, ""bottom_left"": null, ""bottom_right"": null}","{'coffee machine': 0.2562, 'microwave toaster': 0.174, 'dishwasher': 0.1353, 'dish': 0.3302, 'sink': 0.4134, 'toaster': 0.1741, 'oven': 0.3144}","{'coffee machine': 323.29, 'microwave toaster': 240.84, 'dishwasher': 202.67, 'dish': 206.67, 'sink': 195.44, 'toaster': 240.86, 'oven': 185.87}",[],cabinet door,"{'coffee machine': 2, 'microwave toaster': 2, 'dishwasher': 2, 'dish': 2, 'sink': 2, 'toaster': 2, 'oven': 2}","Container id 5, is a ""cabinet door"" below the countertop. Additionally, it is the 2nd closest to the coffee machine, the 2nd closest to the microwave toaster, the 2nd closest to the dishwasher, the 2nd closest to the dish, the 2nd closest to the sink, the 2nd closest to the toaster, and the 2nd closest to the oven."
9290,1,images/kitchen/13_segmented_sun_arerafgvufvljolx.jpg,"[[0, 57], [2, 164], [15, 155], [15, 61]]",cabinet door,0.502,"[[0, 161], [256, 161], [256, 256], [0, 256]]",below,7.133,107.0,15.0,"{""above"": null, ""below"": null, ""left"": null, ""right"": 9292, ""top_left"": null, ""top_right"": null, ""bottom_left"": null, ""bottom_right"": null}","{""above"": null, ""below"": null, ""left"": null, ""right"": null, ""top_left"": null, ""top_right"": null, ""bottom_left"": null, ""bottom_right"": null}",{},{},[],cabinet door,{},"Container id 1, is a ""cabinet door"" below the countertop."
9291,2,images/kitchen/13_segmented_sun_arerafgvufvljolx.jpg,"[[218, 56], [189, 63], [193, 141], [219, 136]]",cabinet door,0.48,"[[0, 161], [256, 161], [256, 256], [0, 256]]",above,2.833,85.0,30.0,"{""above"": null, ""below"": null, ""left"": null, ""right"": 9299, ""top_left"": null, ""top_right"": null, ""bottom_left"": null, ""bottom_right"": null}","{""above"": null, ""below"": null, ""left"": null, ""right"": null, ""top_left"": null, ""top_right"": null, ""bottom_left"": null, ""bottom_right"": null}",{},{},[],cabinet door,{},"Container id 2, is a ""cabinet door"" above the countertop."
9292,3,images/kitchen/13_segmented_sun_arerafgvufvljolx.jpg,"[[23, 75], [23, 156], [47, 155], [46, 77]]",cabinet door,0.482,"[[0, 161], [256, 161], [256, 256], [0, 256]]",above,3.375,81.0,24.0,"{""above"": null, ""below"": null, ""left"": 9290, ""right"": 9293, ""top_left"": null, ""top_right"": null, ""bottom_left"": null, ""bottom_right"": null}","{""above"": null, ""below"": null, ""left"": null, ""right"": null, ""top_left"": null, ""top_right"": null, ""bottom_left"": null, ""bottom_right"": null}",{},{},[],cabinet door,{},"Container id 3, is a ""cabinet door"" above the countertop."
9293,4,images/kitchen/13_segmented_sun_arerafgvufvljolx.jpg,"[[59, 86], [56, 155], [79, 153], [79, 89]]",cabinet door,0.496,"[[0, 161], [256, 161], [256, 256], [0, 256]]",above,3.0,69.0,23.0,"{""above"": null, ""below"": null, ""left"": 9292, ""right"": null, ""top_left"": null, ""top_right"": null, ""bottom_left"": null, ""bottom_right"": null}","{""above"": null, ""below"": null, ""left"": null, ""right"": null, ""top_left"": null, ""top_right"": null, ""bottom_left"": null, ""bottom_right"": null}",{},{},[],cabinet door,{},"Container id 4, is a ""cabinet door"" above the countertop."
9294,5,images/kitchen/13_segmented_sun_arerafgvufvljolx.jpg,"[[1, 175], [2, 175]]",drawer,0.378,"[[0, 161], [256, 161], [256, 256], [0, 256]]",below,0.0,0.0,1.0,"{""above"": null, ""below"": null, ""left"": null, ""right"": null, ""top_left"": null, ""top_right"": null, ""bottom_left"": null, ""bottom_right"": null}","{""above"": null, ""below"": null, ""left"": null, ""right"": null, ""top_left"": null, ""top_right"": null, ""bottom_left"": null, ""bottom_right"": null}",{},{},[],drawer,{},"Container id 5, is a ""drawer"" below the countertop."
9295,6,images/kitchen/13_segmented_sun_arerafgvufvljolx.jpg,"[[49, 173], [0, 178], [0, 209], [47, 201]]",cabinet door,0.486,"[[0, 161], [256, 161], [256, 256], [0, 256]]",below,0.735,36.0,49.0,"{""above"": null, ""below"": null, ""left"": null, ""right"": null, ""top_left"": null, ""top_right"": null, ""bottom_left"": null, ""bottom_right"": null}","{""above"": null, ""below"": null, ""left"": null, ""right"": null, ""top_left"": null, ""top_right"": null, ""bottom_left"": null, ""bottom_right"": null}",{},{},[],cabinet door,{},"Container id 6, is a ""cabinet door"" below the countertop."
9296,7,images/kitchen/13_segmented_sun_arerafgvufvljolx.jpg,"[[33, 171]]",cabinet door,0.316,"[[0, 161], [256, 161], [256, 256], [0, 256]]",below,0.0,0.0,0.0,"{""above"": null, ""below"": null, ""left"": null, ""right"": null, ""top_left"": null, ""top_right"": null, ""bottom_left"": null, ""bottom_right"": null}","{""above"": null, ""below"": null, ""left"": null, ""right"": null, ""top_left"": null, ""top_right"": null, ""bottom_left"": null, ""bottom_right"": null}",{},{},[],cabinet door,{},"Container id 7, is a ""cabinet door"" below the countertop."
9297,8,images/kitchen/13_segmented_sun_arerafgvufvljolx.jpg,"[[220, 48], [221, 48]]",cabinet door,0.343,"[[0, 161], [256, 161], [256, 256], [0, 256]]",above,0.0,0.0,1.0,"{""above"": null, ""below"": null, ""left"": null, ""right"": null, ""top_left"": null, ""top_right"": null, ""bottom_left"": null, ""bottom_right"": null}","{""above"": null, ""below"": null, ""left"": null, ""right"": null, ""top_left"": null, ""top_right"": null, ""bottom_left"": null, ""bottom_right"": null}",{},{},[],cabinet door,{},"Container id 8, is a ""cabinet door"" above the countertop."
9298,9,images/kitchen/13_segmented_sun_arerafgvufvljolx.jpg,"[[228, 44], [226, 44], [225, 45], [224, 45], [228, 45]]",drawer,0.318,"[[0, 161], [256, 161], [256, 256], [0, 256]]",above,0.25,1.0,4.0,"{""above"": null, ""below"": null, ""left"": null, ""right"": null, ""top_left"": null, ""top_right"": null, ""bottom_left"": null, ""bottom_right"": null}","{""above"": null, ""below"": null, ""left"": null, ""right"": null, ""top_left"": null, ""top_right"": null, ""bottom_left"": null, ""bottom_right"": null}",{},{},[],drawer,{},"Container id 9, is a ""drawer"" above the countertop."
9299,10,images/kitchen/13_segmented_sun_arerafgvufvljolx.jpg,"[[248, 38], [224, 48], [227, 136], [252, 143]]",cabinet door,0.347,"[[0, 161], [256, 161], [256, 256], [0, 256]]",above,3.75,105.0,28.0,"{""above"": 9298, ""below"": null, ""left"": 9291, ""right"": null, ""top_left"": null, ""top_right"": null, ""bottom_left"": null, ""bottom_right"": null}","{""above"": null, ""below"": null, ""left"": null, ""right"": null, ""top_left"": null, ""top_right"": null, ""bottom_left"": null, ""bottom_right"": null}",{},{},[],cabinet door,{},"Container id 10, is a ""cabinet door"" above the countertop."
9300,11,images/kitchen/13_segmented_sun_arerafgvufvljolx.jpg,"[[152, 182], [153, 255], [198, 255], [199, 192]]",drawer,0.312,"[[0, 161], [256, 161], [256, 256], [0, 256]]",below,1.553,73.0,47.0,"{""above"": null, ""below"": null, ""left"": null, ""right"": 9301, ""top_left"": null, ""top_right"": null, ""bottom_left"": null, ""bottom_right"": null}","{""above"": null, ""below"": null, ""left"": null, ""right"": null, ""top_left"": null, ""top_right"": null, ""bottom_left"": null, ""bottom_right"": null}",{},{},[],drawer,{},"Container id 11, is a ""drawer"" below the countertop."
9301,12,images/kitchen/13_segmented_sun_arerafgvufvljolx.jpg,"[[200, 172], [201, 253], [237, 255], [237, 176]]",drawer,0.304,"[[0, 161], [256, 161], [256, 256], [0, 256]]",below,2.243,83.0,37.0,"{""above"": null, ""below"": null, ""left"": 9300, ""right"": null, ""top_left"": null, ""top_right"": null, ""bottom_left"": null, ""bottom_right"": null}","{""above"": null, ""below"": null, ""left"": null, ""right"": null, ""top_left"": null, ""top_right"": null, ""bottom_left"": null, ""bottom_right"": null}",{},{},[],drawer,{},"Container id 12, is a ""drawer"" below the countertop."
9302,13,images/kitchen/13_segmented_sun_arerafgvufvljolx.jpg,"[[92, 201]]",drawer,0.303,"[[0, 161], [256, 161], [256, 256], [0, 256]]",below,0.0,0.0,0.0,"{""above"": null, ""below"": null, ""left"": null, ""right"": null, ""top_left"": null, ""top_right"": null, ""bottom_left"": null, ""bottom_right"": null}","{""above"": null, ""below"": null, ""left"": null, ""right"": null, ""top_left"": null, ""top_right"": null, ""bottom_left"": null, ""bottom_right"": null}",{},{},[],drawer,{},"Container id 13, is a ""drawer"" below the countertop."
9355,1,images/kitchen/11_segmented_sun_apdjgezcekdmxeow.jpg,"[[255, 25], [253, 25], [254, 26], [254, 27], [254, 26]]",cabinet door,0.333,"[[0, 144], [298, 144], [298, 223], [0, 223]]",above,1.0,2.0,2.0,"{""above"": null, ""below"": null, ""left"": null, ""right"": null, ""top_left"": null, ""top_right"": null, ""bottom_left"": null, ""bottom_right"": null}","{""above"": null, ""below"": null, ""left"": null, ""right"": null, ""top_left"": null, ""top_right"": null, ""bottom_left"": null, ""bottom_right"": null}","{'oven': 0.725, 'stove': 0.6642, 'sink': 0.4932, 'microwave': 0.3557, 'refrigerator': 0.3043}","{'oven': 144.43, 'stove': 154.97, 'sink': 152.44, 'microwave': 158.88, 'refrigerator': 69.68}",[],cabinet door,{},"Container id 1, is a ""cabinet door"" above the countertop."
9356,2,images/kitchen/11_segmented_sun_apdjgezcekdmxeow.jpg,"[[221, 15], [210, 142], [245, 144], [254, 32], [222, 24]]",cabinet door,0.372,"[[0, 144], [298, 144], [298, 223], [0, 223]]",below,2.932,129.0,44.0,"{""above"": 9355, ""below"": null, ""left"": null, ""right"": 9362, ""top_left"": null, ""top_right"": 9365, ""bottom_left"": null, ""bottom_right"": 9364}","{""above"": null, ""below"": null, ""left"": null, ""right"": null, ""top_left"": null, ""top_right"": null, ""bottom_left"": null, ""bottom_right"": ""refrigerator""}","{'oven': 0.6054, 'stove': 0.5613, 'sink': 0.3885, 'microwave': 0.2685, 'refrigerator': 0.2347}","{'oven': 150.39, 'stove': 163.59, 'sink': 164.21, 'microwave': 178.8, 'refrigerator': 43.92}",[],cabinet door,{},"Container id 2, is a ""cabinet door"" below the countertop."
9357,3,images/kitchen/11_segmented_sun_apdjgezcekdmxeow.jpg,"[[125, 1], [128, 60], [151, 63], [151, 1]]",cabinet door,0.369,"[[0, 144], [298, 144], [298, 223], [0, 223]]",above,2.385,62.0,26.0,"{""above"": null, ""below"": null, ""left"": null, ""right"": null, ""top_left"": null, ""top_right"": null, ""bottom_left"": null, ""bottom_right"": null}","{""above"": null, ""below"": ""microwave"", ""left"": null, ""right"": null, ""top_left"": null, ""top_right"": null, ""bottom_left"": null, ""bottom_right"": null}","{'oven': 0.4941, 'stove': 0.3954, 'sink': 0.2488, 'microwave': 0.1157, 'refrigerator': 0.4957}","{'oven': 124.53, 'stove': 137.64, 'sink': 120.86, 'microwave': 101.05, 'refrigerator': 33.09}",[],cabinet door,{'microwave': 1},"Container id 3, is a ""cabinet door"" above the countertop. Additionally, it is the closest to the microwave."
9358,4,images/kitchen/11_segmented_sun_apdjgezcekdmxeow.jpg,"[[167, 112], [145, 112], [144, 178], [156, 176], [164, 167]]",cabinet door,0.392,"[[0, 144], [298, 144], [298, 223], [0, 223]]",below,2.87,66.0,23.0,"{""above"": null, ""below"": null, ""left"": 9359, ""right"": null, ""top_left"": null, ""top_right"": null, ""bottom_left"": null, ""bottom_right"": null}","{""above"": null, ""below"": null, ""left"": ""sink"", ""right"": null, ""top_left"": null, ""top_right"": null, ""bottom_left"": null, ""bottom_right"": null}","{'oven': 0.3367, 'stove': 0.3401, 'sink': 0.2002, 'microwave': 0.2134, 'refrigerator': 0.3739}","{'oven': 164.38, 'stove': 188.45, 'sink': 210.88, 'microwave': 251.88, 'refrigerator': 352.98}",[],cabinet door,"{'oven': 2, 'stove': 2, 'sink': 2}","Container id 4, is a ""cabinet door"" below the countertop. Additionally, it is the 2nd closest to the oven, the 2nd closest to the stove, and the 2nd closest to the sink."
9359,5,images/kitchen/11_segmented_sun_apdjgezcekdmxeow.jpg,"[[142, 111], [130, 112], [127, 120], [128, 188], [142, 174]]",cabinet door,0.349,"[[0, 144], [298, 144], [298, 223], [0, 223]]",below,5.133,77.0,15.0,"{""above"": null, ""below"": null, ""left"": null, ""right"": 9358, ""top_left"": null, ""top_right"": null, ""bottom_left"": null, ""bottom_right"": null}","{""above"": ""microwave"", ""below"": null, ""left"": null, ""right"": null, ""top_left"": ""sink"", ""top_right"": null, ""bottom_left"": null, ""bottom_right"": null}","{'oven': 0.2894, 'stove': 0.2803, 'sink': 0.1403, 'microwave': 0.1816, 'refrigerator': 0.4293}","{'oven': 157.2, 'stove': 185.83, 'sink': 215.41, 'microwave': 267.2, 'refrigerator': 356.77}",[],cabinet door,"{'oven': 1, 'stove': 1, 'sink': 1, 'microwave': 2}","Container id 5, is a ""cabinet door"" below the countertop. Additionally, it is the closest to the oven, the closest to the stove, the closest to the sink, and the 2nd closest to the microwave."
9360,6,images/kitchen/11_segmented_sun_apdjgezcekdmxeow.jpg,"[[250, 48]]",cabinet door,0.309,"[[0, 144], [298, 144], [298, 223], [0, 223]]",above,0.0,0.0,0.0,"{""above"": null, ""below"": null, ""left"": null, ""right"": null, ""top_left"": null, ""top_right"": null, ""bottom_left"": null, ""bottom_right"": null}","{""above"": null, ""below"": null, ""left"": null, ""right"": null, ""top_left"": null, ""top_right"": null, ""bottom_left"": null, ""bottom_right"": null}","{'oven': 0.6829, 'stove': 0.6312, 'sink': 0.4586, 'microwave': 0.3283, 'refrigerator': 0.2539}","{'oven': 147.98, 'stove': 159.47, 'sink': 158.43, 'microwave': 167.95, 'refrigerator': 62.71}",[],cabinet door,{},"Container id 6, is a ""cabinet door"" above the countertop."
9361,7,images/kitchen/11_segmented_sun_apdjgezcekdmxeow.jpg,"[[250, 42], [250, 45]]",cabinet door,0.328,"[[0, 144], [298, 144], [298, 223], [0, 223]]",above,inf,3.0,0.0,"{""above"": null, ""below"": null, ""left"": null, ""right"": null, ""top_left"": null, ""top_right"": null, ""bottom_left"": null, ""bottom_right"": null}","{""above"": null, ""below"": null, ""left"": null, ""right"": null, ""top_left"": null, ""top_right"": null, ""bottom_left"": null, ""bottom_right"": null}","{'oven': 0.6893, 'stove': 0.6355, 'sink': 0.4632, 'microwave': 0.331, 'refrigerator': 0.2647}","{'oven': 147.13, 'stove': 158.45, 'sink': 157.04, 'microwave': 165.91, 'refrigerator': 63.91}",[],cabinet door,{},"Container id 7, is a ""cabinet door"" above the countertop."
9362,8,images/kitchen/11_segmented_sun_apdjgezcekdmxeow.jpg,"[[297, 24], [256, 27], [246, 145], [270, 147], [287, 122]]",cabinet door,0.303,"[[0, 144], [298, 144], [298, 223], [0, 223]]",below,2.412,123.0,51.0,"{""above"": 9355, ""below"": null, ""left"": 9356, ""right"": null, ""top_left"": 9363, ""top_right"": null, ""bottom_left"": null, ""bottom_right"": null}","{""above"": null, ""below"": ""refrigerator"", ""left"": null, ""right"": null, ""top_left"": null, ""top_right"": null, ""bottom_left"": null, ""bottom_right"": null}","{'oven': 0.6801, 'stove': 0.6558, 'sink': 0.4858, 'microwave': 0.3816, 'refrigerator': 0.1205}","{'oven': 159.23, 'stove': 171.19, 'sink': 174.37, 'microwave': 187.89, 'refrigerator': 60.42}",[],cabinet door,{'refrigerator': 1},"Container id 8, is a ""cabinet door"" below the countertop. Additionally, it is the closest to the refrigerator."
9363,9,images/kitchen/11_segmented_sun_apdjgezcekdmxeow.jpg,"[[221, 1], [220, 23], [256, 23], [256, 0]]",cabinet door,0.384,"[[0, 144], [298, 144], [298, 223], [0, 223]]",above,0.639,23.0,36.0,"{""above"": null, ""below"": null, ""left"": null, ""right"": 9365, ""top_left"": null, ""top_right"": null, ""bottom_left"": null, ""bottom_right"": 9355}","{""above"": null, ""below"": null, ""left"": null, ""right"": null, ""top_left"": null, ""top_right"": null, ""bottom_left"": null, ""bottom_right"": null}","{'oven': 0.7147, 'stove': 0.644, 'sink': 0.4762, 'microwave': 0.3337, 'refrigerator': 0.3554}","{'oven': 139.99, 'stove': 150.33, 'sink': 146.04, 'microwave': 150.18, 'refrigerator': 65.39}",[],cabinet door,{},"Container id 9, is a ""cabinet door"" above the countertop."
9364,10,images/kitchen/11_segmented_sun_apdjgezcekdmxeow.jpg,"[[220, 24], [210, 142], [270, 147], [287, 122], [297, 24]]",drawer,0.313,"[[0, 144], [298, 144], [298, 223], [0, 223]]",below,1.414,123.0,87.0,"{""above"": 9355, ""below"": null, ""left"": null, ""right"": 9362, ""top_left"": 9356, ""top_right"": null, ""bottom_left"": null, ""bottom_right"": null}","{""above"": null, ""below"": null, ""left"": null, ""right"": null, ""top_left"": null, ""top_right"": null, ""bottom_left"": null, ""bottom_right"": ""refrigerator""}","{'oven': 0.6453, 'stove': 0.6181, 'sink': 0.4477, 'microwave': 0.3429, 'refrigerator': 0.1459}","{'oven': 157.75, 'stove': 170.34, 'sink': 173.47, 'microwave': 188.24, 'refrigerator': 47.74}",[],drawer,{'refrigerator': 2},"Container id 10, is a ""drawer"" below the countertop. Additionally, it is the 2nd closest to the refrigerator."
9365,11,images/kitchen/11_segmented_sun_apdjgezcekdmxeow.jpg,"[[260, 1], [259, 23], [297, 23], [297, 0]]",cabinet door,0.337,"[[0, 144], [298, 144], [298, 223], [0, 223]]",above,0.605,23.0,38.0,"{""above"": null, ""below"": null, ""left"": 9363, ""right"": null, ""top_left"": null, ""top_right"": null, ""bottom_left"": null, ""bottom_right"": null}","{""above"": null, ""below"": null, ""left"": null, ""right"": null, ""top_left"": null, ""top_right"": null, ""bottom_left"": null, ""bottom_right"": null}","{'oven': 0.8, 'stove': 0.7392, 'sink': 0.5685, 'microwave': 0.4302, 'refrigerator': 0.3256}","{'oven': 144.95, 'stove': 154.45, 'sink': 152.1, 'microwave': 157.32, 'refrigerator': 82.85}",[],cabinet door,{},"Container id 11, is a ""cabinet door"" above the countertop."
9408,1,images/kitchen/1_segmented_sun_allqsqjzqxjydqmf.jpg,"[[227, 78], [226, 108], [246, 109], [246, 80]]",cabinet door,0.387,"[[0, 128], [256, 128], [256, 256], [0, 256]]",above,1.55,31.0,20.0,"{""above"": null, ""below"": null, ""left"": null, ""right"": null, ""top_left"": null, ""top_right"": null, ""bottom_left"": null, ""bottom_right"": null}","{""above"": null, ""below"": null, ""left"": null, ""right"": null, ""top_left"": null, ""top_right"": null, ""bottom_left"": null, ""bottom_right"": null}",{},{},[],cabinet door,{},"Container id 1, is a ""cabinet door"" above the countertop."
9468,1,images/kitchen/4_segmented_sun_abqsxcyxnovlihxy.jpg,"[[151, 74], [161, 96], [146, 106], [145, 251], [226, 248], [227, 84]]",cabinet door,0.366,"[[0, 255], [800, 255], [800, 533], [0, 533]]",above,2.159,177.0,82.0,"{""above"": null, ""below"": null, ""left"": 9471, ""right"": 9469, ""top_left"": null, ""top_right"": 9470, ""bottom_left"": null, ""bottom_right"": null}","{""above"": null, ""below"": null, ""left"": null, ""right"": null, ""top_left"": null, ""top_right"": null, ""bottom_left"": null, ""bottom_right"": null}",{'sink': 0.3637},{'sink': 19.3},[],cabinet door,{},"Container id 1, is a ""cabinet door"" above the countertop."
9469,2,images/kitchen/4_segmented_sun_abqsxcyxnovlihxy.jpg,"[[230, 110], [230, 166], [299, 167], [299, 97], [255, 94], [264, 101], [260, 110]]",cabinet door,0.383,"[[0, 255], [800, 255], [800, 533], [0, 533]]",above,1.058,73.0,69.0,"{""above"": null, ""below"": null, ""left"": 9468, ""right"": null, ""top_left"": null, ""top_right"": null, ""bottom_left"": null, ""bottom_right"": null}","{""above"": null, ""below"": null, ""left"": null, ""right"": null, ""top_left"": null, ""top_right"": null, ""bottom_left"": null, ""bottom_right"": null}",{'sink': 0.2912},{'sink': 29.54},[],cabinet door,{'sink': 1},"Container id 2, is a ""cabinet door"" above the countertop. Additionally, it is the closest to the sink."
9470,3,images/kitchen/4_segmented_sun_abqsxcyxnovlihxy.jpg,"[[230, 91], [230, 92], [233, 95], [236, 94], [236, 93], [237, 92], [235, 90], [231, 90]]",drawer,0.375,"[[0, 255], [800, 255], [800, 533], [0, 533]]",above,0.714,5.0,7.0,"{""above"": null, ""below"": null, ""left"": null, ""right"": null, ""top_left"": null, ""top_right"": null, ""bottom_left"": null, ""bottom_right"": null}","{""above"": null, ""below"": null, ""left"": null, ""right"": null, ""top_left"": null, ""top_right"": null, ""bottom_left"": null, ""bottom_right"": null}",{'sink': 0.3323},{'sink': 31.44},[],drawer,{'sink': 2},"Container id 3, is a ""drawer"" above the countertop. Additionally, it is the 2nd closest to the sink."
9471,4,images/kitchen/4_segmented_sun_abqsxcyxnovlihxy.jpg,"[[42, 192], [45, 212], [134, 210], [132, 192]]",cabinet door,0.301,"[[0, 255], [800, 255], [800, 533], [0, 533]]",above,0.217,20.0,92.0,"{""above"": null, ""below"": null, ""left"": null, ""right"": null, ""top_left"": null, ""top_right"": 9468, ""bottom_left"": null, ""bottom_right"": null}","{""above"": null, ""below"": null, ""left"": null, ""right"": null, ""top_left"": null, ""top_right"": null, ""bottom_left"": null, ""bottom_right"": null}",{'sink': 0.4386},{'sink': 7.8},[],cabinet door,{},"Container id 4, is a ""cabinet door"" above the countertop."
9576,1,images/kitchen/1_segmented_sun_aqqabpdqjxygueuw.jpg,"[[439, 543], [432, 764], [480, 766], [486, 580]]",cabinet door,0.323,"[[0, 414], [1024, 414], [1024, 768], [0, 768]]",below,4.13,223.0,54.0,"{""above"": null, ""below"": null, ""left"": null, ""right"": null, ""top_left"": null, ""top_right"": null, ""bottom_left"": null, ""bottom_right"": null}","{""above"": null, ""below"": null, ""left"": null, ""right"": null, ""top_left"": null, ""top_right"": null, ""bottom_left"": null, ""bottom_right"": null}","{'oven': 0.3545, 'sink': 0.4443}","{'oven': 6.0, 'sink': 348.92}",[],cabinet door,"{'oven': 1, 'sink': 1}","Container id 1, is a ""cabinet door"" below the countertop. Additionally, it is the closest to the oven, and the closest to the sink."
9745,1,images/kitchen/5_segmented_sun_aqtnebfegavdqvzg.jpg,"[[306, 501], [250, 517], [250, 674], [304, 648]]",cabinet door,0.494,"[[0, 428], [1024, 428], [1024, 683], [0, 683]]",below,3.089,173.0,56.0,"{""above"": 9747, ""below"": null, ""left"": null, ""right"": null, ""top_left"": null, ""top_right"": null, ""bottom_left"": null, ""bottom_right"": null}","{""above"": null, ""below"": null, ""left"": null, ""right"": null, ""top_left"": ""refrigerator"", ""top_right"": null, ""bottom_left"": null, ""bottom_right"": null}","{'refrigerator': 0.1658, 'stove': 0.5222, 'coffee machine': 0.5413, 'sink': 0.5442}","{'refrigerator': 234.17, 'stove': 349.24, 'coffee machine': 345.81, 'sink': 3.08}",[],cabinet door,"{'stove': 2, 'coffee machine': 2, 'sink': 1}","Container id 1, is a ""cabinet door"" below the countertop. Additionally, it is the 2nd closest to the stove, the 2nd closest to the coffee machine, and the closest to the sink."
9746,2,images/kitchen/5_segmented_sun_aqtnebfegavdqvzg.jpg,"[[253, 509], [254, 509]]",drawer,0.58,"[[0, 428], [1024, 428], [1024, 683], [0, 683]]",below,0.0,0.0,1.0,"{""above"": null, ""below"": null, ""left"": null, ""right"": null, ""top_left"": null, ""top_right"": null, ""bottom_left"": null, ""bottom_right"": null}","{""above"": null, ""below"": null, ""left"": null, ""right"": null, ""top_left"": null, ""top_right"": null, ""bottom_left"": null, ""bottom_right"": null}","{'refrigerator': 0.1063, 'stove': 0.5337, 'coffee machine': 0.5489, 'sink': 0.5702}","{'refrigerator': 223.14, 'stove': 356.16, 'coffee machine': 352.57, 'sink': 9.18}",[],drawer,{'refrigerator': 1},"Container id 2, is a ""drawer"" below the countertop. Additionally, it is the closest to the refrigerator."
9747,3,images/kitchen/5_segmented_sun_aqtnebfegavdqvzg.jpg,"[[307, 463], [251, 471], [250, 502], [270, 500], [264, 505], [306, 498]]",cabinet door,0.393,"[[0, 428], [1024, 428], [1024, 683], [0, 683]]",below,0.737,42.0,57.0,"{""above"": null, ""below"": 9745, ""left"": null, ""right"": null, ""top_left"": null, ""top_right"": null, ""bottom_left"": null, ""bottom_right"": null}","{""above"": null, ""below"": null, ""left"": null, ""right"": null, ""top_left"": null, ""top_right"": null, ""bottom_left"": null, ""bottom_right"": null}","{'refrigerator': 0.1107, 'stove': 0.5157, 'coffee machine': 0.53, 'sink': 0.556}","{'refrigerator': 211.08, 'stove': 357.76, 'coffee machine': 354.0, 'sink': 11.05}",[],cabinet door,"{'refrigerator': 2, 'stove': 1, 'coffee machine': 1, 'sink': 2}","Container id 3, is a ""cabinet door"" below the countertop. Additionally, it is the 2nd closest to the refrigerator, the closest to the stove, the closest to the coffee machine, and the 2nd closest to the sink."
9748,4,images/kitchen/5_segmented_sun_aqtnebfegavdqvzg.jpg,"[[101, 40], [98, 101], [118, 116], [99, 119], [98, 136], [219, 168], [221, 92]]",cabinet door,0.369,"[[0, 428], [1024, 428], [1024, 683], [0, 683]]",above,1.041,128.0,123.0,"{""above"": null, ""below"": null, ""left"": 9749, ""right"": null, ""top_left"": null, ""top_right"": null, ""bottom_left"": null, ""bottom_right"": null}","{""above"": null, ""below"": null, ""left"": null, ""right"": null, ""top_left"": null, ""top_right"": null, ""bottom_left"": null, ""bottom_right"": null}","{'refrigerator': 0.2518, 'stove': 0.6908, 'coffee machine': 0.6878, 'sink': 0.778}","{'refrigerator': 85.98, 'stove': 24.66, 'coffee machine': 21.58, 'sink': 32.23}",[],cabinet door,{},"Container id 4, is a ""cabinet door"" above the countertop."
9749,5,images/kitchen/5_segmented_sun_aqtnebfegavdqvzg.jpg,"[[73, 27], [70, 127], [94, 137], [97, 114], [87, 108], [96, 100], [96, 39]]",cabinet door,0.508,"[[0, 428], [1024, 428], [1024, 683], [0, 683]]",above,4.074,110.0,27.0,"{""above"": null, ""below"": null, ""left"": null, ""right"": 9748, ""top_left"": null, ""top_right"": null, ""bottom_left"": null, ""bottom_right"": null}","{""above"": null, ""below"": null, ""left"": null, ""right"": null, ""top_left"": null, ""top_right"": null, ""bottom_left"": null, ""bottom_right"": null}","{'refrigerator': 0.2712, 'stove': 0.7325, 'coffee machine': 0.7297, 'sink': 0.8189}","{'refrigerator': 77.82, 'stove': 24.36, 'coffee machine': 21.46, 'sink': 31.58}",[],cabinet door,{},"Container id 5, is a ""cabinet door"" above the countertop."
9780,1,images/kitchen/15_segmented_sun_amstpwyljnixuvqh.jpg,"[[172, 175], [171, 213], [199, 213], [200, 175]]",cabinet door,0.442,"[[0, 144], [256, 144], [256, 256], [0, 256]]",below,1.31,38.0,29.0,"{""above"": 9787, ""below"": null, ""left"": 9793, ""right"": null, ""top_left"": null, ""top_right"": null, ""bottom_left"": null, ""bottom_right"": null}","{""above"": null, ""below"": null, ""left"": null, ""right"": ""oven"", ""top_left"": null, ""top_right"": null, ""bottom_left"": null, ""bottom_right"": null}","{'stove': 0.1744, 'oven': 0.1194, 'electronic kettle': 0.4082, 'sink': 0.1983, 'dish': 0.4004, 'dishwasher': 0.291}","{'stove': 332.66, 'oven': 15.08, 'electronic kettle': 188.95, 'sink': 223.45, 'dish': 183.34, 'dishwasher': 186.54}",[],cabinet door,"{'stove': 2, 'oven': 1}","Container id 1, is a ""cabinet door"" below the countertop. Additionally, it is the 2nd closest to the stove, and the closest to the oven."
9781,2,images/kitchen/15_segmented_sun_amstpwyljnixuvqh.jpg,"[[157, 76], [157, 102], [182, 102], [182, 76]]",cabinet door,0.336,"[[0, 144], [256, 144], [256, 256], [0, 256]]",above,1.04,26.0,25.0,"{""above"": null, ""below"": null, ""left"": null, ""right"": null, ""top_left"": null, ""top_right"": null, ""bottom_left"": null, ""bottom_right"": null}","{""above"": null, ""below"": null, ""left"": null, ""right"": null, ""top_left"": null, ""top_right"": null, ""bottom_left"": null, ""bottom_right"": null}","{'stove': 0.2894, 'oven': 0.3585, 'electronic kettle': 0.4245, 'sink': 0.1832, 'dish': 0.4445, 'dishwasher': 0.3549}","{'stove': 46.51, 'oven': 63.58, 'electronic kettle': 147.76, 'sink': 123.0, 'dish': 143.13, 'dishwasher': 133.63}",[],cabinet door,{},"Container id 2, is a ""cabinet door"" above the countertop."
9782,3,images/kitchen/15_segmented_sun_amstpwyljnixuvqh.jpg,"[[106, 179], [106, 217], [166, 215], [166, 179]]",cabinet door,0.325,"[[0, 144], [256, 144], [256, 256], [0, 256]]",below,0.633,38.0,60.0,"{""above"": null, ""below"": null, ""left"": 9786, ""right"": 9793, ""top_left"": null, ""top_right"": null, ""bottom_left"": null, ""bottom_right"": null}","{""above"": null, ""below"": null, ""left"": ""dishwasher"", ""right"": null, ""top_left"": null, ""top_right"": null, ""bottom_left"": null, ""bottom_right"": null}","{'stove': 0.3052, 'oven': 0.253, 'electronic kettle': 0.2764, 'sink': 0.1462, 'dish': 0.2651, 'dishwasher': 0.1583}","{'stove': 342.89, 'oven': 4.85, 'electronic kettle': 195.36, 'sink': 267.16, 'dish': 187.15, 'dishwasher': 195.69}",[],cabinet door,"{'sink': 1, 'dishwasher': 2}","Container id 3, is a ""cabinet door"" below the countertop. Additionally, it is the closest to the sink, and the 2nd closest to the dishwasher."
9783,4,images/kitchen/15_segmented_sun_amstpwyljnixuvqh.jpg,"[[120, 76], [120, 103], [148, 106], [148, 76]]",cabinet door,0.376,"[[0, 144], [256, 144], [256, 256], [0, 256]]",above,1.071,30.0,28.0,"{""above"": null, ""below"": null, ""left"": null, ""right"": null, ""top_left"": null, ""top_right"": 9784, ""bottom_left"": null, ""bottom_right"": null}","{""above"": null, ""below"": null, ""left"": null, ""right"": null, ""top_left"": null, ""top_right"": null, ""bottom_left"": null, ""bottom_right"": null}","{'stove': 0.3619, 'oven': 0.409, 'electronic kettle': 0.3433, 'sink': 0.1502, 'dish': 0.3682, 'dishwasher': 0.2929}","{'stove': 34.79, 'oven': 50.96, 'electronic kettle': 139.49, 'sink': 90.66, 'dish': 134.37, 'dishwasher': 120.09}",[],cabinet door,{'sink': 2},"Container id 4, is a ""cabinet door"" above the countertop. Additionally, it is the 2nd closest to the sink."
9784,5,images/kitchen/15_segmented_sun_amstpwyljnixuvqh.jpg,"[[146, 73], [147, 73], [148, 74], [148, 73]]",cabinet door,0.339,"[[0, 144], [256, 144], [256, 256], [0, 256]]",above,0.5,1.0,2.0,"{""above"": null, ""below"": null, ""left"": null, ""right"": null, ""top_left"": null, ""top_right"": null, ""bottom_left"": null, ""bottom_right"": null}","{""above"": null, ""below"": null, ""left"": null, ""right"": null, ""top_left"": null, ""top_right"": null, ""bottom_left"": null, ""bottom_right"": null}","{'stove': 0.3635, 'oven': 0.4263, 'electronic kettle': 0.4018, 'sink': 0.2008, 'dish': 0.4275, 'dishwasher': 0.352}","{'stove': 44.2, 'oven': 58.78, 'electronic kettle': 137.79, 'sink': 101.0, 'dish': 133.47, 'dishwasher': 121.41}",[],cabinet door,{},"Container id 5, is a ""cabinet door"" above the countertop."
9785,6,images/kitchen/15_segmented_sun_amstpwyljnixuvqh.jpg,"[[0, 230], [0, 255], [42, 255], [41, 230]]",cabinet door,0.386,"[[0, 144], [256, 144], [256, 256], [0, 256]]",below,0.595,25.0,42.0,"{""above"": null, ""below"": null, ""left"": null, ""right"": null, ""top_left"": null, ""top_right"": null, ""bottom_left"": null, ""bottom_right"": null}","{""above"": null, ""below"": null, ""left"": null, ""right"": null, ""top_left"": null, ""top_right"": null, ""bottom_left"": null, ""bottom_right"": null}","{'stove': 0.6465, 'oven': 0.5796, 'electronic kettle': 0.2042, 'sink': 0.4121, 'dish': 0.1667, 'dishwasher': 0.2355}","{'stove': 340.66, 'oven': 349.77, 'electronic kettle': 284.69, 'sink': 319.01, 'dish': 289.38, 'dishwasher': 314.8}",[],cabinet door,"{'electronic kettle': 1, 'dish': 1}","Container id 6, is a ""cabinet door"" below the countertop. Additionally, it is the closest to the electronic kettle, and the closest to the dish."
9786,7,images/kitchen/15_segmented_sun_amstpwyljnixuvqh.jpg,"[[106, 181], [106, 215], [135, 214], [135, 182]]",drawer,0.4,"[[0, 144], [256, 144], [256, 256], [0, 256]]",below,1.172,34.0,29.0,"{""above"": null, ""below"": null, ""left"": null, ""right"": 9793, ""top_left"": null, ""top_right"": null, ""bottom_left"": null, ""bottom_right"": null}","{""above"": null, ""below"": null, ""left"": ""dishwasher"", ""right"": null, ""top_left"": null, ""top_right"": null, ""bottom_left"": null, ""bottom_right"": null}","{'stove': 0.3467, 'oven': 0.2955, 'electronic kettle': 0.2358, 'sink': 0.1517, 'dish': 0.2229, 'dishwasher': 0.1181}","{'stove': 344.76, 'oven': 3.89, 'electronic kettle': 198.43, 'sink': 283.56, 'dish': 188.87, 'dishwasher': 201.97}",[],drawer,"{'dish': 2, 'dishwasher': 1}","Container id 7, is a ""drawer"" below the countertop. Additionally, it is the 2nd closest to the dish, and the closest to the dishwasher."
9787,8,images/kitchen/15_segmented_sun_amstpwyljnixuvqh.jpg,"[[200, 161], [171, 161], [171, 170], [198, 171], [200, 170]]",cabinet door,0.405,"[[0, 144], [256, 144], [256, 256], [0, 256]]",below,0.345,10.0,29.0,"{""above"": null, ""below"": 9780, ""left"": null, ""right"": null, ""top_left"": null, ""top_right"": null, ""bottom_left"": null, ""bottom_right"": null}","{""above"": null, ""below"": null, ""left"": null, ""right"": null, ""top_left"": null, ""top_right"": null, ""bottom_left"": null, ""bottom_right"": null}","{'stove': 0.1481, 'oven': 0.1522, 'electronic kettle': 0.4104, 'sink': 0.1626, 'dish': 0.41, 'dishwasher': 0.299}","{'stove': 358.29, 'oven': 44.56, 'electronic kettle': 178.3, 'sink': 201.91, 'dish': 172.66, 'dishwasher': 171.82}",[],cabinet door,"{'stove': 1, 'oven': 2}","Container id 8, is a ""cabinet door"" below the countertop. Additionally, it is the closest to the stove, and the 2nd closest to the oven."
9788,9,images/kitchen/15_segmented_sun_amstpwyljnixuvqh.jpg,"[[84, 105], [84, 106], [85, 106]]",cabinet door,0.372,"[[0, 144], [256, 144], [256, 256], [0, 256]]",above,1.0,1.0,1.0,"{""above"": null, ""below"": null, ""left"": null, ""right"": null, ""top_left"": null, ""top_right"": null, ""bottom_left"": null, ""bottom_right"": null}","{""above"": null, ""below"": null, ""left"": null, ""right"": null, ""top_left"": null, ""top_right"": null, ""bottom_left"": null, ""bottom_right"": null}","{'stove': 0.4643, 'oven': 0.4811, 'electronic kettle': 0.2189, 'sink': 0.173, 'dish': 0.2513, 'dishwasher': 0.2111}","{'stove': 20.67, 'oven': 34.87, 'electronic kettle': 124.46, 'sink': 38.46, 'dish': 118.6, 'dishwasher': 92.63}",[],cabinet door,{},"Container id 9, is a ""cabinet door"" above the countertop."
9789,10,images/kitchen/15_segmented_sun_amstpwyljnixuvqh.jpg,"[[82, 105]]",cabinet door,0.313,"[[0, 144], [256, 144], [256, 256], [0, 256]]",above,0.0,0.0,0.0,"{""above"": null, ""below"": null, ""left"": null, ""right"": null, ""top_left"": null, ""top_right"": null, ""bottom_left"": null, ""bottom_right"": null}","{""above"": null, ""below"": null, ""left"": null, ""right"": null, ""top_left"": null, ""top_right"": null, ""bottom_left"": null, ""bottom_right"": null}","{'stove': 0.471, 'oven': 0.4875, 'electronic kettle': 0.2168, 'sink': 0.1792, 'dish': 0.2499, 'dishwasher': 0.2127}","{'stove': 20.6, 'oven': 34.61, 'electronic kettle': 122.78, 'sink': 37.64, 'dish': 117.1, 'dishwasher': 90.87}",[],cabinet door,{'electronic kettle': 2},"Container id 10, is a ""cabinet door"" above the countertop. Additionally, it is the 2nd closest to the electronic kettle."
9790,11,images/kitchen/15_segmented_sun_amstpwyljnixuvqh.jpg,"[[82, 103]]",cabinet door,0.31,"[[0, 144], [256, 144], [256, 256], [0, 256]]",above,0.0,0.0,0.0,"{""above"": null, ""below"": null, ""left"": null, ""right"": null, ""top_left"": null, ""top_right"": null, ""bottom_left"": null, ""bottom_right"": null}","{""above"": null, ""below"": null, ""left"": null, ""right"": null, ""top_left"": null, ""top_right"": null, ""bottom_left"": null, ""bottom_right"": null}","{'stove': 0.4729, 'oven': 0.4906, 'electronic kettle': 0.2215, 'sink': 0.1826, 'dish': 0.2549, 'dishwasher': 0.2182}","{'stove': 21.23, 'oven': 35.14, 'electronic kettle': 122.01, 'sink': 39.02, 'dish': 116.53, 'dishwasher': 90.85}",[],cabinet door,{},"Container id 11, is a ""cabinet door"" above the countertop."
9791,12,images/kitchen/15_segmented_sun_amstpwyljnixuvqh.jpg,"[[82, 76], [82, 99], [84, 96], [85, 102], [111, 102], [110, 75], [86, 75], [84, 79]]",cabinet door,0.321,"[[0, 144], [256, 144], [256, 256], [0, 256]]",above,0.931,27.0,29.0,"{""above"": null, ""below"": 9788, ""left"": null, ""right"": null, ""top_left"": null, ""top_right"": null, ""bottom_left"": null, ""bottom_right"": null}","{""above"": null, ""below"": null, ""left"": null, ""right"": null, ""top_left"": null, ""top_right"": null, ""bottom_left"": null, ""bottom_right"": null}","{'stove': 0.4684, 'oven': 0.4976, 'electronic kettle': 0.2691, 'sink': 0.1962, 'dish': 0.3024, 'dishwasher': 0.261}","{'stove': 27.0, 'oven': 40.61, 'electronic kettle': 121.57, 'sink': 52.87, 'dish': 117.01, 'dishwasher': 95.87}",[],cabinet door,{},"Container id 12, is a ""cabinet door"" above the countertop."
9792,13,images/kitchen/15_segmented_sun_amstpwyljnixuvqh.jpg,"[[82, 73], [83, 73]]",cabinet door,0.302,"[[0, 144], [256, 144], [256, 256], [0, 256]]",above,0.0,0.0,1.0,"{""above"": null, ""below"": null, ""left"": null, ""right"": null, ""top_left"": null, ""top_right"": null, ""bottom_left"": null, ""bottom_right"": null}","{""above"": null, ""below"": null, ""left"": null, ""right"": null, ""top_left"": null, ""top_right"": null, ""bottom_left"": null, ""bottom_right"": null}","{'stove': 0.5076, 'oven': 0.5416, 'electronic kettle': 0.2956, 'sink': 0.2427, 'dish': 0.3316, 'dishwasher': 0.3011}","{'stove': 30.04, 'oven': 42.42, 'electronic kettle': 113.69, 'sink': 54.61, 'dish': 110.34, 'dishwasher': 90.88}",[],cabinet door,{},"Container id 13, is a ""cabinet door"" above the countertop."
9793,14,images/kitchen/15_segmented_sun_amstpwyljnixuvqh.jpg,"[[137, 181], [137, 214], [166, 214], [167, 181]]",cabinet door,0.303,"[[0, 144], [256, 144], [256, 256], [0, 256]]",below,1.1,33.0,30.0,"{""above"": null, ""below"": null, ""left"": 9782, ""right"": 9780, ""top_left"": null, ""top_right"": null, ""bottom_left"": null, ""bottom_right"": null}","{""above"": null, ""below"": null, ""left"": null, ""right"": null, ""top_left"": null, ""top_right"": null, ""bottom_left"": null, ""bottom_right"": null}","{'stove': 0.2639, 'oven': 0.2096, 'electronic kettle': 0.3186, 'sink': 0.1546, 'dish': 0.3083, 'dishwasher': 0.2005}","{'stove': 340.11, 'oven': 5.86, 'electronic kettle': 193.28, 'sink': 250.84, 'dish': 186.14, 'dishwasher': 192.33}",[],cabinet door,{},"Container id 14, is a ""cabinet door"" below the countertop."
9794,15,images/kitchen/15_segmented_sun_amstpwyljnixuvqh.jpg,"[[246, 83], [246, 87]]",drawer,0.333,"[[0, 144], [256, 144], [256, 256], [0, 256]]",above,inf,4.0,0.0,"{""above"": null, ""below"": null, ""left"": null, ""right"": null, ""top_left"": null, ""top_right"": null, ""bottom_left"": null, ""bottom_right"": null}","{""above"": null, ""below"": null, ""left"": null, ""right"": null, ""top_left"": null, ""top_right"": null, ""bottom_left"": null, ""bottom_right"": null}","{'stove': 0.2213, 'oven': 0.3362, 'electronic kettle': 0.6179, 'sink': 0.352, 'dish': 0.6312, 'dishwasher': 0.5291}","{'stove': 93.15, 'oven': 98.86, 'electronic kettle': 157.39, 'sink': 152.1, 'dish': 153.9, 'dishwasher': 149.57}",[],drawer,{},"Container id 15, is a ""drawer"" above the countertop."
10932,1,images/kitchen/5_segmented_sun_axwfwkibvzamixmp.jpg,"[[88, 46], [87, 80], [90, 83], [105, 83], [107, 48]]",cabinet door,0.395,"[[0, 107], [300, 107], [300, 225], [0, 225]]",above,1.85,37.0,20.0,"{""above"": null, ""below"": null, ""left"": 10935, ""right"": 10936, ""top_left"": null, ""top_right"": null, ""bottom_left"": null, ""bottom_right"": null}","{""above"": null, ""below"": null, ""left"": null, ""right"": null, ""top_left"": null, ""top_right"": null, ""bottom_left"": null, ""bottom_right"": null}","{'refrigerator': 0.6303, 'stove': 0.6198, 'oven': 0.6127}","{'refrigerator': 31.93, 'stove': 32.54, 'oven': 31.55}",[],cabinet door,{},"Container id 1, is a ""cabinet door"" above the countertop."
10933,2,images/kitchen/5_segmented_sun_axwfwkibvzamixmp.jpg,"[[152, 48], [155, 50], [150, 87], [183, 88], [184, 49]]",cabinet door,0.368,"[[0, 107], [300, 107], [300, 225], [0, 225]]",above,1.176,40.0,34.0,"{""above"": null, ""below"": null, ""left"": 10936, ""right"": null, ""top_left"": null, ""top_right"": null, ""bottom_left"": null, ""bottom_right"": null}","{""above"": null, ""below"": null, ""left"": null, ""right"": null, ""top_left"": null, ""top_right"": null, ""bottom_left"": null, ""bottom_right"": null}","{'refrigerator': 0.4899, 'stove': 0.4811, 'oven': 0.4718}","{'refrigerator': 44.43, 'stove': 45.46, 'oven': 44.4}",[],cabinet door,"{'refrigerator': 2, 'stove': 2, 'oven': 2}","Container id 2, is a ""cabinet door"" above the countertop. Additionally, it is the 2nd closest to the refrigerator, the 2nd closest to the stove, and the 2nd closest to the oven."
10934,3,images/kitchen/5_segmented_sun_axwfwkibvzamixmp.jpg,"[[144, 113], [141, 145], [151, 145], [154, 157], [174, 158], [175, 116]]",cabinet door,0.37,"[[0, 107], [300, 107], [300, 225], [0, 225]]",below,1.324,45.0,34.0,"{""above"": null, ""below"": null, ""left"": null, ""right"": null, ""top_left"": null, ""top_right"": null, ""bottom_left"": null, ""bottom_right"": null}","{""above"": null, ""below"": null, ""left"": null, ""right"": null, ""top_left"": null, ""top_right"": null, ""bottom_left"": null, ""bottom_right"": null}","{'refrigerator': 0.3989, 'stove': 0.3873, 'oven': 0.3824}","{'refrigerator': 21.16, 'stove': 21.83, 'oven': 20.07}",[],cabinet door,"{'refrigerator': 1, 'stove': 1, 'oven': 1}","Container id 3, is a ""cabinet door"" below the countertop. Additionally, it is the closest to the refrigerator, the closest to the stove, and the closest to the oven."
10935,4,images/kitchen/5_segmented_sun_axwfwkibvzamixmp.jpg,"[[73, 43], [70, 79], [73, 82], [84, 81], [86, 45]]",cabinet door,0.3,"[[0, 107], [300, 107], [300, 225], [0, 225]]",above,2.438,39.0,16.0,"{""above"": null, ""below"": null, ""left"": null, ""right"": 10932, ""top_left"": null, ""top_right"": null, ""bottom_left"": null, ""bottom_right"": null}","{""above"": null, ""below"": null, ""left"": null, ""right"": null, ""top_left"": null, ""top_right"": null, ""bottom_left"": null, ""bottom_right"": null}","{'refrigerator': 0.6746, 'stove': 0.6639, 'oven': 0.6572}","{'refrigerator': 30.13, 'stove': 30.67, 'oven': 29.73}",[],cabinet door,{},"Container id 4, is a ""cabinet door"" above the countertop."
10936,5,images/kitchen/5_segmented_sun_axwfwkibvzamixmp.jpg,"[[110, 48], [111, 71], [144, 71], [144, 49]]",cabinet door,0.361,"[[0, 107], [300, 107], [300, 225], [0, 225]]",above,0.676,23.0,34.0,"{""above"": null, ""below"": null, ""left"": 10932, ""right"": 10933, ""top_left"": null, ""top_right"": null, ""bottom_left"": null, ""bottom_right"": null}","{""above"": null, ""below"": null, ""left"": null, ""right"": null, ""top_left"": null, ""top_right"": null, ""bottom_left"": null, ""bottom_right"": null}","{'refrigerator': 0.5734, 'stove': 0.5637, 'oven': 0.5554}","{'refrigerator': 38.3, 'stove': 39.08, 'oven': 38.08}",[],cabinet door,{},"Container id 5, is a ""cabinet door"" above the countertop."
11001,1,images/kitchen/12_segmented_sun_agdxrnaqlzlannbk.jpg,"[[85, 119], [50, 122], [52, 179], [86, 173]]",cabinet door,0.585,"[[0, 96], [320, 96], [320, 229], [0, 229]]",below,1.667,60.0,36.0,"{""above"": null, ""below"": null, ""left"": 11002, ""right"": 11006, ""top_left"": null, ""top_right"": null, ""bottom_left"": null, ""bottom_right"": null}","{""above"": ""sink"", ""below"": null, ""left"": null, ""right"": ""oven"", ""top_left"": ""sink"", ""top_right"": ""stove"", ""bottom_left"": null, ""bottom_right"": null}","{'microwave': 0.203, 'oven': 0.1229, 'stove': 0.1209, 'sink': 0.1059, 'electronic kettle': 0.2478}","{'microwave': 321.48, 'oven': 326.56, 'stove': 311.31, 'sink': 236.09, 'electronic kettle': 332.82}",[],cabinet door,{'sink': 1},"Container id 1, is a ""cabinet door"" below the countertop. Additionally, it is the closest to the sink."
11002,2,images/kitchen/12_segmented_sun_agdxrnaqlzlannbk.jpg,"[[47, 122], [8, 125], [11, 186], [49, 180]]",cabinet door,0.573,"[[0, 96], [320, 96], [320, 229], [0, 229]]",below,1.561,64.0,41.0,"{""above"": null, ""below"": null, ""left"": null, ""right"": 11001, ""top_left"": null, ""top_right"": null, ""bottom_left"": null, ""bottom_right"": null}","{""above"": ""sink"", ""below"": null, ""left"": null, ""right"": null, ""top_left"": null, ""top_right"": null, ""bottom_left"": null, ""bottom_right"": null}","{'microwave': 0.2942, 'oven': 0.2183, 'stove': 0.2079, 'sink': 0.1087, 'electronic kettle': 0.3447}","{'microwave': 331.77, 'oven': 338.38, 'stove': 330.12, 'sink': 292.32, 'electronic kettle': 338.58}",[],cabinet door,{'sink': 2},"Container id 2, is a ""cabinet door"" below the countertop. Additionally, it is the 2nd closest to the sink."
11003,3,images/kitchen/12_segmented_sun_agdxrnaqlzlannbk.jpg,"[[43, 21], [42, 67], [76, 67], [77, 25]]",cabinet door,0.572,"[[0, 96], [320, 96], [320, 229], [0, 229]]",above,1.314,46.0,35.0,"{""above"": null, ""below"": null, ""left"": 11010, ""right"": 11009, ""top_left"": null, ""top_right"": null, ""bottom_left"": null, ""bottom_right"": null}","{""above"": null, ""below"": null, ""left"": null, ""right"": null, ""top_left"": null, ""top_right"": null, ""bottom_left"": null, ""bottom_right"": null}","{'microwave': 0.2264, 'oven': 0.2312, 'stove': 0.1996, 'sink': 0.1784, 'electronic kettle': 0.2849}","{'microwave': 36.9, 'oven': 57.34, 'stove': 59.24, 'sink': 101.92, 'electronic kettle': 31.58}",[],cabinet door,{},"Container id 3, is a ""cabinet door"" above the countertop."
11004,4,images/kitchen/12_segmented_sun_agdxrnaqlzlannbk.jpg,"[[122, 29], [121, 68], [146, 69], [147, 31]]",cabinet door,0.597,"[[0, 96], [320, 96], [320, 229], [0, 229]]",above,1.538,40.0,26.0,"{""above"": null, ""below"": null, ""left"": 11008, ""right"": null, ""top_left"": null, ""top_right"": null, ""bottom_left"": null, ""bottom_right"": null}","{""above"": null, ""below"": null, ""left"": null, ""right"": null, ""top_left"": null, ""top_right"": null, ""bottom_left"": null, ""bottom_right"": null}","{'microwave': 0.1254, 'oven': 0.1949, 'stove': 0.1829, 'sink': 0.2792, 'electronic kettle': 0.1483}","{'microwave': 93.78, 'oven': 109.34, 'stove': 118.49, 'sink': 144.1, 'electronic kettle': 68.91}",[],cabinet door,{},"Container id 4, is a ""cabinet door"" above the countertop."
11005,5,images/kitchen/12_segmented_sun_agdxrnaqlzlannbk.jpg,"[[127, 138], [110, 140], [110, 169], [127, 166]]",cabinet door,0.506,"[[0, 96], [320, 96], [320, 229], [0, 229]]",below,1.824,31.0,17.0,"{""above"": null, ""below"": null, ""left"": 11006, ""right"": 11011, ""top_left"": null, ""top_right"": null, ""bottom_left"": null, ""bottom_right"": null}","{""above"": ""oven"", ""below"": null, ""left"": null, ""right"": null, ""top_left"": null, ""top_right"": null, ""bottom_left"": null, ""bottom_right"": null}","{'microwave': 0.1426, 'oven': 0.0843, 'stove': 0.1141, 'sink': 0.2122, 'electronic kettle': 0.1564}","{'microwave': 282.61, 'oven': 252.63, 'stove': 245.2, 'sink': 208.3, 'electronic kettle': 306.38}",[],cabinet door,{'oven': 1},"Container id 5, is a ""cabinet door"" below the countertop. Additionally, it is the closest to the oven."
11006,6,images/kitchen/12_segmented_sun_agdxrnaqlzlannbk.jpg,"[[89, 140], [89, 172], [108, 170], [108, 140]]",cabinet door,0.511,"[[0, 96], [320, 96], [320, 229], [0, 229]]",below,1.684,32.0,19.0,"{""above"": null, ""below"": null, ""left"": 11001, ""right"": 11005, ""top_left"": null, ""top_right"": null, ""bottom_left"": null, ""bottom_right"": null}","{""above"": ""oven"", ""below"": null, ""left"": null, ""right"": null, ""top_left"": null, ""top_right"": null, ""bottom_left"": null, ""bottom_right"": null}","{'microwave': 0.1664, 'oven': 0.0899, 'stove': 0.1093, 'sink': 0.1726, 'electronic kettle': 0.1948}","{'microwave': 299.5, 'oven': 286.59, 'stove': 271.55, 'sink': 218.02, 'electronic kettle': 317.49}",[],cabinet door,{'stove': 1},"Container id 6, is a ""cabinet door"" below the countertop. Additionally, it is the closest to the stove."
11007,7,images/kitchen/12_segmented_sun_agdxrnaqlzlannbk.jpg,"[[156, 114], [130, 116], [130, 124], [155, 123]]",drawer,0.515,"[[0, 96], [320, 96], [320, 229], [0, 229]]",below,0.385,10.0,26.0,"{""above"": null, ""below"": 11011, ""left"": null, ""right"": null, ""top_left"": null, ""top_right"": null, ""bottom_left"": null, ""bottom_right"": null}","{""above"": ""microwave"", ""below"": null, ""left"": ""oven"", ""right"": null, ""top_left"": null, ""top_right"": ""electronic kettle"", ""bottom_left"": null, ""bottom_right"": null}","{'microwave': 0.0609, 'oven': 0.087, 'stove': 0.1108, 'sink': 0.2488, 'electronic kettle': 0.0503}","{'microwave': 239.96, 'oven': 176.06, 'stove': 188.9, 'sink': 183.27, 'electronic kettle': 308.26}",[],drawer,"{'microwave': 1, 'oven': 2, 'stove': 2, 'electronic kettle': 1}","Container id 7, is a ""drawer"" below the countertop. Additionally, it is the closest to the microwave, the 2nd closest to the oven, the 2nd closest to the stove, and the closest to the electronic kettle."
11008,8,images/kitchen/12_segmented_sun_agdxrnaqlzlannbk.jpg,"[[102, 27], [101, 58], [119, 58], [119, 28]]",cabinet door,0.568,"[[0, 96], [320, 96], [320, 229], [0, 229]]",above,1.722,31.0,18.0,"{""above"": null, ""below"": null, ""left"": 11009, ""right"": 11004, ""top_left"": null, ""top_right"": null, ""bottom_left"": null, ""bottom_right"": null}","{""above"": null, ""below"": null, ""left"": null, ""right"": null, ""top_left"": null, ""top_right"": null, ""bottom_left"": null, ""bottom_right"": null}","{'microwave': 0.151, 'oven': 0.2004, 'stove': 0.1793, 'sink': 0.2449, 'electronic kettle': 0.1922}","{'microwave': 69.81, 'oven': 91.2, 'stove': 98.63, 'sink': 132.62, 'electronic kettle': 53.72}",[],cabinet door,{},"Container id 8, is a ""cabinet door"" above the countertop."
11009,9,images/kitchen/12_segmented_sun_agdxrnaqlzlannbk.jpg,"[[80, 25], [80, 57], [99, 57], [99, 27]]",cabinet door,0.564,"[[0, 96], [320, 96], [320, 229], [0, 229]]",above,1.684,32.0,19.0,"{""above"": null, ""below"": null, ""left"": 11003, ""right"": 11008, ""top_left"": null, ""top_right"": null, ""bottom_left"": null, ""bottom_right"": null}","{""above"": null, ""below"": null, ""left"": null, ""right"": null, ""top_left"": null, ""top_right"": null, ""bottom_left"": null, ""bottom_right"": null}","{'microwave': 0.1788, 'oven': 0.2093, 'stove': 0.1823, 'sink': 0.2155, 'electronic kettle': 0.2296}","{'microwave': 54.11, 'oven': 76.59, 'stove': 81.85, 'sink': 121.66, 'electronic kettle': 43.53}",[],cabinet door,{},"Container id 9, is a ""cabinet door"" above the countertop."
11010,10,images/kitchen/12_segmented_sun_agdxrnaqlzlannbk.jpg,"[[0, 16], [0, 66], [39, 67], [40, 22]]",cabinet door,0.531,"[[0, 96], [320, 96], [320, 229], [0, 229]]",above,1.275,51.0,40.0,"{""above"": null, ""below"": null, ""left"": null, ""right"": 11003, ""top_left"": null, ""top_right"": null, ""bottom_left"": null, ""bottom_right"": null}","{""above"": null, ""below"": null, ""left"": null, ""right"": null, ""top_left"": null, ""top_right"": null, ""bottom_left"": null, ""bottom_right"": null}","{'microwave': 0.3157, 'oven': 0.3019, 'stove': 0.2696, 'sink': 0.1913, 'electronic kettle': 0.377}","{'microwave': 26.67, 'oven': 41.59, 'stove': 41.11, 'sink': 70.4, 'electronic kettle': 24.26}",[],cabinet door,{},"Container id 10, is a ""cabinet door"" above the countertop."
11011,11,images/kitchen/12_segmented_sun_agdxrnaqlzlannbk.jpg,"[[155, 124], [130, 126], [130, 165], [155, 160]]",cabinet door,0.426,"[[0, 96], [320, 96], [320, 229], [0, 229]]",below,1.64,41.0,25.0,"{""above"": 11012, ""below"": null, ""left"": 11005, ""right"": null, ""top_left"": null, ""top_right"": null, ""bottom_left"": null, ""bottom_right"": null}","{""above"": ""microwave"", ""below"": null, ""left"": ""oven"", ""right"": null, ""top_left"": ""stove"", ""top_right"": null, ""bottom_left"": null, ""bottom_right"": null}","{'microwave': 0.1188, 'oven': 0.1029, 'stove': 0.1347, 'sink': 0.2593, 'electronic kettle': 0.1066}","{'microwave': 255.44, 'oven': 213.16, 'stove': 216.11, 'sink': 197.15, 'electronic kettle': 287.34}",[],cabinet door,{},"Container id 11, is a ""cabinet door"" below the countertop."
11012,12,images/kitchen/12_segmented_sun_agdxrnaqlzlannbk.jpg,"[[156, 114], [130, 116], [130, 165], [154, 162]]",drawer,0.325,"[[0, 96], [320, 96], [320, 229], [0, 229]]",below,1.962,51.0,26.0,"{""above"": 11007, ""below"": 11011, ""left"": 11005, ""right"": null, ""top_left"": null, ""top_right"": null, ""bottom_left"": null, ""bottom_right"": null}","{""above"": ""electronic kettle"", ""below"": null, ""left"": ""oven"", ""right"": null, ""top_left"": null, ""top_right"": null, ""bottom_left"": null, ""bottom_right"": null}","{'microwave': 0.1078, 'oven': 0.0971, 'stove': 0.1283, 'sink': 0.2562, 'electronic kettle': 0.0957}","{'microwave': 253.92, 'oven': 207.5, 'stove': 211.99, 'sink': 194.7, 'electronic kettle': 289.38}",[],drawer,"{'microwave': 2, 'electronic kettle': 2}","Container id 12, is a ""drawer"" below the countertop. Additionally, it is the 2nd closest to the microwave, and the 2nd closest to the electronic kettle."
11013,1,images/kitchen/12_segmented_sun_acyvmyzypyuwnann.jpg,"[[528, 135], [488, 141], [488, 230], [528, 227]]",cabinet door,0.41,"[[0, 247], [650, 247], [650, 434], [0, 434]]",above,2.375,95.0,40.0,"{""above"": null, ""below"": null, ""left"": null, ""right"": 11018, ""top_left"": null, ""top_right"": null, ""bottom_left"": null, ""bottom_right"": null}","{""above"": null, ""below"": null, ""left"": null, ""right"": null, ""top_left"": null, ""top_right"": null, ""bottom_left"": null, ""bottom_right"": null}",{'microwave': 0.1717},{'microwave': 167.96},[],cabinet door,{},"Container id 1, is a ""cabinet door"" above the countertop."
11014,2,images/kitchen/12_segmented_sun_acyvmyzypyuwnann.jpg,"[[584, 226], [584, 228], [583, 229], [582, 229], [584, 229]]",cabinet door,0.403,"[[0, 247], [650, 247], [650, 434], [0, 434]]",above,1.5,3.0,2.0,"{""above"": null, ""below"": null, ""left"": null, ""right"": null, ""top_left"": null, ""top_right"": null, ""bottom_left"": null, ""bottom_right"": null}","{""above"": null, ""below"": null, ""left"": null, ""right"": null, ""top_left"": null, ""top_right"": null, ""bottom_left"": null, ""bottom_right"": null}",{'microwave': 0.2653},{'microwave': 184.69},[],cabinet door,{},"Container id 2, is a ""cabinet door"" above the countertop."
11015,3,images/kitchen/12_segmented_sun_acyvmyzypyuwnann.jpg,"[[584, 221], [584, 223]]",cabinet door,0.395,"[[0, 247], [650, 247], [650, 434], [0, 434]]",above,inf,2.0,0.0,"{""above"": null, ""below"": null, ""left"": null, ""right"": null, ""top_left"": null, ""top_right"": null, ""bottom_left"": null, ""bottom_right"": null}","{""above"": null, ""below"": null, ""left"": null, ""right"": null, ""top_left"": null, ""top_right"": null, ""bottom_left"": null, ""bottom_right"": null}",{'microwave': 0.2655},{'microwave': 182.97},[],cabinet door,{},"Container id 3, is a ""cabinet door"" above the countertop."
11016,4,images/kitchen/12_segmented_sun_acyvmyzypyuwnann.jpg,"[[584, 181], [584, 217]]",drawer,0.431,"[[0, 247], [650, 247], [650, 434], [0, 434]]",above,inf,36.0,0.0,"{""above"": null, ""below"": null, ""left"": null, ""right"": null, ""top_left"": null, ""top_right"": null, ""bottom_left"": null, ""bottom_right"": null}","{""above"": null, ""below"": null, ""left"": null, ""right"": null, ""top_left"": null, ""top_right"": null, ""bottom_left"": null, ""bottom_right"": null}",{'microwave': 0.2656},{'microwave': 176.62},[],drawer,{},"Container id 4, is a ""drawer"" above the countertop."
11017,5,images/kitchen/12_segmented_sun_acyvmyzypyuwnann.jpg,"[[584, 143], [584, 146]]",cabinet door,0.332,"[[0, 247], [650, 247], [650, 434], [0, 434]]",above,inf,3.0,0.0,"{""above"": null, ""below"": null, ""left"": null, ""right"": null, ""top_left"": null, ""top_right"": null, ""bottom_left"": null, ""bottom_right"": null}","{""above"": null, ""below"": null, ""left"": null, ""right"": null, ""top_left"": null, ""top_right"": null, ""bottom_left"": null, ""bottom_right"": null}",{'microwave': 0.2786},{'microwave': 162.15},[],cabinet door,{},"Container id 5, is a ""cabinet door"" above the countertop."
11018,6,images/kitchen/12_segmented_sun_acyvmyzypyuwnann.jpg,"[[585, 125], [531, 135], [536, 231], [578, 229]]",cabinet door,0.355,"[[0, 247], [650, 247], [650, 434], [0, 434]]",above,1.963,106.0,54.0,"{""above"": null, ""below"": 11014, ""left"": 11013, ""right"": null, ""top_left"": null, ""top_right"": null, ""bottom_left"": null, ""bottom_right"": null}","{""above"": null, ""below"": null, ""left"": null, ""right"": null, ""top_left"": null, ""top_right"": null, ""bottom_left"": null, ""bottom_right"": null}",{'microwave': 0.2347},{'microwave': 170.19},[],cabinet door,{},"Container id 6, is a ""cabinet door"" above the countertop."
11019,7,images/kitchen/12_segmented_sun_acyvmyzypyuwnann.jpg,"[[520, 304], [519, 360], [574, 377], [575, 315]]",drawer,0.309,"[[0, 247], [650, 247], [650, 434], [0, 434]]",below,1.304,73.0,56.0,"{""above"": 11020, ""below"": null, ""left"": 11022, ""right"": null, ""top_left"": 11024, ""top_right"": null, ""bottom_left"": null, ""bottom_right"": null}","{""above"": null, ""below"": null, ""left"": null, ""right"": null, ""top_left"": null, ""top_right"": null, ""bottom_left"": null, ""bottom_right"": null}",{'microwave': 0.2723},{'microwave': 216.88},[],drawer,{},"Container id 7, is a ""drawer"" below the countertop."
11020,8,images/kitchen/12_segmented_sun_acyvmyzypyuwnann.jpg,"[[519, 288], [521, 302], [575, 311], [574, 295]]",drawer,0.465,"[[0, 247], [650, 247], [650, 434], [0, 434]]",below,0.411,23.0,56.0,"{""above"": null, ""below"": 11019, ""left"": 11024, ""right"": null, ""top_left"": null, ""top_right"": null, ""bottom_left"": 11022, ""bottom_right"": null}","{""above"": null, ""below"": null, ""left"": null, ""right"": null, ""top_left"": null, ""top_right"": null, ""bottom_left"": null, ""bottom_right"": null}",{'microwave': 0.2453},{'microwave': 207.23},[],drawer,{},"Container id 8, is a ""drawer"" below the countertop."
11021,9,images/kitchen/12_segmented_sun_acyvmyzypyuwnann.jpg,"[[428, 184], [427, 289], [464, 297], [465, 183]]",cabinet door,0.307,"[[0, 247], [650, 247], [650, 434], [0, 434]]",below,3.0,114.0,38.0,"{""above"": null, ""below"": null, ""left"": null, ""right"": null, ""top_left"": null, ""top_right"": null, ""bottom_left"": null, ""bottom_right"": 11024}","{""above"": null, ""below"": null, ""left"": null, ""right"": null, ""top_left"": null, ""top_right"": null, ""bottom_left"": null, ""bottom_right"": null}",{'microwave': 0.0951},{'microwave': 201.3},[],cabinet door,{'microwave': 2},"Container id 9, is a ""cabinet door"" below the countertop. Additionally, it is the 2nd closest to the microwave."
11022,10,images/kitchen/12_segmented_sun_acyvmyzypyuwnann.jpg,"[[473, 294], [474, 303], [500, 310], [492, 318], [493, 351], [516, 358], [517, 303]]",cabinet door,0.303,"[[0, 247], [650, 247], [650, 434], [0, 434]]",below,1.455,64.0,44.0,"{""above"": 11024, ""below"": null, ""left"": null, ""right"": 11019, ""top_left"": 11021, ""top_right"": null, ""bottom_left"": null, ""bottom_right"": null}","{""above"": null, ""below"": null, ""left"": null, ""right"": null, ""top_left"": null, ""top_right"": null, ""bottom_left"": null, ""bottom_right"": null}",{'microwave': 0.2052},{'microwave': 222.49},[],cabinet door,{},"Container id 10, is a ""cabinet door"" below the countertop."
11023,11,images/kitchen/12_segmented_sun_acyvmyzypyuwnann.jpg,"[[355, 259], [356, 278], [390, 286], [391, 263], [364, 257]]",drawer,0.374,"[[0, 247], [650, 247], [650, 434], [0, 434]]",below,0.806,29.0,36.0,"{""above"": null, ""below"": null, ""left"": null, ""right"": null, ""top_left"": null, ""top_right"": null, ""bottom_left"": null, ""bottom_right"": null}","{""above"": null, ""below"": null, ""left"": null, ""right"": null, ""top_left"": null, ""top_right"": null, ""bottom_left"": null, ""bottom_right"": null}",{'microwave': 0.0737},{'microwave': 275.53},[],drawer,{'microwave': 1},"Container id 11, is a ""drawer"" below the countertop. Additionally, it is the closest to the microwave."
11024,12,images/kitchen/12_segmented_sun_acyvmyzypyuwnann.jpg,"[[472, 279], [472, 291], [517, 300], [515, 286]]",drawer,0.312,"[[0, 247], [650, 247], [650, 434], [0, 434]]",below,0.467,21.0,45.0,"{""above"": null, ""below"": 11022, ""left"": null, ""right"": 11020, ""top_left"": null, ""top_right"": null, ""bottom_left"": null, ""bottom_right"": null}","{""above"": null, ""below"": null, ""left"": null, ""right"": null, ""top_left"": null, ""top_right"": null, ""bottom_left"": null, ""bottom_right"": null}",{'microwave': 0.18},{'microwave': 213.55},[],drawer,{},"Container id 12, is a ""drawer"" below the countertop."
11681,1,images/kitchen/6_segmented_sun_akjjfxpidxgkthco.jpg,"[[230, 74], [229, 111], [239, 112], [239, 74]]",cabinet door,0.356,"[[0, 107], [332, 107], [332, 221], [0, 221]]",below,3.8,38.0,10.0,"{""above"": null, ""below"": null, ""left"": null, ""right"": 11682, ""top_left"": null, ""top_right"": null, ""bottom_left"": null, ""bottom_right"": null}","{""above"": null, ""below"": null, ""left"": null, ""right"": null, ""top_left"": ""microwave"", ""top_right"": null, ""bottom_left"": null, ""bottom_right"": null}","{'oven': 0.1308, 'microwave': 0.0518}","{'oven': 175.99, 'microwave': 218.12}",[],cabinet door,"{'oven': 1, 'microwave': 1}","Container id 1, is a ""cabinet door"" below the countertop. Additionally, it is the closest to the oven, and the closest to the microwave."
11682,2,images/kitchen/6_segmented_sun_akjjfxpidxgkthco.jpg,"[[245, 73], [245, 112], [254, 113], [255, 73]]",cabinet door,0.351,"[[0, 107], [332, 107], [332, 221], [0, 221]]",below,4.0,40.0,10.0,"{""above"": null, ""below"": 11685, ""left"": 11681, ""right"": null, ""top_left"": null, ""top_right"": null, ""bottom_left"": null, ""bottom_right"": null}","{""above"": null, ""below"": null, ""left"": null, ""right"": null, ""top_left"": null, ""top_right"": null, ""bottom_left"": null, ""bottom_right"": null}","{'oven': 0.1696, 'microwave': 0.0858}","{'oven': 176.91, 'microwave': 201.88}",[],cabinet door,"{'oven': 2, 'microwave': 2}","Container id 2, is a ""cabinet door"" below the countertop. Additionally, it is the 2nd closest to the oven, and the 2nd closest to the microwave."
11683,3,images/kitchen/6_segmented_sun_akjjfxpidxgkthco.jpg,"[[263, 48], [263, 79], [296, 79], [295, 47]]",cabinet door,0.318,"[[0, 107], [332, 107], [332, 221], [0, 221]]",above,0.97,32.0,33.0,"{""above"": null, ""below"": null, ""left"": 11684, ""right"": 11686, ""top_left"": null, ""top_right"": null, ""bottom_left"": null, ""bottom_right"": null}","{""above"": null, ""below"": null, ""left"": null, ""right"": null, ""top_left"": null, ""top_right"": null, ""bottom_left"": null, ""bottom_right"": null}","{'oven': 0.2571, 'microwave': 0.1592}","{'oven': 161.14, 'microwave': 164.71}",[],cabinet door,{},"Container id 3, is a ""cabinet door"" above the countertop."
11684,4,images/kitchen/6_segmented_sun_akjjfxpidxgkthco.jpg,"[[274, 48], [263, 51], [263, 79], [274, 79], [275, 77]]",cabinet door,0.322,"[[0, 107], [332, 107], [332, 221], [0, 221]]",above,2.583,31.0,12.0,"{""above"": null, ""below"": null, ""left"": null, ""right"": null, ""top_left"": null, ""top_right"": null, ""bottom_left"": null, ""bottom_right"": null}","{""above"": null, ""below"": null, ""left"": null, ""right"": null, ""top_left"": null, ""top_right"": null, ""bottom_left"": null, ""bottom_right"": null}","{'oven': 0.2318, 'microwave': 0.134}","{'oven': 161.33, 'microwave': 165.7}",[],cabinet door,{},"Container id 4, is a ""cabinet door"" above the countertop."
11685,5,images/kitchen/6_segmented_sun_akjjfxpidxgkthco.jpg,"[[244, 116], [241, 119], [241, 134], [257, 135], [257, 117]]",cabinet door,0.316,"[[0, 107], [332, 107], [332, 221], [0, 221]]",below,1.188,19.0,16.0,"{""above"": 11682, ""below"": null, ""left"": null, ""right"": null, ""top_left"": null, ""top_right"": null, ""bottom_left"": null, ""bottom_right"": null}","{""above"": null, ""below"": null, ""left"": null, ""right"": null, ""top_left"": null, ""top_right"": null, ""bottom_left"": null, ""bottom_right"": null}","{'oven': 0.1791, 'microwave': 0.1339}","{'oven': 202.9, 'microwave': 235.83}",[],cabinet door,{},"Container id 5, is a ""cabinet door"" below the countertop."
11686,6,images/kitchen/6_segmented_sun_akjjfxpidxgkthco.jpg,"[[282, 48], [282, 79], [296, 79], [294, 48]]",cabinet door,0.318,"[[0, 107], [332, 107], [332, 221], [0, 221]]",above,2.214,31.0,14.0,"{""above"": null, ""below"": null, ""left"": null, ""right"": null, ""top_left"": null, ""top_right"": null, ""bottom_left"": null, ""bottom_right"": null}","{""above"": null, ""below"": null, ""left"": null, ""right"": null, ""top_left"": null, ""top_right"": null, ""bottom_left"": null, ""bottom_right"": null}","{'oven': 0.279, 'microwave': 0.1815}","{'oven': 162.8, 'microwave': 166.83}",[],cabinet door,{},"Container id 6, is a ""cabinet door"" above the countertop."
11749,1,images/kitchen/10_segmented_sun_aaslbwtcdcwjukuo.jpg,"[[1720, 1141], [1695, 1636], [2012, 1642], [2043, 1149]]",cabinet door,0.44,"[[0, 873], [2560, 873], [2560, 1920], [0, 1920]]",below,1.44,501.0,348.0,"{""above"": null, ""below"": null, ""left"": 11750, ""right"": null, ""top_left"": null, ""top_right"": null, ""bottom_left"": null, ""bottom_right"": null}","{""above"": ""dish drying rack"", ""below"": null, ""left"": null, ""right"": null, ""top_left"": null, ""top_right"": ""refrigerator"", ""bottom_left"": null, ""bottom_right"": null}","{'refrigerator': 0.1749, 'dishwasher': 0.2439, 'microwave': 0.524, 'oven': 0.1791, 'sink': 0.4985, 'dish drying rack': 0.1555, 'stove': 0.163}","{'refrigerator': 324.73, 'dishwasher': 184.78, 'microwave': 217.15, 'oven': 241.56, 'sink': 194.79, 'dish drying rack': 247.24, 'stove': 259.36}",[],cabinet door,"{'refrigerator': 1, 'oven': 2, 'dish drying rack': 2, 'stove': 1}","Container id 1, is a ""cabinet door"" below the countertop. Additionally, it is the closest to the refrigerator, the 2nd closest to the oven, the 2nd closest to the dish drying rack, and the closest to the stove."
11750,2,images/kitchen/10_segmented_sun_aaslbwtcdcwjukuo.jpg,"[[1383, 1135], [1366, 1628], [1680, 1633], [1700, 1143]]",cabinet door,0.431,"[[0, 873], [2560, 873], [2560, 1920], [0, 1920]]",below,1.491,498.0,334.0,"{""above"": null, ""below"": null, ""left"": null, ""right"": 11749, ""top_left"": null, ""top_right"": null, ""bottom_left"": null, ""bottom_right"": null}","{""above"": ""dish drying rack"", ""below"": null, ""left"": ""dishwasher"", ""right"": null, ""top_left"": null, ""top_right"": null, ""bottom_left"": null, ""bottom_right"": null}","{'refrigerator': 0.2665, 'dishwasher': 0.1395, 'microwave': 0.4434, 'oven': 0.1564, 'sink': 0.3974, 'dish drying rack': 0.148, 'stove': 0.1747}","{'refrigerator': 338.25, 'dishwasher': 187.44, 'microwave': 225.12, 'oven': 277.14, 'sink': 198.33, 'dish drying rack': 287.55, 'stove': 295.31}",[],cabinet door,"{'refrigerator': 2, 'dishwasher': 1, 'oven': 1, 'dish drying rack': 1, 'stove': 2}","Container id 2, is a ""cabinet door"" below the countertop. Additionally, it is the 2nd closest to the refrigerator, the closest to the dishwasher, the closest to the oven, the closest to the dish drying rack, and the 2nd closest to the stove."
11751,3,images/kitchen/10_segmented_sun_aaslbwtcdcwjukuo.jpg,"[[1705, 0], [1700, 229], [2004, 233], [2013, 0]]",cabinet door,0.426,"[[0, 873], [2560, 873], [2560, 1920], [0, 1920]]",above,0.744,233.0,313.0,"{""above"": null, ""below"": null, ""left"": 11752, ""right"": null, ""top_left"": null, ""top_right"": null, ""bottom_left"": null, ""bottom_right"": null}","{""above"": null, ""below"": null, ""left"": null, ""right"": null, ""top_left"": null, ""top_right"": null, ""bottom_left"": null, ""bottom_right"": null}","{'refrigerator': 0.332, 'dishwasher': 0.4479, 'microwave': 0.422, 'oven': 0.2548, 'sink': 0.55, 'dish drying rack': 0.2617, 'stove': 0.2401}","{'refrigerator': 63.8, 'dishwasher': 122.3, 'microwave': 168.74, 'oven': 108.67, 'sink': 150.4, 'dish drying rack': 102.45, 'stove': 96.3}",[],cabinet door,{},"Container id 3, is a ""cabinet door"" above the countertop."
11752,4,images/kitchen/10_segmented_sun_aaslbwtcdcwjukuo.jpg,"[[1383, 0], [1381, 226], [1691, 226], [1696, 0]]",cabinet door,0.419,"[[0, 873], [2560, 873], [2560, 1920], [0, 1920]]",above,0.717,226.0,315.0,"{""above"": null, ""below"": null, ""left"": null, ""right"": 11751, ""top_left"": null, ""top_right"": null, ""bottom_left"": 11755, ""bottom_right"": null}","{""above"": null, ""below"": null, ""left"": null, ""right"": null, ""top_left"": null, ""top_right"": null, ""bottom_left"": null, ""bottom_right"": null}","{'refrigerator': 0.3868, 'dishwasher': 0.4044, 'microwave': 0.3254, 'oven': 0.2428, 'sink': 0.4667, 'dish drying rack': 0.2599, 'stove': 0.2503}","{'refrigerator': 50.54, 'dishwasher': 110.26, 'microwave': 165.19, 'oven': 85.81, 'sink': 144.29, 'dish drying rack': 80.5, 'stove': 73.06}",[],cabinet door,{},"Container id 4, is a ""cabinet door"" above the countertop."
11753,5,images/kitchen/10_segmented_sun_aaslbwtcdcwjukuo.jpg,"[[812, 0], [808, 524], [1075, 535], [1086, 0]]",cabinet door,0.378,"[[0, 873], [2560, 873], [2560, 1920], [0, 1920]]",above,1.924,535.0,278.0,"{""above"": null, ""below"": null, ""left"": 11756, ""right"": 11757, ""top_left"": null, ""top_right"": null, ""bottom_left"": null, ""bottom_right"": null}","{""above"": null, ""below"": null, ""left"": ""microwave"", ""right"": null, ""top_left"": null, ""top_right"": null, ""bottom_left"": null, ""bottom_right"": null}","{'refrigerator': 0.4989, 'dishwasher': 0.335, 'microwave': 0.1343, 'oven': 0.2812, 'sink': 0.297, 'dish drying rack': 0.3093, 'stove': 0.3217}","{'refrigerator': 30.24, 'dishwasher': 82.25, 'microwave': 164.55, 'oven': 43.83, 'sink': 130.74, 'dish drying rack': 42.49, 'stove': 36.65}",[],cabinet door,{},"Container id 5, is a ""cabinet door"" above the countertop."
11754,6,images/kitchen/10_segmented_sun_aaslbwtcdcwjukuo.jpg,"[[259, 0], [261, 208], [491, 205], [491, 0]]",cabinet door,0.349,"[[0, 873], [2560, 873], [2560, 1920], [0, 1920]]",above,0.897,208.0,232.0,"{""above"": null, ""below"": null, ""left"": null, ""right"": 11756, ""top_left"": null, ""top_right"": null, ""bottom_left"": null, ""bottom_right"": null}","{""above"": null, ""below"": null, ""left"": null, ""right"": null, ""top_left"": null, ""top_right"": null, ""bottom_left"": null, ""bottom_right"": ""microwave""}","{'refrigerator': 0.6797, 'dishwasher': 0.4428, 'microwave': 0.099, 'oven': 0.453, 'sink': 0.2759, 'dish drying rack': 0.4819, 'stove': 0.4991}","{'refrigerator': 26.35, 'dishwasher': 59.73, 'microwave': 60.6, 'oven': 32.77, 'sink': 93.28, 'dish drying rack': 32.57, 'stove': 29.08}",[],cabinet door,"{'microwave': 2, 'sink': 2}","Container id 6, is a ""cabinet door"" above the countertop. Additionally, it is the 2nd closest to the microwave, and the 2nd closest to the sink."
11755,7,images/kitchen/10_segmented_sun_aaslbwtcdcwjukuo.jpg,"[[1096, 0], [1087, 533], [1359, 543], [1371, 0]]",cabinet door,0.384,"[[0, 873], [2560, 873], [2560, 1920], [0, 1920]]",above,1.912,543.0,284.0,"{""above"": null, ""below"": null, ""left"": 11757, ""right"": 11752, ""top_left"": null, ""top_right"": null, ""bottom_left"": null, ""bottom_right"": null}","{""above"": null, ""below"": null, ""left"": null, ""right"": null, ""top_left"": null, ""top_right"": null, ""bottom_left"": null, ""bottom_right"": null}","{'refrigerator': 0.4241, 'dishwasher': 0.3334, 'microwave': 0.2206, 'oven': 0.2248, 'sink': 0.3601, 'dish drying rack': 0.2502, 'stove': 0.2553}","{'refrigerator': 36.11, 'dishwasher': 97.46, 'microwave': 171.01, 'oven': 59.39, 'sink': 141.61, 'dish drying rack': 56.08, 'stove': 48.34}",[],cabinet door,{},"Container id 7, is a ""cabinet door"" above the countertop."
11756,8,images/kitchen/10_segmented_sun_aaslbwtcdcwjukuo.jpg,"[[496, 0], [499, 207], [801, 209], [803, 0]]",cabinet door,0.37,"[[0, 873], [2560, 873], [2560, 1920], [0, 1920]]",above,0.681,209.0,307.0,"{""above"": null, ""below"": null, ""left"": 11754, ""right"": null, ""top_left"": null, ""top_right"": null, ""bottom_left"": null, ""bottom_right"": 11753}","{""above"": null, ""below"": ""microwave"", ""left"": null, ""right"": null, ""top_left"": null, ""top_right"": null, ""bottom_left"": null, ""bottom_right"": null}","{'refrigerator': 0.604, 'dishwasher': 0.4062, 'microwave': 0.0937, 'oven': 0.3837, 'sink': 0.2934, 'dish drying rack': 0.4121, 'stove': 0.4261}","{'refrigerator': 29.94, 'dishwasher': 70.21, 'microwave': 113.34, 'oven': 39.69, 'sink': 110.24, 'dish drying rack': 38.97, 'stove': 34.66}",[],cabinet door,{'microwave': 1},"Container id 8, is a ""cabinet door"" above the countertop. Additionally, it is the closest to the microwave."
11757,9,images/kitchen/10_segmented_sun_aaslbwtcdcwjukuo.jpg,"[[813, 0], [813, 533], [1361, 540], [1371, 0]]",cabinet door,0.338,"[[0, 873], [2560, 873], [2560, 1920], [0, 1920]]",above,0.968,540.0,558.0,"{""above"": null, ""below"": null, ""left"": 11753, ""right"": 11755, ""top_left"": null, ""top_right"": null, ""bottom_left"": null, ""bottom_right"": null}","{""above"": null, ""below"": null, ""left"": ""microwave"", ""right"": null, ""top_left"": null, ""top_right"": null, ""bottom_left"": null, ""bottom_right"": null}","{'refrigerator': 0.4599, 'dishwasher': 0.3309, 'microwave': 0.1779, 'oven': 0.2498, 'sink': 0.3274, 'dish drying rack': 0.2769, 'stove': 0.2861}","{'refrigerator': 32.95, 'dishwasher': 89.99, 'microwave': 168.76, 'oven': 50.83, 'sink': 136.86, 'dish drying rack': 48.64, 'stove': 41.87}",[],cabinet door,{},"Container id 9, is a ""cabinet door"" above the countertop."
11758,10,images/kitchen/10_segmented_sun_aaslbwtcdcwjukuo.jpg,"[[398, 1356], [297, 1353], [306, 1516], [399, 1439]]",drawer,0.302,"[[0, 873], [2560, 873], [2560, 1920], [0, 1920]]",below,1.598,163.0,102.0,"{""above"": null, ""below"": null, ""left"": null, ""right"": null, ""top_left"": null, ""top_right"": null, ""bottom_left"": null, ""bottom_right"": null}","{""above"": null, ""below"": null, ""left"": null, ""right"": null, ""top_left"": null, ""top_right"": ""oven"", ""bottom_left"": null, ""bottom_right"": null}","{'refrigerator': 0.6265, 'dishwasher': 0.2328, 'microwave': 0.3289, 'oven': 0.4225, 'sink': 0.135, 'dish drying rack': 0.4407, 'stove': 0.4747}","{'refrigerator': 350.03, 'dishwasher': 353.14, 'microwave': 279.9, 'oven': 337.01, 'sink': 266.68, 'dish drying rack': 339.98, 'stove': 339.31}",[],drawer,"{'dishwasher': 2, 'sink': 1}","Container id 10, is a ""drawer"" below the countertop. Additionally, it is the 2nd closest to the dishwasher, and the closest to the sink."
11916,1,images/kitchen/15_segmented_sun_anleedlurkiswrjv.jpg,"[[263, 93], [215, 101], [216, 229], [264, 230]]",cabinet door,0.504,"[[0, 330], [432, 330], [432, 576], [0, 576]]",above,2.796,137.0,49.0,"{""above"": null, ""below"": null, ""left"": 11919, ""right"": 11918, ""top_left"": null, ""top_right"": null, ""bottom_left"": null, ""bottom_right"": null}","{""above"": null, ""below"": null, ""left"": null, ""right"": null, ""top_left"": null, ""top_right"": null, ""bottom_left"": null, ""bottom_right"": ""microwave""}","{'refrigerator': 0.3917, 'coffee machine': 0.2336, 'sink': 0.2741, 'stove': 0.3381, 'microwave': 0.2005, 'oven': 0.4428, 'dish rack': 0.4314, 'toaster': 0.4254, 'electronic kettle': 0.42, 'dish': 0.414}","{'refrigerator': 130.25, 'coffee machine': 57.79, 'sink': 118.08, 'stove': 51.41, 'microwave': 74.61, 'oven': 66.23, 'dish rack': 65.7, 'toaster': 65.3, 'electronic kettle': 65.0, 'dish': 62.64}",[],cabinet door,{},"Container id 1, is a ""cabinet door"" above the countertop."
11917,2,images/kitchen/15_segmented_sun_anleedlurkiswrjv.jpg,"[[430, 67], [380, 75], [380, 190], [431, 188]]",cabinet door,0.498,"[[0, 330], [432, 330], [432, 576], [0, 576]]",above,2.412,123.0,51.0,"{""above"": null, ""below"": null, ""left"": 11923, ""right"": null, ""top_left"": null, ""top_right"": null, ""bottom_left"": null, ""bottom_right"": null}","{""above"": null, ""below"": null, ""left"": null, ""right"": null, ""top_left"": null, ""top_right"": null, ""bottom_left"": null, ""bottom_right"": null}","{'refrigerator': 0.5939, 'coffee machine': 0.2658, 'sink': 0.4605, 'stove': 0.311, 'microwave': 0.2978, 'oven': 0.4543, 'dish rack': 0.4425, 'toaster': 0.4358, 'electronic kettle': 0.4301, 'dish': 0.4158}","{'refrigerator': 144.47, 'coffee machine': 113.44, 'sink': 141.28, 'stove': 93.56, 'microwave': 126.47, 'oven': 96.54, 'dish rack': 96.84, 'toaster': 96.91, 'electronic kettle': 97.03, 'dish': 95.51}",[],cabinet door,{},"Container id 2, is a ""cabinet door"" above the countertop."
11918,3,images/kitchen/15_segmented_sun_anleedlurkiswrjv.jpg,"[[316, 85], [267, 93], [268, 230], [317, 230]]",cabinet door,0.492,"[[0, 330], [432, 330], [432, 576], [0, 576]]",above,2.9,145.0,50.0,"{""above"": null, ""below"": null, ""left"": 11916, ""right"": 11923, ""top_left"": null, ""top_right"": null, ""bottom_left"": null, ""bottom_right"": null}","{""above"": null, ""below"": ""microwave"", ""left"": null, ""right"": null, ""top_left"": null, ""top_right"": null, ""bottom_left"": null, ""bottom_right"": ""coffee machine""}","{'refrigerator': 0.4459, 'coffee machine': 0.2093, 'sink': 0.3191, 'stove': 0.3027, 'microwave': 0.1994, 'oven': 0.4238, 'dish rack': 0.4119, 'toaster': 0.4055, 'electronic kettle': 0.3998, 'dish': 0.3909}","{'refrigerator': 136.99, 'coffee machine': 75.73, 'sink': 129.26, 'stove': 62.89, 'microwave': 95.67, 'oven': 75.58, 'dish rack': 75.28, 'toaster': 75.01, 'electronic kettle': 74.83, 'dish': 72.53}",[],cabinet door,{},"Container id 3, is a ""cabinet door"" above the countertop."
11919,4,images/kitchen/15_segmented_sun_anleedlurkiswrjv.jpg,"[[170, 92], [171, 230], [212, 229], [211, 100]]",cabinet door,0.499,"[[0, 330], [432, 330], [432, 576], [0, 576]]",above,3.286,138.0,42.0,"{""above"": null, ""below"": null, ""left"": 11920, ""right"": 11916, ""top_left"": null, ""top_right"": null, ""bottom_left"": null, ""bottom_right"": null}","{""above"": null, ""below"": null, ""left"": null, ""right"": null, ""top_left"": null, ""top_right"": null, ""bottom_left"": null, ""bottom_right"": ""microwave""}","{'refrigerator': 0.3526, 'coffee machine': 0.276, 'sink': 0.2503, 'stove': 0.3842, 'microwave': 0.2284, 'oven': 0.4745, 'dish rack': 0.4638, 'toaster': 0.4582, 'electronic kettle': 0.4532, 'dish': 0.4496}","{'refrigerator': 121.8, 'coffee machine': 45.95, 'sink': 104.26, 'stove': 43.6, 'microwave': 58.14, 'oven': 58.8, 'dish rack': 58.13, 'toaster': 57.66, 'electronic kettle': 57.29, 'dish': 55.03}",[],cabinet door,{},"Container id 4, is a ""cabinet door"" above the countertop."
11920,5,images/kitchen/15_segmented_sun_anleedlurkiswrjv.jpg,"[[120, 84], [122, 230], [168, 231], [167, 93]]",cabinet door,0.486,"[[0, 330], [432, 330], [432, 576], [0, 576]]",above,3.062,147.0,48.0,"{""above"": null, ""below"": 11926, ""left"": 11927, ""right"": 11919, ""top_left"": null, ""top_right"": null, ""bottom_left"": null, ""bottom_right"": null}","{""above"": null, ""below"": null, ""left"": null, ""right"": null, ""top_left"": null, ""top_right"": null, ""bottom_left"": null, ""bottom_right"": null}","{'refrigerator': 0.3273, 'coffee machine': 0.3273, 'sink': 0.2471, 'stove': 0.4363, 'microwave': 0.2717, 'oven': 0.5148, 'dish rack': 0.5047, 'toaster': 0.4995, 'electronic kettle': 0.4949, 'dish': 0.4931}","{'refrigerator': 111.67, 'coffee machine': 38.31, 'sink': 89.24, 'stove': 38.14, 'microwave': 46.94, 'oven': 52.87, 'dish rack': 52.13, 'toaster': 51.63, 'electronic kettle': 51.24, 'dish': 49.14}",[],cabinet door,{},"Container id 5, is a ""cabinet door"" above the countertop."
11921,6,images/kitchen/15_segmented_sun_anleedlurkiswrjv.jpg,"[[228, 375], [228, 478], [278, 496], [279, 386]]",cabinet door,0.441,"[[0, 330], [432, 330], [432, 576], [0, 576]]",below,2.373,121.0,51.0,"{""above"": null, ""below"": null, ""left"": 11929, ""right"": null, ""top_left"": null, ""top_right"": 11930, ""bottom_left"": null, ""bottom_right"": null}","{""above"": ""microwave"", ""below"": null, ""left"": null, ""right"": null, ""top_left"": null, ""top_right"": null, ""bottom_left"": null, ""bottom_right"": null}","{'refrigerator': 0.2828, 'coffee machine': 0.2069, 'sink': 0.1996, 'stove': 0.2218, 'microwave': 0.1856, 'oven': 0.1621, 'dish rack': 0.1594, 'toaster': 0.159, 'electronic kettle': 0.1585, 'dish': 0.1714}","{'refrigerator': 195.74, 'coffee machine': 300.63, 'sink': 222.1, 'stove': 329.84, 'microwave': 280.59, 'oven': 10.49, 'dish rack': 6.29, 'toaster': 3.88, 'electronic kettle': 1.8, 'dish': 357.33}",[],cabinet door,"{'coffee machine': 2, 'stove': 2, 'microwave': 2, 'oven': 2, 'dish rack': 2, 'toaster': 2, 'electronic kettle': 2, 'dish': 2}","Container id 6, is a ""cabinet door"" below the countertop. Additionally, it is the 2nd closest to the coffee machine, the 2nd closest to the stove, the 2nd closest to the microwave, the 2nd closest to the oven, the 2nd closest to the dish rack, the 2nd closest to the toaster, the 2nd closest to the electronic kettle, and the 2nd closest to the dish."
11922,7,images/kitchen/15_segmented_sun_anleedlurkiswrjv.jpg,"[[165, 389], [121, 401], [127, 518], [168, 499]]",cabinet door,0.42,"[[0, 330], [432, 330], [432, 576], [0, 576]]",below,2.745,129.0,47.0,"{""above"": null, ""below"": null, ""left"": null, ""right"": 11928, ""top_left"": null, ""top_right"": null, ""bottom_left"": null, ""bottom_right"": null}","{""above"": ""sink"", ""below"": null, ""left"": null, ""right"": null, ""top_left"": ""refrigerator"", ""top_right"": null, ""bottom_left"": null, ""bottom_right"": null}","{'refrigerator': 0.159, 'coffee machine': 0.3263, 'sink': 0.1588, 'stove': 0.368, 'microwave': 0.2773, 'oven': 0.3094, 'dish rack': 0.3085, 'toaster': 0.309, 'electronic kettle': 0.3091, 'dish': 0.3229}","{'refrigerator': 219.77, 'coffee machine': 321.52, 'sink': 270.68, 'stove': 338.24, 'microwave': 311.59, 'oven': 0.84, 'dish rack': 358.6, 'toaster': 357.36, 'electronic kettle': 356.29, 'dish': 354.14}",[],cabinet door,{'refrigerator': 1},"Container id 7, is a ""cabinet door"" below the countertop. Additionally, it is the closest to the refrigerator."
11923,8,images/kitchen/15_segmented_sun_anleedlurkiswrjv.jpg,"[[374, 75], [319, 84], [320, 231], [375, 231]]",cabinet door,0.492,"[[0, 330], [432, 330], [432, 576], [0, 576]]",above,2.786,156.0,56.0,"{""above"": null, ""below"": null, ""left"": 11918, ""right"": 11917, ""top_left"": null, ""top_right"": null, ""bottom_left"": null, ""bottom_right"": null}","{""above"": null, ""below"": ""coffee machine"", ""left"": null, ""right"": null, ""top_left"": null, ""top_right"": null, ""bottom_left"": ""microwave"", ""bottom_right"": null}","{'refrigerator': 0.508, 'coffee machine': 0.2102, 'sink': 0.3761, 'stove': 0.2821, 'microwave': 0.2258, 'oven': 0.4173, 'dish rack': 0.4053, 'toaster': 0.3986, 'electronic kettle': 0.3928, 'dish': 0.381}","{'refrigerator': 142.39, 'coffee machine': 96.77, 'sink': 137.73, 'stove': 77.39, 'microwave': 115.19, 'oven': 85.99, 'dish rack': 86.0, 'toaster': 85.9, 'electronic kettle': 85.88, 'dish': 83.83}",[],cabinet door,{},"Container id 8, is a ""cabinet door"" above the countertop."
11924,9,images/kitchen/15_segmented_sun_anleedlurkiswrjv.jpg,"[[2, 64], [0, 190], [60, 192], [59, 75]]",cabinet door,0.446,"[[0, 330], [432, 330], [432, 576], [0, 576]]",above,2.133,128.0,60.0,"{""above"": null, ""below"": null, ""left"": null, ""right"": 11927, ""top_left"": null, ""top_right"": null, ""bottom_left"": null, ""bottom_right"": null}","{""above"": null, ""below"": null, ""left"": null, ""right"": null, ""top_left"": null, ""top_right"": null, ""bottom_left"": null, ""bottom_right"": null}","{'refrigerator': 0.3468, 'coffee machine': 0.4813, 'sink': 0.33, 'stove': 0.5896, 'microwave': 0.4188, 'oven': 0.6508, 'dish rack': 0.6418, 'toaster': 0.6374, 'electronic kettle': 0.6333, 'dish': 0.6343}","{'refrigerator': 83.79, 'coffee machine': 30.39, 'sink': 60.68, 'stove': 31.73, 'microwave': 34.82, 'oven': 43.88, 'dish rack': 43.16, 'toaster': 42.7, 'electronic kettle': 42.33, 'dish': 40.69}",[],cabinet door,{},"Container id 9, is a ""cabinet door"" above the countertop."
11925,10,images/kitchen/15_segmented_sun_anleedlurkiswrjv.jpg,"[[117, 230], [118, 231], [120, 231], [120, 230], [119, 229], [118, 229]]",cabinet door,0.435,"[[0, 330], [432, 330], [432, 576], [0, 576]]",above,0.667,2.0,3.0,"{""above"": null, ""below"": null, ""left"": null, ""right"": null, ""top_left"": null, ""top_right"": null, ""bottom_left"": null, ""bottom_right"": null}","{""above"": null, ""below"": null, ""left"": null, ""right"": null, ""top_left"": null, ""top_right"": null, ""bottom_left"": null, ""bottom_right"": null}","{'refrigerator': 0.2232, 'coffee machine': 0.3106, 'sink': 0.1541, 'stove': 0.4157, 'microwave': 0.2428, 'oven': 0.4665, 'dish rack': 0.4578, 'toaster': 0.4536, 'electronic kettle': 0.4497, 'dish': 0.4515}","{'refrigerator': 112.47, 'coffee machine': 19.75, 'sink': 75.42, 'stove': 24.37, 'microwave': 24.46, 'oven': 42.06, 'dish rack': 41.02, 'toaster': 40.36, 'electronic kettle': 39.82, 'dish': 37.52}",[],cabinet door,{},"Container id 10, is a ""cabinet door"" above the countertop."
11926,11,images/kitchen/15_segmented_sun_anleedlurkiswrjv.jpg,"[[119, 222], [118, 223], [119, 224]]",drawer cabinet door,0.321,"[[0, 330], [432, 330], [432, 576], [0, 576]]",above,2.0,2.0,1.0,"{""above"": null, ""below"": null, ""left"": null, ""right"": null, ""top_left"": null, ""top_right"": null, ""bottom_left"": null, ""bottom_right"": null}","{""above"": null, ""below"": null, ""left"": null, ""right"": null, ""top_left"": null, ""top_right"": null, ""bottom_left"": null, ""bottom_right"": null}","{'refrigerator': 0.2322, 'coffee machine': 0.314, 'sink': 0.1636, 'stove': 0.4198, 'microwave': 0.247, 'oven': 0.473, 'dish rack': 0.4642, 'toaster': 0.4599, 'electronic kettle': 0.456, 'dish': 0.4575}","{'refrigerator': 111.55, 'coffee machine': 21.42, 'sink': 76.28, 'stove': 25.58, 'microwave': 26.52, 'oven': 42.94, 'dish rack': 41.93, 'toaster': 41.29, 'electronic kettle': 40.76, 'dish': 38.49}",[],drawer cabinet door,{},"Container id 11, is above the countertop."
11927,12,images/kitchen/15_segmented_sun_anleedlurkiswrjv.jpg,"[[64, 74], [65, 196], [120, 206], [118, 84]]",cabinet door,0.418,"[[0, 330], [432, 330], [432, 576], [0, 576]]",above,2.357,132.0,56.0,"{""above"": null, ""below"": null, ""left"": 11924, ""right"": 11920, ""top_left"": null, ""top_right"": null, ""bottom_left"": null, ""bottom_right"": null}","{""above"": null, ""below"": null, ""left"": null, ""right"": null, ""top_left"": null, ""top_right"": null, ""bottom_left"": null, ""bottom_right"": null}","{'refrigerator': 0.3347, 'coffee machine': 0.402, 'sink': 0.2846, 'stove': 0.5109, 'microwave': 0.343, 'oven': 0.5819, 'dish rack': 0.5723, 'toaster': 0.5675, 'electronic kettle': 0.5631, 'dish': 0.5625}","{'refrigerator': 98.23, 'coffee machine': 34.89, 'sink': 74.47, 'stove': 35.48, 'microwave': 41.12, 'oven': 48.75, 'dish rack': 48.02, 'toaster': 47.55, 'electronic kettle': 47.17, 'dish': 45.33}",[],cabinet door,{},"Container id 12, is a ""cabinet door"" above the countertop."
11928,13,images/kitchen/15_segmented_sun_anleedlurkiswrjv.jpg,"[[213, 375], [121, 401], [127, 517], [216, 478]]",cabinet door,0.445,"[[0, 330], [432, 330], [432, 576], [0, 576]]",below,1.495,142.0,95.0,"{""above"": null, ""below"": null, ""left"": 11922, ""right"": 11929, ""top_left"": null, ""top_right"": null, ""bottom_left"": null, ""bottom_right"": null}","{""above"": ""sink"", ""below"": null, ""left"": ""refrigerator"", ""right"": null, ""top_left"": null, ""top_right"": ""microwave"", ""bottom_left"": null, ""bottom_right"": null}","{'refrigerator': 0.1793, 'coffee machine': 0.2926, 'sink': 0.1497, 'stove': 0.3324, 'microwave': 0.2464, 'oven': 0.2766, 'dish rack': 0.2752, 'toaster': 0.2754, 'electronic kettle': 0.2752, 'dish': 0.2886}","{'refrigerator': 209.84, 'coffee machine': 319.37, 'sink': 257.87, 'stove': 338.11, 'microwave': 307.72, 'oven': 3.53, 'dish rack': 1.04, 'toaster': 359.64, 'electronic kettle': 358.43, 'dish': 355.93}",[],cabinet door,"{'refrigerator': 2, 'sink': 2}","Container id 13, is a ""cabinet door"" below the countertop. Additionally, it is the 2nd closest to the refrigerator, and the 2nd closest to the sink."
11929,14,images/kitchen/15_segmented_sun_anleedlurkiswrjv.jpg,"[[213, 375], [167, 389], [169, 498], [215, 478]]",drawer,0.37,"[[0, 330], [432, 330], [432, 576], [0, 576]]",below,2.562,123.0,48.0,"{""above"": null, ""below"": null, ""left"": 11922, ""right"": 11921, ""top_left"": null, ""top_right"": null, ""bottom_left"": null, ""bottom_right"": null}","{""above"": null, ""below"": null, ""left"": ""refrigerator"", ""right"": null, ""top_left"": ""sink"", ""top_right"": ""microwave"", ""bottom_left"": null, ""bottom_right"": null}","{'refrigerator': 0.2017, 'coffee machine': 0.2629, 'sink': 0.1489, 'stove': 0.3004, 'microwave': 0.2201, 'oven': 0.2474, 'dish rack': 0.2454, 'toaster': 0.2453, 'electronic kettle': 0.2449, 'dish': 0.2578}","{'refrigerator': 202.9, 'coffee machine': 316.87, 'sink': 245.54, 'stove': 337.86, 'microwave': 303.21, 'oven': 6.45, 'dish rack': 3.68, 'toaster': 2.11, 'electronic kettle': 0.76, 'dish': 357.84}",[],drawer,{'sink': 1},"Container id 14, is a ""drawer"" below the countertop. Additionally, it is the closest to the sink."
11930,15,images/kitchen/15_segmented_sun_anleedlurkiswrjv.jpg,"[[282, 397], [282, 408], [282, 401], [283, 400]]",drawer,0.458,"[[0, 330], [432, 330], [432, 576], [0, 576]]",below,11.0,11.0,1.0,"{""above"": null, ""below"": null, ""left"": null, ""right"": null, ""top_left"": null, ""top_right"": null, ""bottom_left"": null, ""bottom_right"": null}","{""above"": null, ""below"": null, ""left"": null, ""right"": null, ""top_left"": null, ""top_right"": null, ""bottom_left"": null, ""bottom_right"": null}","{'refrigerator': 0.3141, 'coffee machine': 0.1483, 'sink': 0.2084, 'stove': 0.1655, 'microwave': 0.1378, 'oven': 0.1404, 'dish rack': 0.1336, 'toaster': 0.1308, 'electronic kettle': 0.1282, 'dish': 0.136}","{'refrigerator': 185.84, 'coffee machine': 296.05, 'sink': 205.29, 'stove': 336.25, 'microwave': 267.43, 'oven': 31.96, 'dish rack': 27.79, 'toaster': 25.14, 'electronic kettle': 22.84, 'dish': 15.7}",[],drawer,"{'coffee machine': 1, 'stove': 1, 'microwave': 1, 'oven': 1, 'dish rack': 1, 'toaster': 1, 'electronic kettle': 1, 'dish': 1}","Container id 15, is a ""drawer"" below the countertop. Additionally, it is the closest to the coffee machine, the closest to the stove, the closest to the microwave, the closest to the oven, the closest to the dish rack, the closest to the toaster, the closest to the electronic kettle, and the closest to the dish."
11988,1,images/kitchen/6_segmented_sun_althuptvuaxvjman.jpg,"[[337, 0], [334, 87], [410, 86], [415, 1]]",cabinet door,0.424,"[[0, 198], [512, 198], [512, 340], [0, 340]]",above,1.074,87.0,81.0,"{""above"": null, ""below"": null, ""left"": 11989, ""right"": 11991, ""top_left"": null, ""top_right"": null, ""bottom_left"": null, ""bottom_right"": null}","{""above"": null, ""below"": null, ""left"": null, ""right"": null, ""top_left"": null, ""top_right"": null, ""bottom_left"": null, ""bottom_right"": ""refrigerator""}","{'refrigerator': 0.2645, 'dishwasher': 0.3601, 'electronic kettle': 0.3225, 'oven': 0.4859, 'sink': 0.5256, 'stove': 0.4794, 'toaster': 0.4381}","{'refrigerator': 71.06, 'dishwasher': 88.58, 'electronic kettle': 126.61, 'oven': 150.22, 'sink': 143.59, 'stove': 147.89, 'toaster': 149.79}",[],cabinet door,{'refrigerator': 2},"Container id 1, is a ""cabinet door"" above the countertop. Additionally, it is the 2nd closest to the refrigerator."
11989,2,images/kitchen/6_segmented_sun_althuptvuaxvjman.jpg,"[[212, 2], [217, 91], [332, 89], [333, 0]]",cabinet door,0.438,"[[0, 198], [512, 198], [512, 340], [0, 340]]",above,0.752,91.0,121.0,"{""above"": null, ""below"": null, ""left"": 11990, ""right"": 11988, ""top_left"": null, ""top_right"": null, ""bottom_left"": null, ""bottom_right"": null}","{""above"": null, ""below"": null, ""left"": null, ""right"": null, ""top_left"": null, ""top_right"": null, ""bottom_left"": null, ""bottom_right"": null}","{'refrigerator': 0.3509, 'dishwasher': 0.3962, 'electronic kettle': 0.2572, 'oven': 0.3512, 'sink': 0.4033, 'stove': 0.3495, 'toaster': 0.3057}","{'refrigerator': 44.72, 'dishwasher': 64.2, 'electronic kettle': 96.43, 'oven': 137.32, 'sink': 130.05, 'stove': 133.95, 'toaster': 134.72}",[],cabinet door,{},"Container id 2, is a ""cabinet door"" above the countertop."
11990,3,images/kitchen/6_segmented_sun_althuptvuaxvjman.jpg,"[[110, 4], [121, 94], [212, 91], [208, 0]]",cabinet door,0.417,"[[0, 198], [512, 198], [512, 340], [0, 340]]",above,0.922,94.0,102.0,"{""above"": null, ""below"": null, ""left"": null, ""right"": 11989, ""top_left"": null, ""top_right"": null, ""bottom_left"": null, ""bottom_right"": null}","{""above"": null, ""below"": null, ""left"": null, ""right"": null, ""top_left"": null, ""top_right"": null, ""bottom_left"": null, ""bottom_right"": null}","{'refrigerator': 0.494, 'dishwasher': 0.4996, 'electronic kettle': 0.2946, 'oven': 0.2478, 'sink': 0.316, 'stove': 0.2565, 'toaster': 0.2172}","{'refrigerator': 29.6, 'dishwasher': 45.1, 'electronic kettle': 59.08, 'oven': 108.34, 'sink': 104.54, 'stove': 104.07, 'toaster': 99.25}",[],cabinet door,{},"Container id 3, is a ""cabinet door"" above the countertop."
11991,4,images/kitchen/6_segmented_sun_althuptvuaxvjman.jpg,"[[481, 0], [418, 0], [412, 85], [425, 44], [459, 37], [474, 59]]",cabinet door,0.322,"[[0, 198], [512, 198], [512, 340], [0, 340]]",above,1.232,85.0,69.0,"{""above"": null, ""below"": null, ""left"": 11988, ""right"": null, ""top_left"": null, ""top_right"": null, ""bottom_left"": null, ""bottom_right"": null}","{""above"": null, ""below"": null, ""left"": null, ""right"": null, ""top_left"": null, ""top_right"": null, ""bottom_left"": null, ""bottom_right"": null}","{'refrigerator': 0.2616, 'dishwasher': 0.3847, 'electronic kettle': 0.4084, 'oven': 0.5927, 'sink': 0.6271, 'stove': 0.5846, 'toaster': 0.5449}","{'refrigerator': 96.46, 'dishwasher': 106.04, 'electronic kettle': 138.87, 'oven': 154.94, 'sink': 149.13, 'stove': 153.09, 'toaster': 155.01}",[],cabinet door,{'refrigerator': 1},"Container id 4, is a ""cabinet door"" above the countertop. Additionally, it is the closest to the refrigerator."
11992,5,images/kitchen/6_segmented_sun_althuptvuaxvjman.jpg,"[[191, 215], [191, 240], [268, 255], [268, 229]]",drawer,0.316,"[[0, 198], [512, 198], [512, 340], [0, 340]]",below,0.519,40.0,77.0,"{""above"": null, ""below"": null, ""left"": 11993, ""right"": null, ""top_left"": null, ""top_right"": null, ""bottom_left"": null, ""bottom_right"": null}","{""above"": null, ""below"": null, ""left"": null, ""right"": null, ""top_left"": ""stove"", ""top_right"": ""stove"", ""bottom_left"": null, ""bottom_right"": ""electronic kettle""}","{'refrigerator': 0.3267, 'dishwasher': 0.2489, 'electronic kettle': 0.0676, 'oven': 0.1992, 'sink': 0.1879, 'stove': 0.18, 'toaster': 0.1698}","{'refrigerator': 349.24, 'dishwasher': 11.31, 'electronic kettle': 309.28, 'oven': 200.52, 'sink': 179.75, 'stove': 198.23, 'toaster': 212.29}",[],drawer,"{'dishwasher': 1, 'electronic kettle': 1, 'oven': 2, 'sink': 2, 'stove': 2, 'toaster': 2}","Container id 5, is a ""drawer"" below the countertop. Additionally, it is the closest to the dishwasher, the closest to the electronic kettle, the 2nd closest to the oven, the 2nd closest to the sink, the 2nd closest to the stove, and the 2nd closest to the toaster."
11993,6,images/kitchen/6_segmented_sun_althuptvuaxvjman.jpg,"[[142, 205], [146, 265], [188, 253], [189, 215]]",drawer,0.35,"[[0, 198], [512, 198], [512, 340], [0, 340]]",below,1.277,60.0,47.0,"{""above"": null, ""below"": null, ""left"": null, ""right"": 11992, ""top_left"": null, ""top_right"": null, ""bottom_left"": null, ""bottom_right"": null}","{""above"": ""toaster"", ""below"": null, ""left"": ""sink"", ""right"": ""stove"", ""top_left"": ""stove"", ""top_right"": null, ""bottom_left"": null, ""bottom_right"": null}","{'refrigerator': 0.4282, 'dishwasher': 0.3504, 'electronic kettle': 0.1547, 'oven': 0.1087, 'sink': 0.085, 'stove': 0.0881, 'toaster': 0.099}","{'refrigerator': 351.86, 'dishwasher': 8.07, 'electronic kettle': 340.39, 'oven': 219.69, 'sink': 179.18, 'stove': 219.4, 'toaster': 245.78}",[],drawer,"{'dishwasher': 2, 'electronic kettle': 2, 'oven': 1, 'sink': 1, 'stove': 1, 'toaster': 1}","Container id 6, is a ""drawer"" below the countertop. Additionally, it is the 2nd closest to the dishwasher, the 2nd closest to the electronic kettle, the closest to the oven, the closest to the sink, the closest to the stove, and the closest to the toaster."
13142,1,images/kitchen/12_segmented_sun_afphfxkabyerpwkz.jpg,"[[947, 562], [895, 588], [901, 764], [952, 708]]",cabinet door,0.472,"[[0, 462], [1280, 462], [1280, 851], [0, 851]]",below,3.544,202.0,57.0,"{""above"": 13148, ""below"": null, ""left"": null, ""right"": null, ""top_left"": null, ""top_right"": 13152, ""bottom_left"": null, ""bottom_right"": null}","{""above"": null, ""below"": null, ""left"": null, ""right"": null, ""top_left"": null, ""top_right"": null, ""bottom_left"": null, ""bottom_right"": null}",{'sink': 0.182},{'sink': 313.97},[],cabinet door,{},"Container id 1, is a ""cabinet door"" below the countertop."
13143,2,images/kitchen/12_segmented_sun_afphfxkabyerpwkz.jpg,"[[1180, 491], [1181, 631], [1239, 642], [1237, 496]]",cabinet door,0.506,"[[0, 462], [1280, 462], [1280, 851], [0, 851]]",below,2.559,151.0,59.0,"{""above"": null, ""below"": null, ""left"": 13146, ""right"": 13150, ""top_left"": null, ""top_right"": null, ""bottom_left"": null, ""bottom_right"": null}","{""above"": null, ""below"": null, ""left"": null, ""right"": null, ""top_left"": null, ""top_right"": null, ""bottom_left"": null, ""bottom_right"": null}",{'sink': 0.0934},{'sink': 230.55},[],cabinet door,{},"Container id 2, is a ""cabinet door"" below the countertop."
13144,3,images/kitchen/12_segmented_sun_afphfxkabyerpwkz.jpg,"[[652, 527], [656, 549], [721, 556], [717, 532]]",drawer,0.496,"[[0, 462], [1280, 462], [1280, 851], [0, 851]]",below,0.42,29.0,69.0,"{""above"": null, ""below"": 13147, ""left"": null, ""right"": null, ""top_left"": null, ""top_right"": null, ""bottom_left"": null, ""bottom_right"": null}","{""above"": null, ""below"": null, ""left"": null, ""right"": null, ""top_left"": null, ""top_right"": null, ""bottom_left"": null, ""bottom_right"": null}",{'sink': 0.2864},{'sink': 348.62},[],drawer,{},"Container id 3, is a ""drawer"" below the countertop."
13145,4,images/kitchen/12_segmented_sun_afphfxkabyerpwkz.jpg,"[[994, 512], [994, 600], [1067, 612], [1066, 517]]",cabinet door,0.497,"[[0, 462], [1280, 462], [1280, 851], [0, 851]]",below,1.37,100.0,73.0,"{""above"": null, ""below"": null, ""left"": 13149, ""right"": 13146, ""top_left"": null, ""top_right"": null, ""bottom_left"": 13152, ""bottom_right"": null}","{""above"": null, ""below"": null, ""left"": null, ""right"": null, ""top_left"": null, ""top_right"": null, ""bottom_left"": null, ""bottom_right"": null}",{'sink': 0.0896},{'sink': 309.59},[],cabinet door,{'sink': 2},"Container id 4, is a ""cabinet door"" below the countertop. Additionally, it is the 2nd closest to the sink."
13146,5,images/kitchen/12_segmented_sun_afphfxkabyerpwkz.jpg,"[[1072, 519], [1072, 611], [1171, 630], [1170, 525]]",cabinet door,0.5,"[[0, 462], [1280, 462], [1280, 851], [0, 851]]",below,1.121,111.0,99.0,"{""above"": null, ""below"": null, ""left"": 13145, ""right"": 13143, ""top_left"": null, ""top_right"": null, ""bottom_left"": null, ""bottom_right"": null}","{""above"": null, ""below"": null, ""left"": null, ""right"": null, ""top_left"": null, ""top_right"": null, ""bottom_left"": null, ""bottom_right"": null}",{'sink': 0.0762},{'sink': 268.41},[],cabinet door,{'sink': 1},"Container id 5, is a ""cabinet door"" below the countertop. Additionally, it is the closest to the sink."
13147,6,images/kitchen/12_segmented_sun_afphfxkabyerpwkz.jpg,"[[656, 525], [656, 689], [728, 716], [725, 541]]",cabinet door,0.412,"[[0, 462], [1280, 462], [1280, 851], [0, 851]]",below,2.653,191.0,72.0,"{""above"": 13144, ""below"": null, ""left"": null, ""right"": null, ""top_left"": null, ""top_right"": null, ""bottom_left"": null, ""bottom_right"": null}","{""above"": null, ""below"": null, ""left"": null, ""right"": null, ""top_left"": null, ""top_right"": null, ""bottom_left"": null, ""bottom_right"": null}",{'sink': 0.2973},{'sink': 339.02},[],cabinet door,{},"Container id 6, is a ""cabinet door"" below the countertop."
13148,7,images/kitchen/12_segmented_sun_afphfxkabyerpwkz.jpg,"[[947, 518], [894, 536], [896, 580], [947, 557]]",drawer,0.423,"[[0, 462], [1280, 462], [1280, 851], [0, 851]]",below,1.17,62.0,53.0,"{""above"": null, ""below"": 13142, ""left"": null, ""right"": 13151, ""top_left"": null, ""top_right"": null, ""bottom_left"": null, ""bottom_right"": 13152}","{""above"": null, ""below"": null, ""left"": null, ""right"": null, ""top_left"": null, ""top_right"": null, ""bottom_left"": null, ""bottom_right"": null}",{'sink': 0.1419},{'sink': 334.58},[],drawer,{},"Container id 7, is a ""drawer"" below the countertop."
13149,8,images/kitchen/12_segmented_sun_afphfxkabyerpwkz.jpg,"[[987, 505], [950, 518], [952, 552], [988, 536]]",drawer,0.438,"[[0, 462], [1280, 462], [1280, 851], [0, 851]]",below,1.237,47.0,38.0,"{""above"": null, ""below"": null, ""left"": 13151, ""right"": null, ""top_left"": null, ""top_right"": null, ""bottom_left"": null, ""bottom_right"": 13145}","{""above"": null, ""below"": null, ""left"": null, ""right"": null, ""top_left"": null, ""top_right"": null, ""bottom_left"": null, ""bottom_right"": null}",{'sink': 0.108},{'sink': 333.67},[],drawer,{},"Container id 8, is a ""drawer"" below the countertop."
13150,9,images/kitchen/12_segmented_sun_afphfxkabyerpwkz.jpg,"[[1249, 494], [1247, 636], [1279, 646], [1279, 495]]",cabinet door,0.45,"[[0, 462], [1280, 462], [1280, 851], [0, 851]]",below,4.75,152.0,32.0,"{""above"": null, ""below"": null, ""left"": 13143, ""right"": null, ""top_left"": null, ""top_right"": null, ""bottom_left"": null, ""bottom_right"": null}","{""above"": null, ""below"": null, ""left"": null, ""right"": null, ""top_left"": null, ""top_right"": null, ""bottom_left"": null, ""bottom_right"": null}",{'sink': 0.1201},{'sink': 217.99},[],cabinet door,{},"Container id 9, is a ""cabinet door"" below the countertop."
13151,10,images/kitchen/12_segmented_sun_afphfxkabyerpwkz.jpg,"[[987, 505], [896, 534], [894, 578], [988, 537]]",drawer,0.315,"[[0, 462], [1280, 462], [1280, 851], [0, 851]]",below,0.777,73.0,94.0,"{""above"": null, ""below"": 13152, ""left"": 13148, ""right"": 13149, ""top_left"": null, ""top_right"": null, ""bottom_left"": null, ""bottom_right"": null}","{""above"": null, ""below"": null, ""left"": null, ""right"": null, ""top_left"": null, ""top_right"": null, ""bottom_left"": null, ""bottom_right"": null}",{'sink': 0.1274},{'sink': 334.48},[],drawer,{},"Container id 10, is a ""drawer"" below the countertop."
13152,11,images/kitchen/12_segmented_sun_afphfxkabyerpwkz.jpg,"[[987, 540], [950, 561], [956, 703], [991, 663]]",cabinet door,0.366,"[[0, 462], [1280, 462], [1280, 851], [0, 851]]",below,3.976,163.0,41.0,"{""above"": 13149, ""below"": null, ""left"": null, ""right"": null, ""top_left"": 13151, ""top_right"": 13145, ""bottom_left"": 13142, ""bottom_right"": null}","{""above"": null, ""below"": null, ""left"": null, ""right"": null, ""top_left"": null, ""top_right"": null, ""bottom_left"": null, ""bottom_right"": null}",{'sink': 0.1426},{'sink': 312.11},[],cabinet door,{},"Container id 11, is a ""cabinet door"" below the countertop."
13153,12,images/kitchen/12_segmented_sun_afphfxkabyerpwkz.jpg,"[[1279, 189], [1182, 207], [1197, 398], [1279, 395]]",cabinet door,0.317,"[[0, 462], [1280, 462], [1280, 851], [0, 851]]",above,2.155,209.0,97.0,"{""above"": null, ""below"": null, ""left"": null, ""right"": null, ""top_left"": null, ""top_right"": null, ""bottom_left"": null, ""bottom_right"": null}","{""above"": null, ""below"": null, ""left"": null, ""right"": null, ""top_left"": null, ""top_right"": null, ""bottom_left"": null, ""bottom_right"": null}",{'sink': 0.127},{'sink': 126.54},[],cabinet door,{},"Container id 12, is a ""cabinet door"" above the countertop."
13896,1,images/kitchen/26_segmented_sun_apslowdohuttdlkk.jpg,"[[431, 138], [431, 227], [464, 228], [464, 137]]",cabinet door,0.423,"[[0, 272], [700, 272], [700, 467], [0, 467]]",above,2.758,91.0,33.0,"{""above"": null, ""below"": null, ""left"": null, ""right"": 13914, ""top_left"": null, ""top_right"": null, ""bottom_left"": null, ""bottom_right"": null}","{""above"": null, ""below"": null, ""left"": null, ""right"": null, ""top_left"": null, ""top_right"": null, ""bottom_left"": null, ""bottom_right"": null}","{'coffee machine': 0.1401, 'oven': 0.1917, 'stove': 0.1361, 'sink': 0.1374, 'dish': 0.2809, 'microwave': 0.142}","{'coffee machine': 40.44, 'oven': 35.41, 'stove': 117.76, 'sink': 133.77, 'dish': 118.09, 'microwave': 135.68}",[],cabinet door,{},"Container id 1, is a ""cabinet door"" above the countertop."
13897,2,images/kitchen/26_segmented_sun_apslowdohuttdlkk.jpg,"[[548, 122], [525, 126], [526, 227], [550, 226]]",cabinet door,0.462,"[[0, 272], [700, 272], [700, 467], [0, 467]]",above,4.2,105.0,25.0,"{""above"": null, ""below"": null, ""left"": 13916, ""right"": null, ""top_left"": null, ""top_right"": 13911, ""bottom_left"": null, ""bottom_right"": null}","{""above"": null, ""below"": ""coffee machine"", ""left"": null, ""right"": null, ""top_left"": null, ""top_right"": null, ""bottom_left"": null, ""bottom_right"": ""oven""}","{'coffee machine': 0.0995, 'oven': 0.1296, 'stove': 0.2135, 'sink': 0.2287, 'dish': 0.3505, 'microwave': 0.2345}","{'coffee machine': 90.0, 'oven': 67.49, 'stove': 142.81, 'sink': 151.87, 'dish': 132.98, 'microwave': 152.62}",[],cabinet door,{},"Container id 2, is a ""cabinet door"" above the countertop."
13898,3,images/kitchen/26_segmented_sun_apslowdohuttdlkk.jpg,"[[467, 281], [467, 351], [491, 357], [491, 283]]",cabinet door,0.473,"[[0, 272], [700, 272], [700, 467], [0, 467]]",below,3.167,76.0,24.0,"{""above"": null, ""below"": null, ""left"": null, ""right"": 13906, ""top_left"": null, ""top_right"": null, ""bottom_left"": null, ""bottom_right"": null}","{""above"": null, ""below"": null, ""left"": null, ""right"": null, ""top_left"": null, ""top_right"": null, ""bottom_left"": null, ""bottom_right"": null}","{'coffee machine': 0.0985, 'oven': 0.1289, 'stove': 0.1087, 'sink': 0.1462, 'dish': 0.1906, 'microwave': 0.1522}","{'coffee machine': 314.63, 'oven': 337.22, 'stove': 201.94, 'sink': 205.0, 'dish': 152.92, 'microwave': 203.96}",[],cabinet door,{},"Container id 3, is a ""cabinet door"" below the countertop."
13899,4,images/kitchen/26_segmented_sun_apslowdohuttdlkk.jpg,"[[271, 138], [271, 228], [302, 229], [304, 138]]",cabinet door,0.472,"[[0, 272], [700, 272], [700, 467], [0, 467]]",above,2.758,91.0,33.0,"{""above"": null, ""below"": null, ""left"": 13917, ""right"": null, ""top_left"": null, ""top_right"": null, ""bottom_left"": null, ""bottom_right"": null}","{""above"": null, ""below"": null, ""left"": null, ""right"": null, ""top_left"": null, ""top_right"": null, ""bottom_left"": null, ""bottom_right"": null}","{'coffee machine': 0.3107, 'oven': 0.3641, 'stove': 0.1747, 'sink': 0.1372, 'dish': 0.2537, 'microwave': 0.1327}","{'coffee machine': 16.84, 'oven': 17.62, 'stove': 43.18, 'sink': 45.79, 'dish': 76.68, 'microwave': 47.81}",[],cabinet door,{},"Container id 4, is a ""cabinet door"" above the countertop."
13900,5,images/kitchen/26_segmented_sun_apslowdohuttdlkk.jpg,"[[268, 282], [243, 285], [243, 358], [259, 354], [261, 321], [250, 314], [268, 299]]",cabinet door,0.453,"[[0, 272], [700, 272], [700, 467], [0, 467]]",below,3.04,76.0,25.0,"{""above"": null, ""below"": null, ""left"": 13903, ""right"": null, ""top_left"": null, ""top_right"": null, ""bottom_left"": null, ""bottom_right"": null}","{""above"": null, ""below"": null, ""left"": null, ""right"": null, ""top_left"": null, ""top_right"": null, ""bottom_left"": null, ""bottom_right"": null}","{'coffee machine': 0.3411, 'oven': 0.3868, 'stove': 0.1686, 'sink': 0.1453, 'dish': 0.1304, 'microwave': 0.1394}","{'coffee machine': 348.52, 'oven': 352.92, 'stove': 346.84, 'sink': 335.79, 'dish': 43.03, 'microwave': 334.68}",[],cabinet door,{},"Container id 5, is a ""cabinet door"" below the countertop."
13901,6,images/kitchen/26_segmented_sun_apslowdohuttdlkk.jpg,"[[335, 321], [334, 374], [384, 375], [384, 321]]",cabinet door,0.459,"[[0, 272], [700, 272], [700, 467], [0, 467]]",below,1.08,54.0,50.0,"{""above"": null, ""below"": null, ""left"": 13909, ""right"": 13902, ""top_left"": null, ""top_right"": null, ""bottom_left"": null, ""bottom_right"": null}","{""above"": null, ""below"": ""dish"", ""left"": null, ""right"": null, ""top_left"": null, ""top_right"": null, ""bottom_left"": null, ""bottom_right"": null}","{'coffee machine': 0.2364, 'oven': 0.2747, 'stove': 0.0866, 'sink': 0.0976, 'dish': 0.0582, 'microwave': 0.0972}","{'coffee machine': 333.5, 'oven': 341.92, 'stove': 298.65, 'sink': 275.76, 'dish': 118.06, 'microwave': 271.93}",[],cabinet door,"{'stove': 2, 'sink': 2, 'dish': 2, 'microwave': 2}","Container id 6, is a ""cabinet door"" below the countertop. Additionally, it is the 2nd closest to the stove, the 2nd closest to the sink, the 2nd closest to the dish, and the 2nd closest to the microwave."
13902,7,images/kitchen/26_segmented_sun_apslowdohuttdlkk.jpg,"[[388, 320], [387, 375], [436, 375], [436, 321]]",cabinet door,0.471,"[[0, 272], [700, 272], [700, 467], [0, 467]]",below,1.122,55.0,49.0,"{""above"": null, ""below"": null, ""left"": 13901, ""right"": null, ""top_left"": null, ""top_right"": null, ""bottom_left"": null, ""bottom_right"": null}","{""above"": null, ""below"": null, ""left"": null, ""right"": null, ""top_left"": null, ""top_right"": null, ""bottom_left"": ""dish"", ""bottom_right"": null}","{'coffee machine': 0.1827, 'oven': 0.2163, 'stove': 0.0788, 'sink': 0.1105, 'dish': 0.1035, 'microwave': 0.1137}","{'coffee machine': 324.73, 'oven': 336.78, 'stove': 254.62, 'sink': 241.57, 'dish': 150.21, 'microwave': 238.68}",[],cabinet door,{'stove': 1},"Container id 7, is a ""cabinet door"" below the countertop. Additionally, it is the closest to the stove."
13903,8,images/kitchen/26_segmented_sun_apslowdohuttdlkk.jpg,"[[239, 285], [212, 288], [213, 365], [241, 357]]",cabinet door,0.456,"[[0, 272], [700, 272], [700, 467], [0, 467]]",below,2.759,80.0,29.0,"{""above"": null, ""below"": null, ""left"": 13913, ""right"": 13900, ""top_left"": null, ""top_right"": null, ""bottom_left"": null, ""bottom_right"": null}","{""above"": null, ""below"": null, ""left"": null, ""right"": null, ""top_left"": null, ""top_right"": null, ""bottom_left"": null, ""bottom_right"": null}","{'coffee machine': 0.3775, 'oven': 0.423, 'stove': 0.2051, 'sink': 0.1813, 'dish': 0.1532, 'microwave': 0.1753}","{'coffee machine': 348.24, 'oven': 352.29, 'stove': 346.63, 'sink': 337.76, 'dish': 31.45, 'microwave': 336.95}",[],cabinet door,{},"Container id 8, is a ""cabinet door"" below the countertop."
13904,9,images/kitchen/26_segmented_sun_apslowdohuttdlkk.jpg,"[[184, 125], [185, 229], [209, 229], [209, 129]]",cabinet door,0.436,"[[0, 272], [700, 272], [700, 467], [0, 467]]",above,4.16,104.0,25.0,"{""above"": null, ""below"": null, ""left"": null, ""right"": 13912, ""top_left"": 13921, ""top_right"": null, ""bottom_left"": null, ""bottom_right"": null}","{""above"": null, ""below"": null, ""left"": null, ""right"": null, ""top_left"": null, ""top_right"": null, ""bottom_left"": null, ""bottom_right"": null}","{'coffee machine': 0.4159, 'oven': 0.469, 'stove': 0.2662, 'sink': 0.2283, 'dish': 0.3025, 'microwave': 0.2225}","{'coffee machine': 13.38, 'oven': 14.38, 'stove': 28.2, 'sink': 27.27, 'dish': 56.79, 'microwave': 28.04}",[],cabinet door,{},"Container id 9, is a ""cabinet door"" above the countertop."
13905,10,images/kitchen/26_segmented_sun_apslowdohuttdlkk.jpg,"[[523, 286], [524, 366], [543, 367], [547, 287]]",cabinet door,0.465,"[[0, 272], [700, 272], [700, 467], [0, 467]]",below,3.375,81.0,24.0,"{""above"": null, ""below"": null, ""left"": 13906, ""right"": 13908, ""top_left"": null, ""top_right"": null, ""bottom_left"": null, ""bottom_right"": null}","{""above"": ""coffee machine"", ""below"": null, ""left"": null, ""right"": null, ""top_left"": null, ""top_right"": ""oven"", ""bottom_left"": null, ""bottom_right"": null}","{'coffee machine': 0.0803, 'oven': 0.0802, 'stove': 0.174, 'sink': 0.2108, 'dish': 0.2475, 'microwave': 0.217}","{'coffee machine': 272.54, 'oven': 311.55, 'stove': 196.94, 'sink': 199.94, 'dish': 161.96, 'microwave': 199.35}",[],cabinet door,"{'coffee machine': 1, 'oven': 1}","Container id 10, is a ""cabinet door"" below the countertop. Additionally, it is the closest to the coffee machine, and the closest to the oven."
13906,11,images/kitchen/26_segmented_sun_apslowdohuttdlkk.jpg,"[[495, 284], [494, 356], [521, 364], [521, 286]]",cabinet door,0.468,"[[0, 272], [700, 272], [700, 467], [0, 467]]",below,2.963,80.0,27.0,"{""above"": null, ""below"": null, ""left"": 13898, ""right"": 13905, ""top_left"": null, ""top_right"": null, ""bottom_left"": null, ""bottom_right"": null}","{""above"": null, ""below"": null, ""left"": null, ""right"": ""oven"", ""top_left"": null, ""top_right"": ""coffee machine"", ""bottom_left"": null, ""bottom_right"": null}","{'coffee machine': 0.0832, 'oven': 0.1011, 'stove': 0.1426, 'sink': 0.1797, 'dish': 0.2195, 'microwave': 0.1858}","{'coffee machine': 294.92, 'oven': 326.87, 'stove': 198.8, 'sink': 201.94, 'dish': 158.23, 'microwave': 201.19}",[],cabinet door,{'coffee machine': 2},"Container id 11, is a ""cabinet door"" below the countertop. Additionally, it is the 2nd closest to the coffee machine."
13907,12,images/kitchen/26_segmented_sun_apslowdohuttdlkk.jpg,"[[560, 373], [562, 373]]",drawer,0.498,"[[0, 272], [700, 272], [700, 467], [0, 467]]",below,0.0,0.0,2.0,"{""above"": null, ""below"": null, ""left"": null, ""right"": null, ""top_left"": null, ""top_right"": null, ""bottom_left"": null, ""bottom_right"": null}","{""above"": null, ""below"": null, ""left"": null, ""right"": null, ""top_left"": null, ""top_right"": null, ""bottom_left"": null, ""bottom_right"": null}","{'coffee machine': 0.1384, 'oven': 0.1172, 'stove': 0.2248, 'sink': 0.2628, 'dish': 0.268, 'microwave': 0.2685}","{'coffee machine': 258.23, 'oven': 280.51, 'stove': 208.12, 'sink': 208.94, 'dish': 175.42, 'microwave': 208.27}",[],drawer,{},"Container id 12, is a ""drawer"" below the countertop."
13908,13,images/kitchen/26_segmented_sun_apslowdohuttdlkk.jpg,"[[556, 319], [556, 349], [587, 372], [600, 374], [600, 341]]",cabinet door,0.466,"[[0, 272], [700, 272], [700, 467], [0, 467]]",below,1.25,55.0,44.0,"{""above"": null, ""below"": null, ""left"": 13905, ""right"": null, ""top_left"": null, ""top_right"": null, ""bottom_left"": null, ""bottom_right"": null}","{""above"": ""oven"", ""below"": null, ""left"": null, ""right"": null, ""top_left"": null, ""top_right"": null, ""bottom_left"": null, ""bottom_right"": null}","{'coffee machine': 0.1205, 'oven': 0.0891, 'stove': 0.2346, 'sink': 0.2718, 'dish': 0.2934, 'microwave': 0.2778}","{'coffee machine': 245.18, 'oven': 269.39, 'stove': 199.89, 'sink': 201.82, 'dish': 170.68, 'microwave': 201.32}",[],cabinet door,{'oven': 2},"Container id 13, is a ""cabinet door"" below the countertop. Additionally, it is the 2nd closest to the oven."
13909,14,images/kitchen/26_segmented_sun_apslowdohuttdlkk.jpg,"[[330, 360], [326, 362], [325, 364], [325, 375], [331, 375], [332, 374], [331, 361]]",cabinet door,0.379,"[[0, 272], [700, 272], [700, 467], [0, 467]]",below,2.143,15.0,7.0,"{""above"": null, ""below"": null, ""left"": null, ""right"": null, ""top_left"": null, ""top_right"": null, ""bottom_left"": null, ""bottom_right"": null}","{""above"": null, ""below"": null, ""left"": null, ""right"": null, ""top_left"": null, ""top_right"": null, ""bottom_left"": null, ""bottom_right"": null}","{'coffee machine': 0.2794, 'oven': 0.3168, 'stove': 0.1261, 'sink': 0.129, 'dish': 0.0296, 'microwave': 0.1268}","{'coffee machine': 332.57, 'oven': 339.97, 'stove': 308.17, 'sink': 291.02, 'dish': 72.17, 'microwave': 288.27}",[],cabinet door,{'dish': 1},"Container id 14, is a ""cabinet door"" below the countertop. Additionally, it is the closest to the dish."
13910,15,images/kitchen/26_segmented_sun_apslowdohuttdlkk.jpg,"[[283, 320], [282, 375], [307, 375], [312, 342], [318, 336], [330, 338], [331, 321]]",cabinet door,0.436,"[[0, 272], [700, 272], [700, 467], [0, 467]]",below,1.122,55.0,49.0,"{""above"": null, ""below"": null, ""left"": null, ""right"": 13901, ""top_left"": null, ""top_right"": null, ""bottom_left"": null, ""bottom_right"": null}","{""above"": null, ""below"": ""dish"", ""left"": null, ""right"": null, ""top_left"": null, ""top_right"": null, ""bottom_left"": null, ""bottom_right"": null}","{'coffee machine': 0.2894, 'oven': 0.3308, 'stove': 0.1238, 'sink': 0.1157, 'dish': 0.0647, 'microwave': 0.1119}","{'coffee machine': 339.61, 'oven': 345.89, 'stove': 324.82, 'sink': 306.92, 'dish': 60.02, 'microwave': 304.24}",[],cabinet door,{},"Container id 15, is a ""cabinet door"" below the countertop."
13911,16,images/kitchen/26_segmented_sun_apslowdohuttdlkk.jpg,"[[573, 108], [554, 119], [556, 179], [574, 173]]",cabinet door,0.418,"[[0, 272], [700, 272], [700, 467], [0, 467]]",above,3.55,71.0,20.0,"{""above"": null, ""below"": null, ""left"": null, ""right"": 13919, ""top_left"": null, ""top_right"": null, ""bottom_left"": 13897, ""bottom_right"": null}","{""above"": null, ""below"": null, ""left"": null, ""right"": null, ""top_left"": null, ""top_right"": null, ""bottom_left"": null, ""bottom_right"": null}","{'coffee machine': 0.1395, 'oven': 0.157, 'stove': 0.2611, 'sink': 0.2746, 'dish': 0.3989, 'microwave': 0.2802}","{'coffee machine': 103.3, 'oven': 83.59, 'stove': 140.73, 'sink': 148.36, 'dish': 132.8, 'microwave': 149.06}",[],cabinet door,{},"Container id 16, is a ""cabinet door"" above the countertop."
13912,17,images/kitchen/26_segmented_sun_apslowdohuttdlkk.jpg,"[[212, 129], [212, 229], [236, 229], [237, 135]]",cabinet door,0.451,"[[0, 272], [700, 272], [700, 467], [0, 467]]",above,4.0,100.0,25.0,"{""above"": null, ""below"": null, ""left"": 13904, ""right"": 13917, ""top_left"": null, ""top_right"": null, ""bottom_left"": null, ""bottom_right"": null}","{""above"": null, ""below"": null, ""left"": null, ""right"": null, ""top_left"": null, ""top_right"": null, ""bottom_left"": null, ""bottom_right"": null}","{'coffee machine': 0.3835, 'oven': 0.4366, 'stove': 0.2363, 'sink': 0.1983, 'dish': 0.2833, 'microwave': 0.1927}","{'coffee machine': 14.08, 'oven': 15.07, 'stove': 31.31, 'sink': 30.83, 'dish': 61.99, 'microwave': 31.83}",[],cabinet door,{},"Container id 17, is a ""cabinet door"" above the countertop."
13913,18,images/kitchen/26_segmented_sun_apslowdohuttdlkk.jpg,"[[189, 287], [189, 366], [208, 367], [210, 289]]",cabinet door,0.363,"[[0, 272], [700, 272], [700, 467], [0, 467]]",below,3.81,80.0,21.0,"{""above"": null, ""below"": null, ""left"": 13915, ""right"": 13903, ""top_left"": null, ""top_right"": null, ""bottom_left"": null, ""bottom_right"": null}","{""above"": null, ""below"": null, ""left"": null, ""right"": null, ""top_left"": null, ""top_right"": null, ""bottom_left"": null, ""bottom_right"": null}","{'coffee machine': 0.4101, 'oven': 0.4557, 'stove': 0.2376, 'sink': 0.2131, 'dish': 0.1798, 'microwave': 0.2069}","{'coffee machine': 348.59, 'oven': 352.32, 'stove': 347.46, 'sink': 340.02, 'dish': 24.92, 'microwave': 339.41}",[],cabinet door,{},"Container id 18, is a ""cabinet door"" below the countertop."
13914,19,images/kitchen/26_segmented_sun_apslowdohuttdlkk.jpg,"[[493, 132], [472, 138], [475, 228], [496, 226]]",cabinet door,0.46,"[[0, 272], [700, 272], [700, 467], [0, 467]]",above,4.0,96.0,24.0,"{""above"": null, ""below"": null, ""left"": 13896, ""right"": 13916, ""top_left"": null, ""top_right"": null, ""bottom_left"": null, ""bottom_right"": null}","{""above"": null, ""below"": null, ""left"": null, ""right"": null, ""top_left"": null, ""top_right"": null, ""bottom_left"": null, ""bottom_right"": ""coffee machine""}","{'coffee machine': 0.1122, 'oven': 0.1597, 'stove': 0.1623, 'sink': 0.1714, 'dish': 0.3052, 'microwave': 0.1767}","{'coffee machine': 55.68, 'oven': 45.0, 'stove': 131.14, 'sink': 143.88, 'dish': 125.14, 'microwave': 145.13}",[],cabinet door,{},"Container id 19, is a ""cabinet door"" above the countertop."
13915,20,images/kitchen/26_segmented_sun_apslowdohuttdlkk.jpg,"[[179, 306], [148, 321], [148, 376], [181, 373]]",cabinet door,0.439,"[[0, 272], [700, 272], [700, 467], [0, 467]]",below,2.121,70.0,33.0,"{""above"": null, ""below"": null, ""left"": 13920, ""right"": 13913, ""top_left"": null, ""top_right"": null, ""bottom_left"": null, ""bottom_right"": null}","{""above"": null, ""below"": null, ""left"": null, ""right"": null, ""top_left"": null, ""top_right"": null, ""bottom_left"": null, ""bottom_right"": null}","{'coffee machine': 0.4549, 'oven': 0.4998, 'stove': 0.2827, 'sink': 0.259, 'dish': 0.2121, 'microwave': 0.2529}","{'coffee machine': 347.17, 'oven': 350.69, 'stove': 345.35, 'sink': 339.03, 'dish': 15.27, 'microwave': 338.5}",[],cabinet door,{},"Container id 20, is a ""cabinet door"" below the countertop."
13916,21,images/kitchen/26_segmented_sun_apslowdohuttdlkk.jpg,"[[521, 127], [497, 137], [501, 228], [523, 225]]",cabinet door,0.338,"[[0, 272], [700, 272], [700, 467], [0, 467]]",above,3.885,101.0,26.0,"{""above"": null, ""below"": null, ""left"": 13914, ""right"": 13897, ""top_left"": null, ""top_right"": null, ""bottom_left"": null, ""bottom_right"": null}","{""above"": null, ""below"": null, ""left"": null, ""right"": null, ""top_left"": null, ""top_right"": null, ""bottom_left"": null, ""bottom_right"": ""coffee machine""}","{'coffee machine': 0.1, 'oven': 0.1409, 'stove': 0.1859, 'sink': 0.1988, 'dish': 0.3259, 'microwave': 0.2044}","{'coffee machine': 71.46, 'oven': 54.7, 'stove': 138.04, 'sink': 148.76, 'dish': 129.46, 'microwave': 149.71}",[],cabinet door,{},"Container id 21, is a ""cabinet door"" above the countertop."
13917,22,images/kitchen/26_segmented_sun_apslowdohuttdlkk.jpg,"[[240, 134], [239, 228], [262, 229], [262, 138]]",cabinet door,0.382,"[[0, 272], [700, 272], [700, 467], [0, 467]]",above,4.13,95.0,23.0,"{""above"": null, ""below"": null, ""left"": 13912, ""right"": 13899, ""top_left"": null, ""top_right"": null, ""bottom_left"": null, ""bottom_right"": null}","{""above"": null, ""below"": null, ""left"": null, ""right"": null, ""top_left"": null, ""top_right"": null, ""bottom_left"": null, ""bottom_right"": null}","{'coffee machine': 0.3525, 'oven': 0.4057, 'stove': 0.2089, 'sink': 0.1707, 'dish': 0.2681, 'microwave': 0.1655}","{'coffee machine': 15.0, 'oven': 15.94, 'stove': 35.31, 'sink': 35.65, 'dish': 67.74, 'microwave': 36.97}",[],cabinet door,{},"Container id 22, is a ""cabinet door"" above the countertop."
13918,23,images/kitchen/26_segmented_sun_apslowdohuttdlkk.jpg,"[[277, 282], [277, 294], [305, 291], [304, 281]]",cabinet door,0.33,"[[0, 272], [700, 272], [700, 467], [0, 467]]",below,0.464,13.0,28.0,"{""above"": null, ""below"": null, ""left"": null, ""right"": null, ""top_left"": null, ""top_right"": null, ""bottom_left"": null, ""bottom_right"": null}","{""above"": null, ""below"": null, ""left"": null, ""right"": null, ""top_left"": null, ""top_right"": null, ""bottom_left"": null, ""bottom_right"": null}","{'coffee machine': 0.2948, 'oven': 0.3428, 'stove': 0.123, 'sink': 0.0946, 'dish': 0.1349, 'microwave': 0.0883}","{'coffee machine': 353.52, 'oven': 357.81, 'stove': 358.25, 'sink': 344.7, 'dish': 66.39, 'microwave': 343.58}",[],cabinet door,"{'sink': 1, 'microwave': 1}","Container id 23, is a ""cabinet door"" below the countertop. Additionally, it is the closest to the sink, and the closest to the microwave."
13919,24,images/kitchen/26_segmented_sun_apslowdohuttdlkk.jpg,"[[600, 91], [576, 107], [579, 172], [601, 166]]",drawer,0.305,"[[0, 272], [700, 272], [700, 467], [0, 467]]",above,3.24,81.0,25.0,"{""above"": null, ""below"": null, ""left"": 13911, ""right"": null, ""top_left"": null, ""top_right"": null, ""bottom_left"": null, ""bottom_right"": null}","{""above"": null, ""below"": null, ""left"": null, ""right"": null, ""top_left"": null, ""top_right"": null, ""bottom_left"": null, ""bottom_right"": null}","{'coffee machine': 0.1608, 'oven': 0.1692, 'stove': 0.2921, 'sink': 0.3064, 'dish': 0.4284, 'microwave': 0.3121}","{'coffee machine': 112.49, 'oven': 94.03, 'stove': 142.44, 'sink': 149.21, 'dish': 134.53, 'microwave': 149.82}",[],drawer,{},"Container id 24, is a ""drawer"" above the countertop."
13920,25,images/kitchen/26_segmented_sun_apslowdohuttdlkk.jpg,"[[135, 291], [101, 302], [99, 376], [137, 375]]",cabinet door,0.318,"[[0, 272], [700, 272], [700, 467], [0, 467]]",below,2.237,85.0,38.0,"{""above"": null, ""below"": null, ""left"": null, ""right"": 13915, ""top_left"": null, ""top_right"": null, ""bottom_left"": null, ""bottom_right"": null}","{""above"": null, ""below"": null, ""left"": null, ""right"": null, ""top_left"": null, ""top_right"": null, ""bottom_left"": null, ""bottom_right"": null}","{'coffee machine': 0.5066, 'oven': 0.5525, 'stove': 0.334, 'sink': 0.3079, 'dish': 0.2674, 'microwave': 0.3017}","{'coffee machine': 349.59, 'oven': 352.58, 'stove': 349.3, 'sink': 344.33, 'dish': 14.15, 'microwave': 343.99}",[],cabinet door,{},"Container id 25, is a ""cabinet door"" below the countertop."
13921,26,images/kitchen/26_segmented_sun_apslowdohuttdlkk.jpg,"[[86, 74], [88, 118], [177, 151], [176, 121]]",drawer,0.308,"[[0, 272], [700, 272], [700, 467], [0, 467]]",above,0.846,77.0,91.0,"{""above"": null, ""below"": null, ""left"": null, ""right"": null, ""top_left"": null, ""top_right"": null, ""bottom_left"": null, ""bottom_right"": 13904}","{""above"": null, ""below"": null, ""left"": null, ""right"": null, ""top_left"": null, ""top_right"": null, ""bottom_left"": null, ""bottom_right"": null}","{'coffee machine': 0.511, 'oven': 0.5645, 'stove': 0.3702, 'sink': 0.3321, 'dish': 0.4072, 'microwave': 0.3266}","{'coffee machine': 19.43, 'oven': 19.68, 'stove': 32.6, 'sink': 32.47, 'dish': 53.37, 'microwave': 33.08}",[],drawer,{},"Container id 26, is a ""drawer"" above the countertop."
13979,1,images/kitchen/8_segmented_sun_abnipsthatveonrh.jpg,"[[169, 56], [169, 117], [208, 117], [208, 56]]",cabinet door,0.501,"[[0, 184], [320, 184], [320, 234], [0, 234]]",above,1.564,61.0,39.0,"{""above"": null, ""below"": null, ""left"": 13982, ""right"": 13981, ""top_left"": null, ""top_right"": null, ""bottom_left"": null, ""bottom_right"": null}","{""above"": null, ""below"": null, ""left"": null, ""right"": null, ""top_left"": null, ""top_right"": null, ""bottom_left"": null, ""bottom_right"": null}","{'refrigerator': 0.3013, 'toaster': 0.3859, 'coffee machine': 0.3004, 'oven': 0.362, 'stove': 0.357, 'dishwasher': 0.3588}","{'refrigerator': 38.29, 'toaster': 140.57, 'coffee machine': 134.42, 'oven': 83.2, 'stove': 88.79, 'dishwasher': 86.67}",[],cabinet door,{},"Container id 1, is a ""cabinet door"" above the countertop."
13980,2,images/kitchen/8_segmented_sun_abnipsthatveonrh.jpg,"[[125, 60], [98, 64], [98, 119], [129, 119]]",cabinet door,0.489,"[[0, 184], [320, 184], [320, 234], [0, 234]]",above,1.903,59.0,31.0,"{""above"": null, ""below"": null, ""left"": null, ""right"": 13982, ""top_left"": null, ""top_right"": null, ""bottom_left"": null, ""bottom_right"": null}","{""above"": null, ""below"": null, ""left"": null, ""right"": null, ""top_left"": null, ""top_right"": null, ""bottom_left"": null, ""bottom_right"": null}","{'refrigerator': 0.4632, 'toaster': 0.258, 'coffee machine': 0.2053, 'oven': 0.4208, 'stove': 0.4, 'dishwasher': 0.4079}","{'refrigerator': 22.41, 'toaster': 114.35, 'coffee machine': 95.19, 'oven': 56.12, 'stove': 60.12, 'dishwasher': 58.6}",[],cabinet door,{},"Container id 2, is a ""cabinet door"" above the countertop."
13981,3,images/kitchen/8_segmented_sun_abnipsthatveonrh.jpg,"[[246, 47], [214, 51], [211, 116], [242, 116], [242, 90], [248, 86]]",cabinet door,0.49,"[[0, 184], [320, 184], [320, 234], [0, 234]]",above,1.865,69.0,37.0,"{""above"": null, ""below"": null, ""left"": 13979, ""right"": 13983, ""top_left"": null, ""top_right"": null, ""bottom_left"": null, ""bottom_right"": null}","{""above"": null, ""below"": null, ""left"": null, ""right"": null, ""top_left"": null, ""top_right"": null, ""bottom_left"": null, ""bottom_right"": ""refrigerator""}","{'refrigerator': 0.2277, 'toaster': 0.4826, 'coffee machine': 0.3922, 'oven': 0.3719, 'stove': 0.3778, 'dishwasher': 0.3755}","{'refrigerator': 57.56, 'toaster': 148.72, 'coffee machine': 145.87, 'oven': 101.08, 'stove': 106.42, 'dishwasher': 104.43}",[],cabinet door,{'refrigerator': 1},"Container id 3, is a ""cabinet door"" above the countertop. Additionally, it is the closest to the refrigerator."
13982,4,images/kitchen/8_segmented_sun_abnipsthatveonrh.jpg,"[[165, 55], [150, 56], [136, 72], [130, 64], [132, 119], [167, 117]]",cabinet door,0.492,"[[0, 184], [320, 184], [320, 234], [0, 234]]",above,1.73,64.0,37.0,"{""above"": null, ""below"": null, ""left"": 13980, ""right"": 13979, ""top_left"": null, ""top_right"": null, ""bottom_left"": null, ""bottom_right"": null}","{""above"": null, ""below"": null, ""left"": null, ""right"": null, ""top_left"": null, ""top_right"": null, ""bottom_left"": null, ""bottom_right"": null}","{'refrigerator': 0.3971, 'toaster': 0.3237, 'coffee machine': 0.2525, 'oven': 0.4029, 'stove': 0.3889, 'dishwasher': 0.3941}","{'refrigerator': 30.54, 'toaster': 126.5, 'coffee machine': 114.51, 'oven': 68.39, 'stove': 73.09, 'dishwasher': 71.3}",[],cabinet door,{},"Container id 4, is a ""cabinet door"" above the countertop."
13983,5,images/kitchen/8_segmented_sun_abnipsthatveonrh.jpg,"[[288, 40], [255, 46], [254, 86], [286, 86], [293, 79]]",cabinet door,0.417,"[[0, 184], [320, 184], [320, 234], [0, 234]]",above,1.179,46.0,39.0,"{""above"": null, ""below"": null, ""left"": 13981, ""right"": 13986, ""top_left"": null, ""top_right"": null, ""bottom_left"": null, ""bottom_right"": null}","{""above"": null, ""below"": null, ""left"": null, ""right"": null, ""top_left"": null, ""top_right"": null, ""bottom_left"": null, ""bottom_right"": null}","{'refrigerator': 0.2355, 'toaster': 0.5942, 'coffee machine': 0.5031, 'oven': 0.4439, 'stove': 0.4568, 'dishwasher': 0.452}","{'refrigerator': 85.67, 'toaster': 150.42, 'coffee machine': 148.51, 'oven': 113.33, 'stove': 117.53, 'dishwasher': 115.96}",[],cabinet door,{'refrigerator': 2},"Container id 5, is a ""cabinet door"" above the countertop. Additionally, it is the 2nd closest to the refrigerator."
13984,6,images/kitchen/8_segmented_sun_abnipsthatveonrh.jpg,"[[142, 195], [91, 217], [91, 233], [105, 232], [142, 213]]",drawer,0.459,"[[0, 184], [320, 184], [320, 234], [0, 234]]",below,0.745,38.0,51.0,"{""above"": null, ""below"": null, ""left"": 13985, ""right"": null, ""top_left"": null, ""top_right"": null, ""bottom_left"": null, ""bottom_right"": null}","{""above"": ""coffee machine"", ""below"": null, ""left"": null, ""right"": null, ""top_left"": null, ""top_right"": null, ""bottom_left"": null, ""bottom_right"": null}","{'refrigerator': 0.448, 'toaster': 0.1405, 'coffee machine': 0.1193, 'oven': 0.232, 'stove': 0.1966, 'dishwasher': 0.2099}","{'refrigerator': 341.11, 'toaster': 218.05, 'coffee machine': 258.96, 'oven': 6.87, 'stove': 7.37, 'dishwasher': 7.25}",[],drawer,"{'toaster': 2, 'coffee machine': 1, 'oven': 1, 'stove': 1, 'dishwasher': 1}","Container id 6, is a ""drawer"" below the countertop. Additionally, it is the 2nd closest to the toaster, the closest to the coffee machine, the closest to the oven, the closest to the stove, and the closest to the dishwasher."
13985,7,images/kitchen/8_segmented_sun_abnipsthatveonrh.jpg,"[[88, 218], [53, 233], [89, 233]]",drawer,0.316,"[[0, 184], [320, 184], [320, 234], [0, 234]]",below,0.417,15.0,36.0,"{""above"": null, ""below"": null, ""left"": null, ""right"": null, ""top_left"": null, ""top_right"": 13984, ""bottom_left"": null, ""bottom_right"": null}","{""above"": null, ""below"": null, ""left"": null, ""right"": null, ""top_left"": null, ""top_right"": null, ""bottom_left"": null, ""bottom_right"": null}","{'refrigerator': 0.5458, 'toaster': 0.113, 'coffee machine': 0.1594, 'oven': 0.325, 'stove': 0.2897, 'dishwasher': 0.3029}","{'refrigerator': 341.82, 'toaster': 261.87, 'coffee machine': 296.78, 'oven': 0.44, 'stove': 0.0, 'dishwasher': 0.24}",[],drawer,"{'toaster': 1, 'coffee machine': 2, 'oven': 2, 'stove': 2, 'dishwasher': 2}","Container id 7, is a ""drawer"" below the countertop. Additionally, it is the closest to the toaster, the 2nd closest to the coffee machine, the 2nd closest to the oven, the 2nd closest to the stove, and the 2nd closest to the dishwasher."
13986,8,images/kitchen/8_segmented_sun_abnipsthatveonrh.jpg,"[[319, 35], [293, 39], [305, 41], [305, 67], [295, 79], [302, 77], [304, 70], [319, 66]]",cabinet door,0.34,"[[0, 184], [320, 184], [320, 234], [0, 234]]",above,1.692,44.0,26.0,"{""above"": null, ""below"": null, ""left"": 13983, ""right"": null, ""top_left"": null, ""top_right"": null, ""bottom_left"": null, ""bottom_right"": null}","{""above"": null, ""below"": null, ""left"": null, ""right"": null, ""top_left"": null, ""top_right"": null, ""bottom_left"": null, ""bottom_right"": null}","{'refrigerator': 0.2619, 'toaster': 0.6706, 'coffee machine': 0.5789, 'oven': 0.4967, 'stove': 0.5134, 'dishwasher': 0.5071}","{'refrigerator': 102.8, 'toaster': 152.09, 'coffee machine': 150.69, 'oven': 120.44, 'stove': 123.98, 'dishwasher': 122.66}",[],cabinet door,{},"Container id 8, is a ""cabinet door"" above the countertop."
14165,1,images/kitchen/20_segmented_sun_aasmevtpkslccptd.jpg,"[[269, 20], [286, 410], [450, 408], [446, 46]]",cabinet door,0.501,"[[0, 621], [2048, 621], [2048, 1536], [0, 1536]]",above,2.155,390.0,181.0,"{""above"": null, ""below"": null, ""left"": null, ""right"": 14166, ""top_left"": null, ""top_right"": null, ""bottom_left"": null, ""bottom_right"": null}","{""above"": null, ""below"": ""oven"", ""left"": null, ""right"": null, ""top_left"": null, ""top_right"": null, ""bottom_left"": null, ""bottom_right"": null}","{'refrigerator': 0.5434, 'microwave': 0.4763, 'microwave toaster': 0.5368, 'stove': 0.3322, 'oven': 0.3857, 'dish': 0.3377, 'toaster': 0.3678}","{'refrigerator': 30.34, 'microwave': 17.11, 'microwave toaster': 16.95, 'stove': 21.32, 'oven': 25.65, 'dish': 23.3, 'toaster': 18.48}",[],cabinet door,{},"Container id 1, is a ""cabinet door"" above the countertop."
14166,2,images/kitchen/20_segmented_sun_aasmevtpkslccptd.jpg,"[[466, 46], [469, 410], [618, 411], [620, 71]]",cabinet door,0.488,"[[0, 621], [2048, 621], [2048, 1536], [0, 1536]]",above,2.37,365.0,154.0,"{""above"": null, ""below"": null, ""left"": 14165, ""right"": 14174, ""top_left"": null, ""top_right"": null, ""bottom_left"": null, ""bottom_right"": null}","{""above"": null, ""below"": null, ""left"": null, ""right"": null, ""top_left"": null, ""top_right"": null, ""bottom_left"": ""oven"", ""bottom_right"": null}","{'refrigerator': 0.4809, 'microwave': 0.4077, 'microwave toaster': 0.4681, 'stove': 0.2654, 'oven': 0.3209, 'dish': 0.2719, 'toaster': 0.2998}","{'refrigerator': 34.04, 'microwave': 19.31, 'microwave toaster': 18.85, 'stove': 25.8, 'oven': 30.26, 'dish': 28.17, 'toaster': 21.8}",[],cabinet door,{},"Container id 2, is a ""cabinet door"" above the countertop."
14167,3,images/kitchen/20_segmented_sun_aasmevtpkslccptd.jpg,"[[1207, 116], [1094, 138], [1090, 413], [1203, 414], [1203, 332], [1168, 315], [1204, 281]]",cabinet door,0.405,"[[0, 621], [2048, 621], [2048, 1536], [0, 1536]]",above,2.547,298.0,117.0,"{""above"": null, ""below"": null, ""left"": 14171, ""right"": null, ""top_left"": null, ""top_right"": 14180, ""bottom_left"": null, ""bottom_right"": null}","{""above"": null, ""below"": null, ""left"": null, ""right"": null, ""top_left"": null, ""top_right"": null, ""bottom_left"": ""stove"", ""bottom_right"": ""toaster""}","{'refrigerator': 0.2929, 'microwave': 0.1816, 'microwave toaster': 0.2384, 'stove': 0.0951, 'oven': 0.1451, 'dish': 0.1079, 'toaster': 0.0972}","{'refrigerator': 58.09, 'microwave': 39.01, 'microwave toaster': 33.27, 'stove': 92.83, 'oven': 76.64, 'dish': 92.12, 'toaster': 69.1}",[],cabinet door,{},"Container id 3, is a ""cabinet door"" above the countertop."
14168,4,images/kitchen/20_segmented_sun_aasmevtpkslccptd.jpg,"[[1481, 81], [1397, 92], [1394, 429], [1468, 427]]",cabinet door,0.414,"[[0, 621], [2048, 621], [2048, 1536], [0, 1536]]",above,4.0,348.0,87.0,"{""above"": null, ""below"": null, ""left"": null, ""right"": null, ""top_left"": 14170, ""top_right"": 14175, ""bottom_left"": null, ""bottom_right"": null}","{""above"": null, ""below"": null, ""left"": null, ""right"": null, ""top_left"": null, ""top_right"": null, ""bottom_left"": ""toaster"", ""bottom_right"": ""microwave""}","{'refrigerator': 0.2651, 'microwave': 0.1311, 'microwave toaster': 0.171, 'stove': 0.1527, 'oven': 0.1686, 'dish': 0.1615, 'toaster': 0.1241}","{'refrigerator': 79.09, 'microwave': 73.87, 'microwave toaster': 56.39, 'stove': 135.73, 'oven': 114.97, 'dish': 132.3, 'toaster': 124.35}",[],cabinet door,{},"Container id 4, is a ""cabinet door"" above the countertop."
14169,5,images/kitchen/20_segmented_sun_aasmevtpkslccptd.jpg,"[[889, 104], [880, 410], [981, 411], [989, 122]]",cabinet door,0.4,"[[0, 621], [2048, 621], [2048, 1536], [0, 1536]]",above,2.817,307.0,109.0,"{""above"": null, ""below"": null, ""left"": 14179, ""right"": 14171, ""top_left"": null, ""top_right"": null, ""bottom_left"": null, ""bottom_right"": null}","{""above"": null, ""below"": null, ""left"": null, ""right"": null, ""top_left"": null, ""top_right"": null, ""bottom_left"": null, ""bottom_right"": ""stove""}","{'refrigerator': 0.3566, 'microwave': 0.263, 'microwave toaster': 0.3223, 'stove': 0.1356, 'oven': 0.1956, 'dish': 0.1462, 'toaster': 0.1608}","{'refrigerator': 46.47, 'microwave': 28.18, 'microwave toaster': 25.87, 'stove': 50.63, 'oven': 50.56, 'dish': 53.61, 'toaster': 38.75}",[],cabinet door,{},"Container id 5, is a ""cabinet door"" above the countertop."
14170,6,images/kitchen/20_segmented_sun_aasmevtpkslccptd.jpg,"[[1388, 92], [1300, 107], [1300, 277], [1385, 271]]",cabinet door,0.424,"[[0, 621], [2048, 621], [2048, 1536], [0, 1536]]",above,2.102,185.0,88.0,"{""above"": null, ""below"": null, ""left"": 14180, ""right"": null, ""top_left"": null, ""top_right"": null, ""bottom_left"": null, ""bottom_right"": 14168}","{""above"": null, ""below"": null, ""left"": null, ""right"": null, ""top_left"": null, ""top_right"": null, ""bottom_left"": null, ""bottom_right"": null}","{'refrigerator': 0.3004, 'microwave': 0.1696, 'microwave toaster': 0.2142, 'stove': 0.153, 'oven': 0.1838, 'dish': 0.164, 'toaster': 0.1344}","{'refrigerator': 73.37, 'microwave': 64.79, 'microwave toaster': 52.48, 'stove': 118.73, 'oven': 101.08, 'dish': 116.36, 'toaster': 104.73}",[],cabinet door,{},"Container id 6, is a ""cabinet door"" above the countertop."
14171,7,images/kitchen/20_segmented_sun_aasmevtpkslccptd.jpg,"[[1003, 118], [992, 407], [1071, 412], [1085, 134]]",cabinet door,0.43,"[[0, 621], [2048, 621], [2048, 1536], [0, 1536]]",above,3.161,294.0,93.0,"{""above"": null, ""below"": null, ""left"": 14169, ""right"": 14167, ""top_left"": null, ""top_right"": null, ""bottom_left"": null, ""bottom_right"": null}","{""above"": null, ""below"": ""stove"", ""left"": null, ""right"": null, ""top_left"": null, ""top_right"": null, ""bottom_left"": null, ""bottom_right"": null}","{'refrigerator': 0.3283, 'microwave': 0.2271, 'microwave toaster': 0.2855, 'stove': 0.1123, 'oven': 0.1708, 'dish': 0.1244, 'toaster': 0.1301}","{'refrigerator': 51.29, 'microwave': 32.45, 'microwave toaster': 28.97, 'stove': 65.92, 'oven': 60.54, 'dish': 68.04, 'toaster': 49.1}",[],cabinet door,{},"Container id 7, is a ""cabinet door"" above the countertop."
14172,8,images/kitchen/20_segmented_sun_aasmevtpkslccptd.jpg,"[[1742, 51], [1597, 69], [1587, 275], [1723, 262]]",cabinet door,0.44,"[[0, 621], [2048, 621], [2048, 1536], [0, 1536]]",above,1.445,224.0,155.0,"{""above"": null, ""below"": null, ""left"": 14175, ""right"": 14177, ""top_left"": null, ""top_right"": null, ""bottom_left"": null, ""bottom_right"": null}","{""above"": null, ""below"": null, ""left"": null, ""right"": null, ""top_left"": null, ""top_right"": null, ""bottom_left"": null, ""bottom_right"": null}","{'refrigerator': 0.2991, 'microwave': 0.1705, 'microwave toaster': 0.1788, 'stove': 0.2443, 'oven': 0.2477, 'dish': 0.2515, 'toaster': 0.2109}","{'refrigerator': 97.42, 'microwave': 107.88, 'microwave toaster': 88.12, 'stove': 144.19, 'oven': 130.21, 'dish': 141.73, 'toaster': 138.85}",[],cabinet door,{},"Container id 8, is a ""cabinet door"" above the countertop."
14173,9,images/kitchen/20_segmented_sun_aasmevtpkslccptd.jpg,"[[635, 69], [633, 309], [866, 316], [868, 105]]",cabinet door,0.331,"[[0, 621], [2048, 621], [2048, 1536], [0, 1536]]",above,1.051,247.0,235.0,"{""above"": null, ""below"": null, ""left"": 14174, ""right"": 14179, ""top_left"": null, ""top_right"": null, ""bottom_left"": null, ""bottom_right"": null}","{""above"": null, ""below"": null, ""left"": null, ""right"": null, ""top_left"": null, ""top_right"": null, ""bottom_left"": null, ""bottom_right"": null}","{'refrigerator': 0.4252, 'microwave': 0.3381, 'microwave toaster': 0.3978, 'stove': 0.204, 'oven': 0.2631, 'dish': 0.2129, 'toaster': 0.2336}","{'refrigerator': 41.68, 'microwave': 26.04, 'microwave toaster': 24.48, 'stove': 39.24, 'oven': 41.78, 'dish': 41.8, 'toaster': 32.32}",[],cabinet door,{},"Container id 9, is a ""cabinet door"" above the countertop."
14174,10,images/kitchen/20_segmented_sun_aasmevtpkslccptd.jpg,"[[635, 69], [633, 308], [757, 317], [761, 96]]",cabinet door,0.382,"[[0, 621], [2048, 621], [2048, 1536], [0, 1536]]",above,1.938,248.0,128.0,"{""above"": null, ""below"": null, ""left"": 14166, ""right"": 14173, ""top_left"": null, ""top_right"": null, ""bottom_left"": null, ""bottom_right"": null}","{""above"": null, ""below"": null, ""left"": null, ""right"": null, ""top_left"": null, ""top_right"": null, ""bottom_left"": null, ""bottom_right"": null}","{'refrigerator': 0.4417, 'microwave': 0.3575, 'microwave toaster': 0.4174, 'stove': 0.2213, 'oven': 0.2798, 'dish': 0.2296, 'toaster': 0.2521}","{'refrigerator': 39.95, 'microwave': 24.68, 'microwave toaster': 23.39, 'stove': 35.96, 'oven': 39.03, 'dish': 38.45, 'toaster': 29.93}",[],cabinet door,{},"Container id 10, is a ""cabinet door"" above the countertop."
14175,11,images/kitchen/20_segmented_sun_aasmevtpkslccptd.jpg,"[[1586, 67], [1489, 81], [1485, 283], [1575, 284]]",cabinet door,0.399,"[[0, 621], [2048, 621], [2048, 1536], [0, 1536]]",above,2.149,217.0,101.0,"{""above"": null, ""below"": null, ""left"": null, ""right"": 14172, ""top_left"": null, ""top_right"": null, ""bottom_left"": 14168, ""bottom_right"": null}","{""above"": null, ""below"": null, ""left"": null, ""right"": null, ""top_left"": null, ""top_right"": null, ""bottom_left"": null, ""bottom_right"": null}","{'refrigerator': 0.2912, 'microwave': 0.1566, 'microwave toaster': 0.1819, 'stove': 0.2018, 'oven': 0.2138, 'dish': 0.2103, 'toaster': 0.1718}","{'refrigerator': 87.72, 'microwave': 90.79, 'microwave toaster': 72.05, 'stove': 137.14, 'oven': 120.88, 'dish': 134.45, 'toaster': 129.21}",[],cabinet door,{},"Container id 11, is a ""cabinet door"" above the countertop."
14176,12,images/kitchen/20_segmented_sun_aasmevtpkslccptd.jpg,"[[1314, 594], [1314, 642], [1386, 652], [1386, 608]]",drawer,0.403,"[[0, 621], [2048, 621], [2048, 1536], [0, 1536]]",below,0.806,58.0,72.0,"{""above"": null, ""below"": 14183, ""left"": null, ""right"": 14184, ""top_left"": null, ""top_right"": null, ""bottom_left"": null, ""bottom_right"": 14182}","{""above"": null, ""below"": null, ""left"": ""oven"", ""right"": null, ""top_left"": null, ""top_right"": null, ""bottom_left"": null, ""bottom_right"": null}","{'refrigerator': 0.1437, 'microwave': 0.0717, 'microwave toaster': 0.1278, 'stove': 0.0845, 'oven': 0.0391, 'dish': 0.0791, 'toaster': 0.055}","{'refrigerator': 54.54, 'microwave': 346.03, 'microwave toaster': 359.61, 'stove': 205.7, 'oven': 165.85, 'dish': 197.52, 'toaster': 227.98}",[],drawer,"{'stove': 2, 'oven': 1, 'dish': 2, 'toaster': 1}","Container id 12, is a ""drawer"" below the countertop. Additionally, it is the 2nd closest to the stove, the closest to the oven, the 2nd closest to the dish, and the closest to the toaster."
14177,13,images/kitchen/20_segmented_sun_aasmevtpkslccptd.jpg,"[[1813, 31], [1749, 51], [1732, 271], [1795, 262]]",cabinet door,0.397,"[[0, 621], [2048, 621], [2048, 1536], [0, 1536]]",above,2.963,240.0,81.0,"{""above"": null, ""below"": null, ""left"": 14172, ""right"": null, ""top_left"": null, ""top_right"": null, ""bottom_left"": null, ""bottom_right"": null}","{""above"": null, ""below"": null, ""left"": null, ""right"": null, ""top_left"": null, ""top_right"": null, ""bottom_left"": null, ""bottom_right"": null}","{'refrigerator': 0.3116, 'microwave': 0.1917, 'microwave toaster': 0.1865, 'stove': 0.2824, 'oven': 0.2802, 'dish': 0.2887, 'toaster': 0.2472}","{'refrigerator': 105.18, 'microwave': 119.81, 'microwave toaster': 101.47, 'stove': 148.62, 'oven': 136.39, 'dish': 146.38, 'toaster': 144.7}",[],cabinet door,{},"Container id 13, is a ""cabinet door"" above the countertop."
14178,14,images/kitchen/20_segmented_sun_aasmevtpkslccptd.jpg,"[[913, 577], [679, 585], [673, 634], [907, 622]]",drawer,0.356,"[[0, 621], [2048, 621], [2048, 1536], [0, 1536]]",below,0.237,57.0,240.0,"{""above"": null, ""below"": null, ""left"": null, ""right"": null, ""top_left"": null, ""top_right"": null, ""bottom_left"": null, ""bottom_right"": null}","{""above"": null, ""below"": null, ""left"": null, ""right"": null, ""top_left"": null, ""top_right"": null, ""bottom_left"": null, ""bottom_right"": null}","{'refrigerator': 0.3257, 'microwave': 0.2874, 'microwave toaster': 0.3455, 'stove': 0.1444, 'oven': 0.1804, 'dish': 0.143, 'toaster': 0.1838}","{'refrigerator': 22.5, 'microwave': 358.07, 'microwave toaster': 1.12, 'stove': 348.4, 'oven': 5.47, 'dish': 353.49, 'toaster': 349.59}",[],drawer,{},"Container id 14, is a ""drawer"" below the countertop."
14179,15,images/kitchen/20_segmented_sun_aasmevtpkslccptd.jpg,"[[769, 91], [766, 316], [864, 317], [869, 107]]",cabinet door,0.39,"[[0, 621], [2048, 621], [2048, 1536], [0, 1536]]",above,2.194,226.0,103.0,"{""above"": null, ""below"": null, ""left"": 14173, ""right"": 14169, ""top_left"": null, ""top_right"": null, ""bottom_left"": null, ""bottom_right"": null}","{""above"": null, ""below"": null, ""left"": null, ""right"": null, ""top_left"": null, ""top_right"": null, ""bottom_left"": null, ""bottom_right"": null}","{'refrigerator': 0.404, 'microwave': 0.3135, 'microwave toaster': 0.3729, 'stove': 0.1825, 'oven': 0.2421, 'dish': 0.192, 'toaster': 0.2102}","{'refrigerator': 43.8, 'microwave': 27.61, 'microwave toaster': 25.7, 'stove': 43.65, 'oven': 45.32, 'dish': 46.28, 'toaster': 35.39}",[],cabinet door,{},"Container id 15, is a ""cabinet door"" above the countertop."
14180,16,images/kitchen/20_segmented_sun_aasmevtpkslccptd.jpg,"[[1291, 105], [1215, 117], [1211, 284], [1290, 274]]",cabinet door,0.407,"[[0, 621], [2048, 621], [2048, 1536], [0, 1536]]",above,2.237,179.0,80.0,"{""above"": null, ""below"": null, ""left"": null, ""right"": 14170, ""top_left"": null, ""top_right"": null, ""bottom_left"": 14167, ""bottom_right"": null}","{""above"": null, ""below"": null, ""left"": null, ""right"": null, ""top_left"": null, ""top_right"": null, ""bottom_left"": null, ""bottom_right"": null}","{'refrigerator': 0.3096, 'microwave': 0.185, 'microwave toaster': 0.2354, 'stove': 0.1363, 'oven': 0.1771, 'dish': 0.1485, 'toaster': 0.1267}","{'refrigerator': 66.84, 'microwave': 54.29, 'microwave toaster': 45.08, 'stove': 106.1, 'oven': 89.86, 'dish': 104.47, 'toaster': 89.29}",[],cabinet door,{},"Container id 16, is a ""cabinet door"" above the countertop."
14181,17,images/kitchen/20_segmented_sun_aasmevtpkslccptd.jpg,"[[970, 618], [974, 652], [1051, 665], [1067, 661], [1066, 633]]",drawer,0.331,"[[0, 621], [2048, 621], [2048, 1536], [0, 1536]]",below,0.485,47.0,97.0,"{""above"": null, ""below"": null, ""left"": null, ""right"": null, ""top_left"": null, ""top_right"": null, ""bottom_left"": null, ""bottom_right"": null}","{""above"": null, ""below"": null, ""left"": null, ""right"": null, ""top_left"": null, ""top_right"": null, ""bottom_left"": null, ""bottom_right"": null}","{'refrigerator': 0.2364, 'microwave': 0.198, 'microwave toaster': 0.2547, 'stove': 0.0678, 'oven': 0.0888, 'dish': 0.0606, 'toaster': 0.1026}","{'refrigerator': 27.32, 'microwave': 352.5, 'microwave toaster': 357.89, 'stove': 318.22, 'oven': 0.68, 'dish': 327.74, 'toaster': 331.24}",[],drawer,"{'stove': 1, 'dish': 1}","Container id 17, is a ""drawer"" below the countertop. Additionally, it is the closest to the stove, and the closest to the dish."
14182,18,images/kitchen/20_segmented_sun_aasmevtpkslccptd.jpg,"[[1392, 665], [1382, 764], [1450, 772], [1458, 670]]",cabinet door,0.328,"[[0, 621], [2048, 621], [2048, 1536], [0, 1536]]",below,1.408,107.0,76.0,"{""above"": 14184, ""below"": null, ""left"": 14183, ""right"": null, ""top_left"": 14176, ""top_right"": null, ""bottom_left"": null, ""bottom_right"": null}","{""above"": null, ""below"": null, ""left"": null, ""right"": null, ""top_left"": null, ""top_right"": ""microwave"", ""bottom_left"": null, ""bottom_right"": null}","{'refrigerator': 0.0979, 'microwave': 0.0684, 'microwave toaster': 0.1071, 'stove': 0.127, 'oven': 0.0709, 'dish': 0.1194, 'toaster': 0.1007}","{'refrigerator': 55.23, 'microwave': 307.96, 'microwave toaster': 339.5, 'stove': 215.24, 'oven': 202.44, 'dish': 210.4, 'toaster': 230.29}",[],cabinet door,"{'refrigerator': 1, 'microwave': 2, 'microwave toaster': 2}","Container id 18, is a ""cabinet door"" below the countertop. Additionally, it is the closest to the refrigerator, the 2nd closest to the microwave, and the 2nd closest to the microwave toaster."
14183,19,images/kitchen/20_segmented_sun_aasmevtpkslccptd.jpg,"[[1313, 651], [1303, 755], [1376, 765], [1386, 659]]",cabinet door,0.319,"[[0, 621], [2048, 621], [2048, 1536], [0, 1536]]",below,1.373,114.0,83.0,"{""above"": 14176, ""below"": null, ""left"": null, ""right"": 14182, ""top_left"": null, ""top_right"": 14184, ""bottom_left"": null, ""bottom_right"": null}","{""above"": null, ""below"": null, ""left"": ""oven"", ""right"": null, ""top_left"": null, ""top_right"": null, ""bottom_left"": null, ""bottom_right"": null}","{'refrigerator': 0.1202, 'microwave': 0.0874, 'microwave toaster': 0.1342, 'stove': 0.1014, 'oven': 0.0426, 'dish': 0.0925, 'toaster': 0.0812}","{'refrigerator': 44.63, 'microwave': 325.17, 'microwave toaster': 345.55, 'stove': 223.1, 'oven': 212.77, 'dish': 217.59, 'toaster': 244.74}",[],cabinet door,"{'refrigerator': 2, 'oven': 2, 'toaster': 2}","Container id 19, is a ""cabinet door"" below the countertop. Additionally, it is the 2nd closest to the refrigerator, the 2nd closest to the oven, and the 2nd closest to the toaster."
14184,20,images/kitchen/20_segmented_sun_aasmevtpkslccptd.jpg,"[[1396, 612], [1395, 656], [1460, 663], [1461, 614]]",drawer,0.396,"[[0, 621], [2048, 621], [2048, 1536], [0, 1536]]",below,0.773,51.0,66.0,"{""above"": null, ""below"": 14182, ""left"": 14176, ""right"": null, ""top_left"": null, ""top_right"": null, ""bottom_left"": 14183, ""bottom_right"": null}","{""above"": null, ""below"": null, ""left"": null, ""right"": null, ""top_left"": null, ""top_right"": ""microwave"", ""bottom_left"": null, ""bottom_right"": null}","{'refrigerator': 0.1241, 'microwave': 0.045, 'microwave toaster': 0.0975, 'stove': 0.1144, 'oven': 0.0686, 'dish': 0.1097, 'toaster': 0.0813}","{'refrigerator': 64.77, 'microwave': 330.55, 'microwave toaster': 356.67, 'stove': 201.24, 'oven': 176.0, 'dish': 195.11, 'toaster': 214.15}",[],drawer,"{'microwave': 1, 'microwave toaster': 1}","Container id 20, is a ""drawer"" below the countertop. Additionally, it is the closest to the microwave, and the closest to the microwave toaster."
14352,1,images/kitchen/16_segmented_sun_abwmjfnrmqjdltxn.jpg,"[[473, 455], [478, 657], [594, 660], [593, 456]]",cabinet door,0.513,"[[0, 462], [1136, 462], [1136, 852], [0, 852]]",below,1.694,205.0,121.0,"{""above"": null, ""below"": null, ""left"": 14353, ""right"": 14354, ""top_left"": null, ""top_right"": null, ""bottom_left"": null, ""bottom_right"": null}","{""above"": ""oven"", ""below"": null, ""left"": null, ""right"": null, ""top_left"": null, ""top_right"": null, ""bottom_left"": null, ""bottom_right"": null}","{'coffee machine': 0.2076, 'stove': 0.1202, 'refrigerator': 0.4186, 'sink': 0.3541, 'electronic kettle': 0.167, 'oven': 0.1137}","{'coffee machine': 226.89, 'stove': 272.92, 'refrigerator': 339.83, 'sink': 194.72, 'electronic kettle': 292.32, 'oven': 278.19}",[],cabinet door,"{'stove': 1, 'oven': 1}","Container id 1, is a ""cabinet door"" below the countertop. Additionally, it is the closest to the stove, and the closest to the oven."
14353,2,images/kitchen/16_segmented_sun_abwmjfnrmqjdltxn.jpg,"[[350, 454], [357, 653], [469, 657], [463, 455]]",cabinet door,0.506,"[[0, 462], [1136, 462], [1136, 852], [0, 852]]",below,1.706,203.0,119.0,"{""above"": null, ""below"": null, ""left"": 14357, ""right"": 14352, ""top_left"": null, ""top_right"": null, ""bottom_left"": null, ""bottom_right"": null}","{""above"": null, ""below"": null, ""left"": null, ""right"": null, ""top_left"": ""coffee machine"", ""top_right"": ""stove"", ""bottom_left"": null, ""bottom_right"": null}","{'coffee machine': 0.1594, 'stove': 0.1512, 'refrigerator': 0.5016, 'sink': 0.2695, 'electronic kettle': 0.2151, 'oven': 0.1521}","{'coffee machine': 250.18, 'stove': 308.44, 'refrigerator': 343.46, 'sink': 199.15, 'electronic kettle': 314.7, 'oven': 313.17}",[],cabinet door,{},"Container id 2, is a ""cabinet door"" below the countertop."
14354,3,images/kitchen/16_segmented_sun_abwmjfnrmqjdltxn.jpg,"[[603, 455], [603, 660], [722, 664], [726, 458]]",cabinet door,0.498,"[[0, 462], [1136, 462], [1136, 852], [0, 852]]",below,1.699,209.0,123.0,"{""above"": null, ""below"": null, ""left"": 14352, ""right"": 14358, ""top_left"": null, ""top_right"": null, ""bottom_left"": null, ""bottom_right"": null}","{""above"": null, ""below"": null, ""left"": null, ""right"": null, ""top_left"": ""oven"", ""top_right"": null, ""bottom_left"": null, ""bottom_right"": null}","{'coffee machine': 0.2786, 'stove': 0.1482, 'refrigerator': 0.3355, 'sink': 0.4428, 'electronic kettle': 0.1584, 'oven': 0.1363}","{'coffee machine': 213.35, 'stove': 235.13, 'refrigerator': 334.21, 'sink': 191.93, 'electronic kettle': 260.03, 'oven': 236.8}",[],cabinet door,{},"Container id 3, is a ""cabinet door"" below the countertop."
14355,4,images/kitchen/16_segmented_sun_abwmjfnrmqjdltxn.jpg,"[[160, 392], [166, 414], [235, 411], [232, 389]]",drawer,0.453,"[[0, 462], [1136, 462], [1136, 852], [0, 852]]",above,0.333,25.0,75.0,"{""above"": null, ""below"": null, ""left"": null, ""right"": 14361, ""top_left"": null, ""top_right"": null, ""bottom_left"": 14362, ""bottom_right"": null}","{""above"": null, ""below"": null, ""left"": null, ""right"": null, ""top_left"": null, ""top_right"": null, ""bottom_left"": null, ""bottom_right"": null}","{'coffee machine': 0.1038, 'stove': 0.2431, 'refrigerator': 0.6307, 'sink': 0.1074, 'electronic kettle': 0.3036, 'oven': 0.253}","{'coffee machine': 336.09, 'stove': 357.53, 'refrigerator': 356.83, 'sink': 169.52, 'electronic kettle': 351.48, 'oven': 359.32}",[],drawer,{},"Container id 4, is a ""drawer"" above the countertop."
14356,5,images/kitchen/16_segmented_sun_abwmjfnrmqjdltxn.jpg,"[[844, 384], [682, 383], [678, 411], [771, 413], [798, 401], [837, 410]]",drawer,0.53,"[[0, 462], [1136, 462], [1136, 852], [0, 852]]",above,0.181,30.0,166.0,"{""above"": null, ""below"": null, ""left"": null, ""right"": null, ""top_left"": null, ""top_right"": null, ""bottom_left"": null, ""bottom_right"": null}","{""above"": null, ""below"": null, ""left"": null, ""right"": null, ""top_left"": ""electronic kettle"", ""top_right"": null, ""bottom_left"": null, ""bottom_right"": null}","{'coffee machine': 0.3093, 'stove': 0.1588, 'refrigerator': 0.2308, 'sink': 0.5075, 'electronic kettle': 0.1105, 'oven': 0.1485}","{'coffee machine': 187.66, 'stove': 183.49, 'refrigerator': 351.52, 'sink': 177.7, 'electronic kettle': 203.55, 'oven': 180.84}",[],drawer,"{'refrigerator': 1, 'electronic kettle': 1}","Container id 5, is a ""drawer"" above the countertop. Additionally, it is the closest to the refrigerator, and the closest to the electronic kettle."
14357,6,images/kitchen/16_segmented_sun_abwmjfnrmqjdltxn.jpg,"[[278, 454], [287, 648], [347, 655], [341, 456]]",cabinet door,0.463,"[[0, 462], [1136, 462], [1136, 852], [0, 852]]",below,2.913,201.0,69.0,"{""above"": null, ""below"": null, ""left"": null, ""right"": 14353, ""top_left"": null, ""top_right"": null, ""bottom_left"": null, ""bottom_right"": null}","{""above"": ""coffee machine"", ""below"": null, ""left"": null, ""right"": null, ""top_left"": null, ""top_right"": null, ""bottom_left"": null, ""bottom_right"": null}","{'coffee machine': 0.1496, 'stove': 0.2, 'refrigerator': 0.5668, 'sink': 0.206, 'electronic kettle': 0.2667, 'oven': 0.2041}","{'coffee machine': 275.33, 'stove': 324.07, 'refrigerator': 345.52, 'sink': 205.08, 'electronic kettle': 325.3, 'oven': 327.43}",[],cabinet door,{},"Container id 6, is a ""cabinet door"" below the countertop."
14358,7,images/kitchen/16_segmented_sun_abwmjfnrmqjdltxn.jpg,"[[734, 455], [731, 662], [795, 666], [805, 459]]",cabinet door,0.451,"[[0, 462], [1136, 462], [1136, 852], [0, 852]]",below,2.851,211.0,74.0,"{""above"": null, ""below"": null, ""left"": 14354, ""right"": null, ""top_left"": null, ""top_right"": null, ""bottom_left"": null, ""bottom_right"": null}","{""above"": null, ""below"": null, ""left"": null, ""right"": null, ""top_left"": null, ""top_right"": null, ""bottom_left"": null, ""bottom_right"": null}","{'coffee machine': 0.3418, 'stove': 0.1992, 'refrigerator': 0.2727, 'sink': 0.514, 'electronic kettle': 0.186, 'oven': 0.1866}","{'coffee machine': 206.79, 'stove': 217.94, 'refrigerator': 327.42, 'sink': 190.36, 'electronic kettle': 237.55, 'oven': 218.03}",[],cabinet door,{},"Container id 7, is a ""cabinet door"" below the countertop."
14359,8,images/kitchen/16_segmented_sun_abwmjfnrmqjdltxn.jpg,"[[147, 392], [106, 400], [107, 424], [147, 415]]",drawer,0.412,"[[0, 462], [1136, 462], [1136, 852], [0, 852]]",above,0.78,32.0,41.0,"{""above"": null, ""below"": 14362, ""left"": null, ""right"": null, ""top_left"": null, ""top_right"": null, ""bottom_left"": null, ""bottom_right"": null}","{""above"": null, ""below"": null, ""left"": null, ""right"": null, ""top_left"": null, ""top_right"": null, ""bottom_left"": null, ""bottom_right"": null}","{'coffee machine': 0.1525, 'stove': 0.2937, 'refrigerator': 0.6812, 'sink': 0.0573, 'electronic kettle': 0.354, 'oven': 0.3034}","{'coffee machine': 342.26, 'stove': 357.09, 'refrigerator': 356.7, 'sink': 164.68, 'electronic kettle': 351.99, 'oven': 358.6}",[],drawer,{'sink': 1},"Container id 8, is a ""drawer"" above the countertop. Additionally, it is the closest to the sink."
14360,9,images/kitchen/16_segmented_sun_abwmjfnrmqjdltxn.jpg,"[[422, 88], [295, 95], [298, 289], [433, 284]]",cabinet door,0.486,"[[0, 462], [1136, 462], [1136, 852], [0, 852]]",above,1.457,201.0,138.0,"{""above"": null, ""below"": null, ""left"": null, ""right"": null, ""top_left"": null, ""top_right"": null, ""bottom_left"": null, ""bottom_right"": null}","{""above"": null, ""below"": ""coffee machine"", ""left"": null, ""right"": null, ""top_left"": null, ""top_right"": null, ""bottom_left"": null, ""bottom_right"": null}","{'coffee machine': 0.1095, 'stove': 0.1888, 'refrigerator': 0.5271, 'sink': 0.2783, 'electronic kettle': 0.2125, 'oven': 0.2012}","{'coffee machine': 100.75, 'stove': 47.48, 'refrigerator': 12.58, 'sink': 142.56, 'electronic kettle': 29.52, 'oven': 46.81}",[],cabinet door,{},"Container id 9, is a ""cabinet door"" above the countertop."
14361,10,images/kitchen/16_segmented_sun_abwmjfnrmqjdltxn.jpg,"[[238, 389], [240, 414], [287, 410], [287, 397], [279, 384], [242, 385]]",drawer,0.378,"[[0, 462], [1136, 462], [1136, 852], [0, 852]]",above,0.612,30.0,49.0,"{""above"": null, ""below"": null, ""left"": 14355, ""right"": null, ""top_left"": null, ""top_right"": null, ""bottom_left"": null, ""bottom_right"": null}","{""above"": null, ""below"": null, ""left"": null, ""right"": null, ""top_left"": null, ""top_right"": null, ""bottom_left"": null, ""bottom_right"": null}","{'coffee machine': 0.063, 'stove': 0.198, 'refrigerator': 0.5856, 'sink': 0.1524, 'electronic kettle': 0.2585, 'oven': 0.208}","{'coffee machine': 322.3, 'stove': 357.98, 'refrigerator': 356.93, 'sink': 171.3, 'electronic kettle': 350.78, 'oven': 0.15}",[],drawer,{'coffee machine': 2},"Container id 10, is a ""drawer"" above the countertop. Additionally, it is the 2nd closest to the coffee machine."
14362,11,images/kitchen/16_segmented_sun_abwmjfnrmqjdltxn.jpg,"[[147, 389], [104, 402], [117, 537], [141, 526], [129, 461], [152, 451]]",cabinet door,0.356,"[[0, 462], [1136, 462], [1136, 852], [0, 852]]",below,3.083,148.0,48.0,"{""above"": 14359, ""below"": 14367, ""left"": null, ""right"": null, ""top_left"": null, ""top_right"": 14355, ""bottom_left"": 14363, ""bottom_right"": null}","{""above"": null, ""below"": null, ""left"": ""sink"", ""right"": null, ""top_left"": null, ""top_right"": null, ""bottom_left"": null, ""bottom_right"": null}","{'coffee machine': 0.1648, 'stove': 0.2945, 'refrigerator': 0.681, 'sink': 0.0629, 'electronic kettle': 0.3578, 'oven': 0.3032}","{'coffee machine': 329.36, 'stove': 349.75, 'refrigerator': 353.53, 'sink': 200.84, 'electronic kettle': 345.95, 'oven': 351.49}",[],cabinet door,{},"Container id 11, is a ""cabinet door"" below the countertop."
14363,12,images/kitchen/16_segmented_sun_abwmjfnrmqjdltxn.jpg,"[[100, 447], [10, 476], [24, 588], [109, 544]]",cabinet door,0.342,"[[0, 462], [1136, 462], [1136, 852], [0, 852]]",below,1.424,141.0,99.0,"{""above"": null, ""below"": null, ""left"": null, ""right"": 14367, ""top_left"": null, ""top_right"": 14362, ""bottom_left"": null, ""bottom_right"": null}","{""above"": ""sink"", ""below"": null, ""left"": null, ""right"": null, ""top_left"": null, ""top_right"": null, ""bottom_left"": null, ""bottom_right"": null}","{'coffee machine': 0.2268, 'stove': 0.3514, 'refrigerator': 0.7355, 'sink': 0.0602, 'electronic kettle': 0.416, 'oven': 0.3593}","{'coffee machine': 327.72, 'stove': 345.24, 'refrigerator': 351.09, 'sink': 261.59, 'electronic kettle': 342.66, 'oven': 346.8}",[],cabinet door,{'sink': 2},"Container id 12, is a ""cabinet door"" below the countertop. Additionally, it is the 2nd closest to the sink."
14364,13,images/kitchen/16_segmented_sun_abwmjfnrmqjdltxn.jpg,"[[438, 409], [435, 391], [293, 393], [295, 413]]",drawer,0.488,"[[0, 462], [1136, 462], [1136, 852], [0, 852]]",above,0.152,22.0,145.0,"{""above"": null, ""below"": null, ""left"": 14361, ""right"": null, ""top_left"": null, ""top_right"": null, ""bottom_left"": null, ""bottom_right"": null}","{""above"": ""coffee machine"", ""below"": null, ""left"": null, ""right"": null, ""top_left"": null, ""top_right"": null, ""bottom_left"": null, ""bottom_right"": null}","{'coffee machine': 0.0478, 'stove': 0.1258, 'refrigerator': 0.5133, 'sink': 0.2241, 'electronic kettle': 0.1881, 'oven': 0.1354}","{'coffee machine': 241.64, 'stove': 355.21, 'refrigerator': 356.11, 'sink': 175.0, 'electronic kettle': 346.17, 'oven': 358.73}",[],drawer,"{'coffee machine': 1, 'stove': 2, 'oven': 2}","Container id 13, is a ""drawer"" above the countertop. Additionally, it is the closest to the coffee machine, the 2nd closest to the stove, and the 2nd closest to the oven."
14365,14,images/kitchen/16_segmented_sun_abwmjfnrmqjdltxn.jpg,"[[698, 78], [689, 279], [751, 279], [762, 82]]",cabinet door,0.302,"[[0, 462], [1136, 462], [1136, 852], [0, 852]]",above,2.753,201.0,73.0,"{""above"": null, ""below"": null, ""left"": null, ""right"": 14366, ""top_left"": null, ""top_right"": null, ""bottom_left"": null, ""bottom_right"": null}","{""above"": null, ""below"": null, ""left"": null, ""right"": null, ""top_left"": null, ""top_right"": null, ""bottom_left"": null, ""bottom_right"": null}","{'coffee machine': 0.2988, 'stove': 0.1941, 'refrigerator': 0.2859, 'sink': 0.508, 'electronic kettle': 0.1319, 'oven': 0.1935}","{'coffee machine': 157.52, 'stove': 131.28, 'refrigerator': 25.14, 'sink': 159.74, 'electronic kettle': 122.42, 'oven': 127.57}",[],cabinet door,{'electronic kettle': 2},"Container id 14, is a ""cabinet door"" above the countertop. Additionally, it is the 2nd closest to the electronic kettle."
14366,15,images/kitchen/16_segmented_sun_abwmjfnrmqjdltxn.jpg,"[[834, 76], [693, 81], [691, 282], [838, 281]]",cabinet door,0.44,"[[0, 462], [1136, 462], [1136, 852], [0, 852]]",above,1.401,206.0,147.0,"{""above"": null, ""below"": null, ""left"": 14365, ""right"": null, ""top_left"": null, ""top_right"": null, ""bottom_left"": null, ""bottom_right"": null}","{""above"": null, ""below"": null, ""left"": null, ""right"": null, ""top_left"": null, ""top_right"": null, ""bottom_left"": null, ""bottom_right"": null}","{'coffee machine': 0.3242, 'stove': 0.2129, 'refrigerator': 0.2611, 'sink': 0.5337, 'electronic kettle': 0.1482, 'oven': 0.2111}","{'coffee machine': 159.43, 'stove': 136.9, 'refrigerator': 27.64, 'sink': 160.8, 'electronic kettle': 131.49, 'oven': 133.55}",[],cabinet door,{'refrigerator': 2},"Container id 15, is a ""cabinet door"" above the countertop. Additionally, it is the 2nd closest to the refrigerator."
14367,16,images/kitchen/16_segmented_sun_abwmjfnrmqjdltxn.jpg,"[[148, 418], [109, 430], [117, 537], [142, 525], [129, 460], [151, 452]]",cabinet door,0.305,"[[0, 462], [1136, 462], [1136, 852], [0, 852]]",below,2.833,119.0,42.0,"{""above"": 14362, ""below"": null, ""left"": 14363, ""right"": null, ""top_left"": null, ""top_right"": null, ""bottom_left"": null, ""bottom_right"": null}","{""above"": null, ""below"": null, ""left"": ""sink"", ""right"": null, ""top_left"": null, ""top_right"": null, ""bottom_left"": null, ""bottom_right"": null}","{'coffee machine': 0.1676, 'stove': 0.2951, 'refrigerator': 0.6811, 'sink': 0.0661, 'electronic kettle': 0.3588, 'oven': 0.3036}","{'coffee machine': 327.31, 'stove': 348.47, 'refrigerator': 352.97, 'sink': 205.95, 'electronic kettle': 344.91, 'oven': 350.24}",[],cabinet door,{},"Container id 16, is a ""cabinet door"" below the countertop."
14597,1,images/kitchen/4_segmented_sun_aitjzvdsvqtarrmr.jpg,"[[215, 456], [61, 488], [91, 704], [118, 740], [243, 703]]",cabinet door,0.372,"[[0, 328], [1024, 328], [1024, 768], [0, 768]]",below,1.56,284.0,182.0,"{""above"": 14598, ""below"": null, ""left"": null, ""right"": null, ""top_left"": null, ""top_right"": null, ""bottom_left"": null, ""bottom_right"": null}","{""above"": null, ""below"": null, ""left"": null, ""right"": null, ""top_left"": null, ""top_right"": ""oven"", ""bottom_left"": null, ""bottom_right"": null}","{'dishwasher': 0.4844, 'oven': 0.1801, 'electronic kettle': 0.3322, 'stove': 0.2873, 'sink': 0.496}","{'dishwasher': 341.38, 'oven': 302.5, 'electronic kettle': 311.74, 'stove': 306.99, 'sink': 334.16}",[],cabinet door,{'oven': 2},"Container id 1, is a ""cabinet door"" below the countertop. Additionally, it is the 2nd closest to the oven."
14598,2,images/kitchen/4_segmented_sun_aitjzvdsvqtarrmr.jpg,"[[196, 239], [33, 249], [117, 298], [40, 328], [118, 742], [243, 703]]",drawer,0.328,"[[0, 328], [1024, 328], [1024, 768], [0, 768]]",below,2.395,503.0,210.0,"{""above"": null, ""below"": 14597, ""left"": null, ""right"": null, ""top_left"": null, ""top_right"": null, ""bottom_left"": null, ""bottom_right"": null}","{""above"": null, ""below"": null, ""left"": null, ""right"": ""oven"", ""top_left"": null, ""top_right"": null, ""bottom_left"": null, ""bottom_right"": null}","{'dishwasher': 0.4756, 'oven': 0.1133, 'electronic kettle': 0.2571, 'stove': 0.2054, 'sink': 0.4676}","{'dishwasher': 359.41, 'oven': 358.91, 'electronic kettle': 337.57, 'stove': 337.16, 'sink': 351.84}",[],drawer,"{'oven': 1, 'stove': 2}","Container id 2, is a ""drawer"" below the countertop. Additionally, it is the closest to the oven, and the 2nd closest to the stove."
14599,3,images/kitchen/4_segmented_sun_aitjzvdsvqtarrmr.jpg,"[[600, 341], [594, 459], [649, 486], [682, 477], [686, 364]]",cabinet door,0.348,"[[0, 328], [1024, 328], [1024, 768], [0, 768]]",below,1.576,145.0,92.0,"{""above"": null, ""below"": null, ""left"": null, ""right"": null, ""top_left"": null, ""top_right"": null, ""bottom_left"": null, ""bottom_right"": null}","{""above"": null, ""below"": null, ""left"": null, ""right"": ""dishwasher"", ""top_left"": null, ""top_right"": ""sink"", ""bottom_left"": null, ""bottom_right"": null}","{'dishwasher': 0.0712, 'oven': 0.2912, 'electronic kettle': 0.1931, 'stove': 0.2291, 'sink': 0.0878}","{'dishwasher': 356.76, 'oven': 180.25, 'electronic kettle': 210.25, 'stove': 200.14, 'sink': 311.72}",[],cabinet door,"{'dishwasher': 1, 'electronic kettle': 2, 'sink': 1}","Container id 3, is a ""cabinet door"" below the countertop. Additionally, it is the closest to the dishwasher, the 2nd closest to the electronic kettle, and the closest to the sink."
14600,4,images/kitchen/4_segmented_sun_aitjzvdsvqtarrmr.jpg,"[[471, 334], [472, 455], [528, 460], [530, 337]]",cabinet door,0.333,"[[0, 328], [1024, 328], [1024, 768], [0, 768]]",below,2.136,126.0,59.0,"{""above"": null, ""below"": null, ""left"": null, ""right"": null, ""top_left"": null, ""top_right"": null, ""bottom_left"": null, ""bottom_right"": null}","{""above"": null, ""below"": null, ""left"": ""stove"", ""right"": null, ""top_left"": ""electronic kettle"", ""top_right"": null, ""bottom_left"": null, ""bottom_right"": null}","{'dishwasher': 0.183, 'oven': 0.1815, 'electronic kettle': 0.0933, 'stove': 0.1185, 'sink': 0.1747}","{'dishwasher': 5.82, 'oven': 173.26, 'electronic kettle': 233.2, 'stove': 208.38, 'sink': 345.76}",[],cabinet door,"{'dishwasher': 2, 'electronic kettle': 1, 'stove': 1, 'sink': 2}","Container id 4, is a ""cabinet door"" below the countertop. Additionally, it is the 2nd closest to the dishwasher, the closest to the electronic kettle, the closest to the stove, and the 2nd closest to the sink."
15056,1,images/kitchen/5_segmented_sun_ajpanclprxjlugfr.jpg,"[[229, 111], [228, 173], [255, 183], [255, 114]]",cabinet door,0.461,"[[0, 104], [256, 104], [256, 256], [0, 256]]",below,2.667,72.0,27.0,"{""above"": null, ""below"": null, ""left"": 15058, ""right"": null, ""top_left"": null, ""top_right"": null, ""bottom_left"": null, ""bottom_right"": null}","{""above"": null, ""below"": null, ""left"": null, ""right"": null, ""top_left"": null, ""top_right"": null, ""bottom_left"": null, ""bottom_right"": null}","{'oven': 0.1881, 'dishwasher': 0.1881}","{'oven': 201.76, 'dishwasher': 201.76}",[],cabinet door,"{'oven': 2, 'dishwasher': 2}","Container id 1, is a ""cabinet door"" below the countertop. Additionally, it is the 2nd closest to the oven, and the 2nd closest to the dishwasher."
15057,2,images/kitchen/5_segmented_sun_ajpanclprxjlugfr.jpg,"[[184, 22], [171, 24], [172, 69], [185, 69]]",cabinet door,0.382,"[[0, 104], [256, 104], [256, 256], [0, 256]]",above,3.357,47.0,14.0,"{""above"": null, ""below"": null, ""left"": null, ""right"": 15060, ""top_left"": null, ""top_right"": null, ""bottom_left"": null, ""bottom_right"": null}","{""above"": null, ""below"": null, ""left"": null, ""right"": null, ""top_left"": null, ""top_right"": null, ""bottom_left"": null, ""bottom_right"": null}","{'oven': 0.2044, 'dishwasher': 0.2044}","{'oven': 89.61, 'dishwasher': 89.61}",[],cabinet door,{},"Container id 2, is a ""cabinet door"" above the countertop."
15058,3,images/kitchen/5_segmented_sun_ajpanclprxjlugfr.jpg,"[[193, 105], [192, 138], [218, 147], [220, 153], [207, 166], [226, 172], [226, 112]]",cabinet door,0.408,"[[0, 104], [256, 104], [256, 256], [0, 256]]",below,1.971,67.0,34.0,"{""above"": null, ""below"": null, ""left"": null, ""right"": 15056, ""top_left"": null, ""top_right"": null, ""bottom_left"": null, ""bottom_right"": null}","{""above"": null, ""below"": null, ""left"": ""oven"", ""right"": null, ""top_left"": null, ""top_right"": null, ""bottom_left"": null, ""bottom_right"": null}","{'oven': 0.1098, 'dishwasher': 0.1098}","{'oven': 213.35, 'dishwasher': 213.35}",[],cabinet door,"{'oven': 1, 'dishwasher': 1}","Container id 3, is a ""cabinet door"" below the countertop. Additionally, it is the closest to the oven, and the closest to the dishwasher."
15059,4,images/kitchen/5_segmented_sun_ajpanclprxjlugfr.jpg,"[[186, 22], [187, 68], [216, 70], [217, 21]]",cabinet door,0.32,"[[0, 104], [256, 104], [256, 256], [0, 256]]",above,1.581,49.0,31.0,"{""above"": null, ""below"": null, ""left"": 15060, ""right"": null, ""top_left"": null, ""top_right"": null, ""bottom_left"": null, ""bottom_right"": null}","{""above"": null, ""below"": null, ""left"": null, ""right"": null, ""top_left"": null, ""top_right"": null, ""bottom_left"": null, ""bottom_right"": null}","{'oven': 0.216, 'dishwasher': 0.216}","{'oven': 107.1, 'dishwasher': 107.1}",[],cabinet door,{},"Container id 4, is a ""cabinet door"" above the countertop."
15060,5,images/kitchen/5_segmented_sun_ajpanclprxjlugfr.jpg,"[[202, 20], [186, 22], [189, 69], [201, 68]]",cabinet door,0.317,"[[0, 104], [256, 104], [256, 256], [0, 256]]",above,3.062,49.0,16.0,"{""above"": null, ""below"": null, ""left"": 15057, ""right"": 15059, ""top_left"": null, ""top_right"": null, ""bottom_left"": null, ""bottom_right"": null}","{""above"": null, ""below"": null, ""left"": null, ""right"": null, ""top_left"": null, ""top_right"": null, ""bottom_left"": null, ""bottom_right"": null}","{'oven': 0.2125, 'dishwasher': 0.2125}","{'oven': 102.0, 'dishwasher': 102.0}",[],cabinet door,{},"Container id 5, is a ""cabinet door"" above the countertop."
15415,1,images/kitchen/6_segmented_sun_arddicicgsnredyc.jpg,"[[238, 1], [235, 48], [299, 50], [299, 0]]",cabinet door,0.499,"[[0, 141], [300, 141], [300, 225], [0, 225]]",above,0.781,50.0,64.0,"{""above"": null, ""below"": null, ""left"": 15416, ""right"": null, ""top_left"": null, ""top_right"": null, ""bottom_left"": null, ""bottom_right"": null}","{""above"": null, ""below"": null, ""left"": null, ""right"": null, ""top_left"": null, ""top_right"": null, ""bottom_left"": null, ""bottom_right"": null}","{'coffee machine': 0.3709, 'dish drying': 0.2454, 'oven': 0.2919, 'stove': 0.5678, 'sink': 0.691, 'electronic kettle': 0.6418}","{'coffee machine': 143.33, 'dish drying': 106.44, 'oven': 83.87, 'stove': 149.52, 'sink': 151.98, 'electronic kettle': 148.56}",[],cabinet door,"{'dish drying': 2, 'oven': 1}","Container id 1, is a ""cabinet door"" above the countertop. Additionally, it is the 2nd closest to the dish drying, and the closest to the oven."
15416,2,images/kitchen/6_segmented_sun_arddicicgsnredyc.jpg,"[[187, 0], [189, 37], [222, 40], [229, 34], [227, 41], [212, 45], [232, 46], [235, 1]]",cabinet door,0.367,"[[0, 141], [300, 141], [300, 225], [0, 225]]",above,0.958,46.0,48.0,"{""above"": null, ""below"": null, ""left"": 15418, ""right"": 15415, ""top_left"": null, ""top_right"": null, ""bottom_left"": null, ""bottom_right"": null}","{""above"": null, ""below"": null, ""left"": null, ""right"": null, ""top_left"": null, ""top_right"": null, ""bottom_left"": null, ""bottom_right"": null}","{'coffee machine': 0.2616, 'dish drying': 0.2299, 'oven': 0.3219, 'stove': 0.446, 'sink': 0.5657, 'electronic kettle': 0.5207}","{'coffee machine': 128.01, 'dish drying': 73.08, 'oven': 58.65, 'stove': 142.32, 'sink': 146.85, 'electronic kettle': 142.16}",[],cabinet door,{'dish drying': 1},"Container id 2, is a ""cabinet door"" above the countertop. Additionally, it is the closest to the dish drying."
15417,3,images/kitchen/6_segmented_sun_arddicicgsnredyc.jpg,"[[136, 1], [134, 44], [170, 44], [179, 33], [180, 1]]",cabinet door,0.359,"[[0, 141], [300, 141], [300, 225], [0, 225]]",above,0.935,43.0,46.0,"{""above"": null, ""below"": null, ""left"": null, ""right"": 15416, ""top_left"": null, ""top_right"": null, ""bottom_left"": null, ""bottom_right"": null}","{""above"": null, ""below"": null, ""left"": null, ""right"": null, ""top_left"": null, ""top_right"": null, ""bottom_left"": null, ""bottom_right"": null}","{'coffee machine': 0.2221, 'dish drying': 0.3214, 'oven': 0.4315, 'stove': 0.3518, 'sink': 0.4576, 'electronic kettle': 0.424}","{'coffee machine': 92.48, 'dish drying': 47.18, 'oven': 42.33, 'stove': 124.94, 'sink': 134.74, 'electronic kettle': 127.77}",[],cabinet door,{'coffee machine': 2},"Container id 3, is a ""cabinet door"" above the countertop. Additionally, it is the 2nd closest to the coffee machine."
15418,4,images/kitchen/6_segmented_sun_arddicicgsnredyc.jpg,"[[128, 1], [129, 47], [234, 45], [235, 0]]",cabinet door,0.317,"[[0, 141], [300, 141], [300, 225], [0, 225]]",above,0.439,47.0,107.0,"{""above"": null, ""below"": null, ""left"": 15417, ""right"": 15416, ""top_left"": null, ""top_right"": null, ""bottom_left"": null, ""bottom_right"": null}","{""above"": null, ""below"": null, ""left"": null, ""right"": null, ""top_left"": null, ""top_right"": null, ""bottom_left"": null, ""bottom_right"": null}","{'coffee machine': 0.2353, 'dish drying': 0.2882, 'oven': 0.3934, 'stove': 0.3905, 'sink': 0.5024, 'electronic kettle': 0.4643}","{'coffee machine': 106.66, 'dish drying': 56.14, 'oven': 48.41, 'stove': 131.61, 'sink': 139.14, 'electronic kettle': 133.15}",[],cabinet door,{},"Container id 4, is a ""cabinet door"" above the countertop."
15419,5,images/kitchen/6_segmented_sun_arddicicgsnredyc.jpg,"[[118, 166], [121, 191], [238, 201], [237, 177]]",drawer,0.424,"[[0, 141], [300, 141], [300, 225], [0, 225]]",below,0.292,35.0,120.0,"{""above"": null, ""below"": 15420, ""left"": null, ""right"": null, ""top_left"": null, ""top_right"": null, ""bottom_left"": null, ""bottom_right"": null}","{""above"": null, ""below"": null, ""left"": ""oven"", ""right"": null, ""top_left"": ""stove"", ""top_right"": ""oven"", ""bottom_left"": null, ""bottom_right"": null}","{'coffee machine': 0.2111, 'dish drying': 0.253, 'oven': 0.3006, 'stove': 0.2858, 'sink': 0.385, 'electronic kettle': 0.3221}","{'coffee machine': 253.64, 'dish drying': 311.78, 'oven': 333.56, 'stove': 208.42, 'sink': 194.95, 'electronic kettle': 196.08}",[],drawer,"{'coffee machine': 1, 'oven': 2, 'stove': 1, 'sink': 2, 'electronic kettle': 2}","Container id 5, is a ""drawer"" below the countertop. Additionally, it is the closest to the coffee machine, the 2nd closest to the oven, the closest to the stove, the 2nd closest to the sink, and the 2nd closest to the electronic kettle."
15420,6,images/kitchen/6_segmented_sun_arddicicgsnredyc.jpg,"[[110, 161], [112, 223], [236, 222], [238, 172]]",drawer,0.329,"[[0, 141], [300, 141], [300, 225], [0, 225]]",below,0.484,62.0,128.0,"{""above"": 15419, ""below"": null, ""left"": null, ""right"": null, ""top_left"": null, ""top_right"": null, ""bottom_left"": null, ""bottom_right"": null}","{""above"": null, ""below"": null, ""left"": ""oven"", ""right"": null, ""top_left"": ""stove"", ""top_right"": ""oven"", ""bottom_left"": null, ""bottom_right"": null}","{'coffee machine': 0.236, 'dish drying': 0.2826, 'oven': 0.3247, 'stove': 0.2905, 'sink': 0.3821, 'electronic kettle': 0.32}","{'coffee machine': 258.4, 'dish drying': 309.72, 'oven': 329.98, 'stove': 214.53, 'sink': 199.57, 'electronic kettle': 201.62}",[],drawer,"{'stove': 2, 'sink': 1, 'electronic kettle': 1}","Container id 6, is a ""drawer"" below the countertop. Additionally, it is the 2nd closest to the stove, the closest to the sink, and the closest to the electronic kettle."
15436,1,images/kitchen/5_segmented_sun_avaaxiemmqbibywj.jpg,"[[0, 166], [0, 180], [35, 174], [35, 164], [3, 165], [3, 168]]",drawer,0.485,"[[0, 140], [256, 140], [256, 256], [0, 256]]",below,0.457,16.0,35.0,"{""above"": null, ""below"": null, ""left"": null, ""right"": 15437, ""top_left"": null, ""top_right"": null, ""bottom_left"": null, ""bottom_right"": null}","{""above"": null, ""below"": null, ""left"": null, ""right"": null, ""top_left"": null, ""top_right"": null, ""bottom_left"": null, ""bottom_right"": null}",{'stove': 0.2807},{'stove': 351.8},[],drawer,{},"Container id 1, is a ""drawer"" below the countertop."
15437,2,images/kitchen/5_segmented_sun_avaaxiemmqbibywj.jpg,"[[66, 158], [40, 161], [39, 173], [67, 170]]",drawer,0.425,"[[0, 140], [256, 140], [256, 256], [0, 256]]",below,0.536,15.0,28.0,"{""above"": null, ""below"": null, ""left"": 15436, ""right"": null, ""top_left"": null, ""top_right"": null, ""bottom_left"": null, ""bottom_right"": null}","{""above"": null, ""below"": null, ""left"": null, ""right"": null, ""top_left"": null, ""top_right"": null, ""bottom_left"": null, ""bottom_right"": null}",{'stove': 0.1689},{'stove': 350.11},[],drawer,{'stove': 1},"Container id 2, is a ""drawer"" below the countertop. Additionally, it is the closest to the stove."
15438,3,images/kitchen/5_segmented_sun_avaaxiemmqbibywj.jpg,"[[192, 122], [192, 133], [196, 136], [196, 139], [206, 140], [206, 122]]",cabinet door,0.318,"[[0, 140], [256, 140], [256, 256], [0, 256]]",below,1.286,18.0,14.0,"{""above"": null, ""below"": null, ""left"": null, ""right"": null, ""top_left"": null, ""top_right"": null, ""bottom_left"": null, ""bottom_right"": null}","{""above"": null, ""below"": null, ""left"": null, ""right"": null, ""top_left"": null, ""top_right"": null, ""bottom_left"": null, ""bottom_right"": null}",{'stove': 0.2426},{'stove': 164.82},[],cabinet door,{},"Container id 3, is a ""cabinet door"" below the countertop."
15439,4,images/kitchen/5_segmented_sun_avaaxiemmqbibywj.jpg,"[[178, 207]]",cabinet door,0.302,"[[0, 140], [256, 140], [256, 256], [0, 256]]",below,0.0,0.0,0.0,"{""above"": null, ""below"": null, ""left"": null, ""right"": null, ""top_left"": null, ""top_right"": null, ""bottom_left"": null, ""bottom_right"": null}","{""above"": null, ""below"": null, ""left"": null, ""right"": null, ""top_left"": null, ""top_right"": null, ""bottom_left"": null, ""bottom_right"": null}",{'stove': 0.2294},{'stove': 218.77},[],cabinet door,{'stove': 2},"Container id 4, is a ""cabinet door"" below the countertop. Additionally, it is the 2nd closest to the stove."
15440,5,images/kitchen/5_segmented_sun_avaaxiemmqbibywj.jpg,"[[191, 206], [141, 226], [138, 255], [192, 255]]",cabinet door,0.309,"[[0, 140], [256, 140], [256, 256], [0, 256]]",below,0.907,49.0,54.0,"{""above"": null, ""below"": null, ""left"": null, ""right"": null, ""top_left"": null, ""top_right"": null, ""bottom_left"": null, ""bottom_right"": null}","{""above"": null, ""below"": null, ""left"": null, ""right"": null, ""top_left"": null, ""top_right"": null, ""bottom_left"": null, ""bottom_right"": null}",{'stove': 0.2651},{'stove': 237.01},[],cabinet door,{},"Container id 5, is a ""cabinet door"" below the countertop."
15755,1,images/kitchen/17_segmented_sun_ahqykyyouxkgmdnq.jpg,"[[1939, 312], [1765, 355], [1766, 712], [1954, 712], [1955, 593], [1902, 566], [1949, 530]]",cabinet door,0.375,"[[0, 900], [2592, 900], [2592, 1944], [0, 1944]]",above,2.105,400.0,190.0,"{""above"": 15758, ""below"": null, ""left"": 15762, ""right"": 15771, ""top_left"": null, ""top_right"": 15759, ""bottom_left"": null, ""bottom_right"": null}","{""above"": null, ""below"": null, ""left"": null, ""right"": null, ""top_left"": null, ""top_right"": null, ""bottom_left"": null, ""bottom_right"": null}","{'oven': 0.2287, 'sink': 0.45, 'stove': 0.1708}","{'oven': 92.13, 'sink': 152.24, 'stove': 49.74}",[],cabinet door,{},"Container id 1, is a ""cabinet door"" above the countertop."
15756,2,images/kitchen/17_segmented_sun_ahqykyyouxkgmdnq.jpg,"[[1656, 967], [1474, 978], [1476, 1344], [1660, 1331]]",cabinet door,0.417,"[[0, 900], [2592, 900], [2592, 1944], [0, 1944]]",below,2.027,377.0,186.0,"{""above"": null, ""below"": null, ""left"": null, ""right"": null, ""top_left"": null, ""top_right"": null, ""bottom_left"": null, ""bottom_right"": null}","{""above"": null, ""below"": null, ""left"": null, ""right"": ""oven"", ""top_left"": null, ""top_right"": null, ""bottom_left"": null, ""bottom_right"": null}","{'oven': 0.0992, 'sink': 0.299, 'stove': 0.2185}","{'oven': 22.98, 'sink': 176.21, 'stove': 344.21}",[],cabinet door,{},"Container id 2, is a ""cabinet door"" below the countertop."
15757,3,images/kitchen/17_segmented_sun_ahqykyyouxkgmdnq.jpg,"[[2325, 187], [2175, 219], [2180, 726], [2326, 722]]",cabinet door,0.353,"[[0, 900], [2592, 900], [2592, 1944], [0, 1944]]",above,3.57,539.0,151.0,"{""above"": null, ""below"": null, ""left"": 15759, ""right"": null, ""top_left"": 15761, ""top_right"": 15765, ""bottom_left"": null, ""bottom_right"": null}","{""above"": null, ""below"": null, ""left"": null, ""right"": null, ""top_left"": null, ""top_right"": null, ""bottom_left"": null, ""bottom_right"": null}","{'oven': 0.2793, 'sink': 0.5606, 'stove': 0.154}","{'oven': 115.46, 'sink': 155.42, 'stove': 90.43}",[],cabinet door,{},"Container id 3, is a ""cabinet door"" above the countertop."
15758,4,images/kitchen/17_segmented_sun_ahqykyyouxkgmdnq.jpg,"[[1974, 286], [1970, 286], [1968, 287], [1968, 291], [1970, 292], [1973, 291], [1975, 289], [1975, 287]]",cabinet door,0.422,"[[0, 900], [2592, 900], [2592, 1944], [0, 1944]]",above,0.857,6.0,7.0,"{""above"": null, ""below"": null, ""left"": null, ""right"": null, ""top_left"": null, ""top_right"": null, ""bottom_left"": null, ""bottom_right"": null}","{""above"": null, ""below"": null, ""left"": null, ""right"": null, ""top_left"": null, ""top_right"": null, ""bottom_left"": null, ""bottom_right"": null}","{'oven': 0.308, 'sink': 0.5116, 'stove': 0.2247}","{'oven': 96.28, 'sink': 145.86, 'stove': 67.71}",[],cabinet door,{},"Container id 4, is a ""cabinet door"" above the countertop."
15759,5,images/kitchen/17_segmented_sun_ahqykyyouxkgmdnq.jpg,"[[2160, 242], [1982, 279], [1954, 313], [1961, 487], [2165, 449]]",cabinet door,0.347,"[[0, 900], [2592, 900], [2592, 1944], [0, 1944]]",above,1.161,245.0,211.0,"{""above"": null, ""below"": 15771, ""left"": null, ""right"": 15757, ""top_left"": 15758, ""top_right"": 15760, ""bottom_left"": 15755, ""bottom_right"": null}","{""above"": null, ""below"": null, ""left"": null, ""right"": null, ""top_left"": null, ""top_right"": null, ""bottom_left"": null, ""bottom_right"": null}","{'oven': 0.2914, 'sink': 0.5197, 'stove': 0.198}","{'oven': 101.11, 'sink': 149.09, 'stove': 71.52}",[],cabinet door,{},"Container id 5, is a ""cabinet door"" above the countertop."
15760,6,images/kitchen/17_segmented_sun_ahqykyyouxkgmdnq.jpg,"[[2116, 241], [2119, 244], [2122, 244], [2129, 239], [2126, 237], [2119, 237], [2116, 239]]",cabinet door,0.383,"[[0, 900], [2592, 900], [2592, 1944], [0, 1944]]",above,0.538,7.0,13.0,"{""above"": null, ""below"": null, ""left"": null, ""right"": null, ""top_left"": null, ""top_right"": null, ""bottom_left"": null, ""bottom_right"": null}","{""above"": null, ""below"": null, ""left"": null, ""right"": null, ""top_left"": null, ""top_right"": null, ""bottom_left"": null, ""bottom_right"": null}","{'oven': 0.3309, 'sink': 0.5583, 'stove': 0.2263}","{'oven': 103.95, 'sink': 147.24, 'stove': 80.05}",[],cabinet door,{},"Container id 6, is a ""cabinet door"" above the countertop."
15761,7,images/kitchen/17_segmented_sun_ahqykyyouxkgmdnq.jpg,"[[2162, 226], [2160, 224], [2150, 225], [2144, 229], [2148, 233], [2159, 233]]",drawer,0.388,"[[0, 900], [2592, 900], [2592, 1944], [0, 1944]]",above,0.5,9.0,18.0,"{""above"": null, ""below"": null, ""left"": null, ""right"": null, ""top_left"": null, ""top_right"": null, ""bottom_left"": null, ""bottom_right"": null}","{""above"": null, ""below"": null, ""left"": null, ""right"": null, ""top_left"": null, ""top_right"": null, ""bottom_left"": null, ""bottom_right"": null}","{'oven': 0.337, 'sink': 0.5688, 'stove': 0.2284}","{'oven': 105.48, 'sink': 147.48, 'stove': 82.71}",[],drawer,{},"Container id 7, is a ""drawer"" above the countertop."
15762,8,images/kitchen/17_segmented_sun_ahqykyyouxkgmdnq.jpg,"[[1606, 377], [1604, 702], [1746, 712], [1745, 388]]",cabinet door,0.392,"[[0, 900], [2592, 900], [2592, 1944], [0, 1944]]",above,2.359,335.0,142.0,"{""above"": null, ""below"": null, ""left"": 15769, ""right"": 15755, ""top_left"": null, ""top_right"": null, ""bottom_left"": null, ""bottom_right"": null}","{""above"": null, ""below"": null, ""left"": null, ""right"": null, ""top_left"": null, ""top_right"": null, ""bottom_left"": null, ""bottom_right"": null}","{'oven': 0.2343, 'sink': 0.3918, 'stove': 0.2187}","{'oven': 75.72, 'sink': 147.92, 'stove': 36.11}",[],cabinet door,{},"Container id 8, is a ""cabinet door"" above the countertop."
15763,9,images/kitchen/17_segmented_sun_ahqykyyouxkgmdnq.jpg,"[[1399, 350], [1396, 710], [1752, 713], [1748, 351]]",cabinet door,0.362,"[[0, 900], [2592, 900], [2592, 1944], [0, 1944]]",above,1.02,363.0,356.0,"{""above"": null, ""below"": null, ""left"": 15769, ""right"": 15762, ""top_left"": null, ""top_right"": null, ""bottom_left"": null, ""bottom_right"": null}","{""above"": null, ""below"": null, ""left"": null, ""right"": null, ""top_left"": null, ""top_right"": null, ""bottom_left"": null, ""bottom_right"": null}","{'oven': 0.2479, 'sink': 0.3681, 'stove': 0.247}","{'oven': 68.93, 'sink': 144.76, 'stove': 32.62}",[],cabinet door,{},"Container id 9, is a ""cabinet door"" above the countertop."
15764,10,images/kitchen/17_segmented_sun_ahqykyyouxkgmdnq.jpg,"[[2001, 1100], [1999, 1179], [2121, 1222], [2124, 1134]]",cabinet door,0.316,"[[0, 900], [2592, 900], [2592, 1944], [0, 1944]]",below,0.976,122.0,125.0,"{""above"": null, ""below"": 15768, ""left"": null, ""right"": null, ""top_left"": null, ""top_right"": null, ""bottom_left"": null, ""bottom_right"": null}","{""above"": null, ""below"": null, ""left"": null, ""right"": null, ""top_left"": ""stove"", ""top_right"": null, ""bottom_left"": ""oven"", ""bottom_right"": null}","{'oven': 0.0719, 'sink': 0.4515, 'stove': 0.0836}","{'oven': 148.51, 'sink': 177.64, 'stove': 313.52}",[],cabinet door,{'stove': 1},"Container id 10, is a ""cabinet door"" below the countertop. Additionally, it is the closest to the stove."
15765,11,images/kitchen/17_segmented_sun_ahqykyyouxkgmdnq.jpg,"[[2544, 154], [2357, 146], [2168, 217], [2178, 725], [2528, 725]]",drawer,0.35,"[[0, 900], [2592, 900], [2592, 1944], [0, 1944]]",above,1.54,579.0,376.0,"{""above"": null, ""below"": null, ""left"": 15760, ""right"": null, ""top_left"": 15761, ""top_right"": null, ""bottom_left"": 15757, ""bottom_right"": null}","{""above"": null, ""below"": null, ""left"": null, ""right"": null, ""top_left"": null, ""top_right"": null, ""bottom_left"": null, ""bottom_right"": null}","{'oven': 0.3132, 'sink': 0.5987, 'stove': 0.1787}","{'oven': 119.04, 'sink': 154.81, 'stove': 100.67}",[],drawer,{},"Container id 11, is a ""drawer"" above the countertop."
15766,12,images/kitchen/17_segmented_sun_ahqykyyouxkgmdnq.jpg,"[[0, 0], [26, 862], [455, 856], [448, 10]]",cabinet door,0.335,"[[0, 900], [2592, 900], [2592, 1944], [0, 1944]]",above,1.895,862.0,455.0,"{""above"": null, ""below"": null, ""left"": null, ""right"": 15767, ""top_left"": null, ""top_right"": null, ""bottom_left"": null, ""bottom_right"": null}","{""above"": null, ""below"": null, ""left"": null, ""right"": null, ""top_left"": null, ""top_right"": null, ""bottom_left"": null, ""bottom_right"": ""sink""}","{'oven': 0.5672, 'sink': 0.2681, 'stove': 0.6432}","{'oven': 27.5, 'sink': 64.97, 'stove': 14.74}",[],cabinet door,{'sink': 2},"Container id 12, is a ""cabinet door"" above the countertop. Additionally, it is the 2nd closest to the sink."
15767,13,images/kitchen/17_segmented_sun_ahqykyyouxkgmdnq.jpg,"[[549, 131], [538, 766], [593, 777], [645, 728], [611, 145]]",drawer,0.319,"[[0, 900], [2592, 900], [2592, 1944], [0, 1944]]",above,6.037,646.0,107.0,"{""above"": null, ""below"": null, ""left"": 15766, ""right"": null, ""top_left"": null, ""top_right"": null, ""bottom_left"": null, ""bottom_right"": null}","{""above"": null, ""below"": null, ""left"": null, ""right"": null, ""top_left"": null, ""top_right"": null, ""bottom_left"": null, ""bottom_right"": null}","{'oven': 0.46, 'sink': 0.219, 'stove': 0.5312}","{'oven': 31.16, 'sink': 88.99, 'stove': 15.26}",[],drawer,{'sink': 1},"Container id 13, is a ""drawer"" above the countertop. Additionally, it is the closest to the sink."
15768,14,images/kitchen/17_segmented_sun_ahqykyyouxkgmdnq.jpg,"[[2008, 1098], [1988, 1555], [2109, 1642], [2127, 1139]]",cabinet door,0.312,"[[0, 900], [2592, 900], [2592, 1944], [0, 1944]]",below,3.914,544.0,139.0,"{""above"": 15764, ""below"": 15770, ""left"": null, ""right"": null, ""top_left"": null, ""top_right"": null, ""bottom_left"": null, ""bottom_right"": null}","{""above"": ""stove"", ""below"": null, ""left"": ""oven"", ""right"": null, ""top_left"": null, ""top_right"": null, ""bottom_left"": null, ""bottom_right"": null}","{'oven': 0.065, 'sink': 0.4521, 'stove': 0.1356}","{'oven': 201.75, 'sink': 185.46, 'stove': 295.6}",[],cabinet door,"{'oven': 1, 'stove': 2}","Container id 14, is a ""cabinet door"" below the countertop. Additionally, it is the closest to the oven, and the 2nd closest to the stove."
15769,15,images/kitchen/17_segmented_sun_ahqykyyouxkgmdnq.jpg,"[[1453, 373], [1450, 705], [1585, 706], [1589, 381]]",drawer,0.306,"[[0, 900], [2592, 900], [2592, 1944], [0, 1944]]",above,2.396,333.0,139.0,"{""above"": null, ""below"": null, ""left"": null, ""right"": 15762, ""top_left"": null, ""top_right"": null, ""bottom_left"": null, ""bottom_right"": null}","{""above"": null, ""below"": null, ""left"": null, ""right"": null, ""top_left"": null, ""top_right"": null, ""bottom_left"": null, ""bottom_right"": null}","{'oven': 0.2516, 'sink': 0.3526, 'stove': 0.2597}","{'oven': 65.09, 'sink': 143.61, 'stove': 30.03}",[],drawer,{},"Container id 15, is a ""drawer"" above the countertop."
15770,16,images/kitchen/17_segmented_sun_ahqykyyouxkgmdnq.jpg,"[[1998, 1312], [1995, 1402], [2112, 1469], [2116, 1364]]",drawer,0.344,"[[0, 900], [2592, 900], [2592, 1944], [0, 1944]]",below,1.298,157.0,121.0,"{""above"": 15768, ""below"": null, ""left"": null, ""right"": null, ""top_left"": null, ""top_right"": null, ""bottom_left"": null, ""bottom_right"": null}","{""above"": null, ""below"": null, ""left"": null, ""right"": null, ""top_left"": ""oven"", ""top_right"": null, ""bottom_left"": null, ""bottom_right"": null}","{'oven': 0.0679, 'sink': 0.4522, 'stove': 0.1438}","{'oven': 208.86, 'sink': 186.57, 'stove': 294.4}",[],drawer,{'oven': 2},"Container id 16, is a ""drawer"" below the countertop. Additionally, it is the 2nd closest to the oven."
15771,17,images/kitchen/17_segmented_sun_ahqykyyouxkgmdnq.jpg,"[[1765, 350], [1763, 710], [2102, 716], [2102, 586], [1903, 581], [1952, 531], [1939, 299]]",drawer,0.313,"[[0, 900], [2592, 900], [2592, 1944], [0, 1944]]",above,1.23,417.0,339.0,"{""above"": 15759, ""below"": null, ""left"": 15755, ""right"": 15757, ""top_left"": null, ""top_right"": null, ""bottom_left"": null, ""bottom_right"": null}","{""above"": null, ""below"": null, ""left"": null, ""right"": null, ""top_left"": null, ""top_right"": null, ""bottom_left"": null, ""bottom_right"": null}","{'oven': 0.2299, 'sink': 0.4617, 'stove': 0.163}","{'oven': 95.38, 'sink': 152.96, 'stove': 53.31}",[],drawer,{},"Container id 17, is a ""drawer"" above the countertop."
15803,1,images/kitchen/4_segmented_sun_afnyuyhhwgifatsk.jpg,"[[88, 171], [61, 177], [61, 220], [89, 207]]",cabinet door,0.337,"[[0, 156], [256, 156], [256, 256], [0, 256]]",below,1.75,49.0,28.0,"{""above"": 15805, ""below"": null, ""left"": 15804, ""right"": null, ""top_left"": null, ""top_right"": null, ""bottom_left"": null, ""bottom_right"": null}","{""above"": null, ""below"": null, ""left"": null, ""right"": null, ""top_left"": null, ""top_right"": null, ""bottom_left"": null, ""bottom_right"": null}",{},{},[],cabinet door,{},"Container id 1, is a ""cabinet door"" below the countertop."
15804,2,images/kitchen/4_segmented_sun_afnyuyhhwgifatsk.jpg,"[[15, 165], [16, 221], [58, 221], [58, 165]]",cabinet door,0.303,"[[0, 156], [256, 156], [256, 256], [0, 256]]",below,1.302,56.0,43.0,"{""above"": null, ""below"": null, ""left"": null, ""right"": 15803, ""top_left"": null, ""top_right"": 15805, ""bottom_left"": null, ""bottom_right"": null}","{""above"": null, ""below"": null, ""left"": null, ""right"": null, ""top_left"": null, ""top_right"": null, ""bottom_left"": null, ""bottom_right"": null}",{},{},[],cabinet door,{},"Container id 2, is a ""cabinet door"" below the countertop."
15805,3,images/kitchen/4_segmented_sun_afnyuyhhwgifatsk.jpg,"[[88, 160], [61, 165], [61, 175], [88, 169]]",drawer,0.337,"[[0, 156], [256, 156], [256, 256], [0, 256]]",below,0.556,15.0,27.0,"{""above"": null, ""below"": 15806, ""left"": null, ""right"": null, ""top_left"": null, ""top_right"": null, ""bottom_left"": null, ""bottom_right"": null}","{""above"": null, ""below"": null, ""left"": null, ""right"": null, ""top_left"": null, ""top_right"": null, ""bottom_left"": null, ""bottom_right"": null}",{},{},[],drawer,{},"Container id 3, is a ""drawer"" below the countertop."
15806,4,images/kitchen/4_segmented_sun_afnyuyhhwgifatsk.jpg,"[[89, 160], [60, 166], [61, 220], [89, 207]]",drawer,0.33,"[[0, 156], [256, 156], [256, 256], [0, 256]]",below,2.069,60.0,29.0,"{""above"": 15805, ""below"": 15803, ""left"": 15804, ""right"": null, ""top_left"": null, ""top_right"": null, ""bottom_left"": null, ""bottom_right"": null}","{""above"": null, ""below"": null, ""left"": null, ""right"": null, ""top_left"": null, ""top_right"": null, ""bottom_left"": null, ""bottom_right"": null}",{},{},[],drawer,{},"Container id 4, is a ""drawer"" below the countertop."
15949,1,images/kitchen/8_segmented_sun_ahhrhzkyvzaqeark.jpg,"[[0, 0], [0, 83], [15, 84], [15, 0]]",cabinet door,0.465,,,5.6,84.0,15.0,"{""above"": null, ""below"": null, ""left"": null, ""right"": 15951, ""top_left"": null, ""top_right"": null, ""bottom_left"": null, ""bottom_right"": null}","{""above"": null, ""below"": null, ""left"": null, ""right"": null, ""top_left"": null, ""top_right"": null, ""bottom_left"": null, ""bottom_right"": null}","{'oven': 0.5404, 'microwave': 0.4832, 'coffee machine': 0.3097}","{'oven': 32.37, 'microwave': 353.27, 'coffee machine': 32.8}",[],cabinet door,{},"Container id 1, is a ""cabinet door"" nan the countertop."
15950,2,images/kitchen/8_segmented_sun_ahhrhzkyvzaqeark.jpg,"[[27, 140], [0, 140], [0, 244], [29, 238]]",cabinet door,0.333,,,3.586,104.0,29.0,"{""above"": null, ""below"": null, ""left"": null, ""right"": 15954, ""top_left"": null, ""top_right"": null, ""bottom_left"": 15953, ""bottom_right"": null}","{""above"": null, ""below"": null, ""left"": null, ""right"": null, ""top_left"": null, ""top_right"": null, ""bottom_left"": null, ""bottom_right"": null}","{'oven': 0.455, 'microwave': 0.6572, 'coffee machine': 0.3433}","{'oven': 344.51, 'microwave': 314.66, 'coffee machine': 314.92}",[],cabinet door,{},"Container id 2, is a ""cabinet door"" nan the countertop."
15951,3,images/kitchen/8_segmented_sun_ahhrhzkyvzaqeark.jpg,"[[18, 0], [17, 83], [62, 82], [65, 1]]",cabinet door,0.427,,,1.729,83.0,48.0,"{""above"": null, ""below"": null, ""left"": 15949, ""right"": null, ""top_left"": null, ""top_right"": null, ""bottom_left"": null, ""bottom_right"": null}","{""above"": null, ""below"": null, ""left"": null, ""right"": null, ""top_left"": null, ""top_right"": null, ""bottom_left"": null, ""bottom_right"": ""coffee machine""}","{'oven': 0.4664, 'microwave': 0.3928, 'coffee machine': 0.2388}","{'oven': 38.45, 'microwave': 351.81, 'coffee machine': 44.88}",[],cabinet door,{'coffee machine': 2},"Container id 3, is a ""cabinet door"" nan the countertop. Additionally, it is the 2nd closest to the coffee machine."
15952,4,images/kitchen/8_segmented_sun_ahhrhzkyvzaqeark.jpg,"[[117, 0], [88, 1], [87, 72], [117, 61]]",cabinet door,0.351,,,2.4,72.0,30.0,"{""above"": null, ""below"": null, ""left"": null, ""right"": null, ""top_left"": null, ""top_right"": null, ""bottom_left"": null, ""bottom_right"": null}","{""above"": null, ""below"": ""coffee machine"", ""left"": null, ""right"": ""microwave"", ""top_left"": null, ""top_right"": null, ""bottom_left"": null, ""bottom_right"": null}","{'oven': 0.3679, 'microwave': 0.2208, 'coffee machine': 0.1906}","{'oven': 58.04, 'microwave': 351.19, 'coffee machine': 90.42}",[],cabinet door,"{'microwave': 2, 'coffee machine': 1}","Container id 4, is a ""cabinet door"" nan the countertop. Additionally, it is the 2nd closest to the microwave, and the closest to the coffee machine."
15953,5,images/kitchen/8_segmented_sun_ahhrhzkyvzaqeark.jpg,"[[19, 147], [0, 147], [0, 243], [23, 239]]",cabinet door,0.315,,,4.174,96.0,23.0,"{""above"": null, ""below"": null, ""left"": null, ""right"": 15954, ""top_left"": null, ""top_right"": null, ""bottom_left"": null, ""bottom_right"": null}","{""above"": null, ""below"": null, ""left"": null, ""right"": null, ""top_left"": null, ""top_right"": null, ""bottom_left"": null, ""bottom_right"": null}","{'oven': 0.467, 'microwave': 0.6709, 'coffee machine': 0.3569}","{'oven': 343.68, 'microwave': 314.67, 'coffee machine': 314.92}",[],cabinet door,{},"Container id 5, is a ""cabinet door"" nan the countertop."
15954,6,images/kitchen/8_segmented_sun_ahhrhzkyvzaqeark.jpg,"[[34, 139], [31, 237], [42, 246], [45, 146]]",cabinet door,0.304,,,7.643,107.0,14.0,"{""above"": null, ""below"": null, ""left"": 15950, ""right"": 15956, ""top_left"": null, ""top_right"": null, ""bottom_left"": null, ""bottom_right"": null}","{""above"": null, ""below"": null, ""left"": null, ""right"": null, ""top_left"": null, ""top_right"": null, ""bottom_left"": null, ""bottom_right"": null}","{'oven': 0.3928, 'microwave': 0.6156, 'coffee machine': 0.3035}","{'oven': 341.34, 'microwave': 309.99, 'coffee machine': 305.46}",[],cabinet door,{},"Container id 6, is a ""cabinet door"" nan the countertop."
15955,7,images/kitchen/8_segmented_sun_ahhrhzkyvzaqeark.jpg,"[[255, 0], [246, 1], [246, 96], [255, 95]]",cabinet door,0.34,,,10.667,96.0,9.0,"{""above"": null, ""below"": null, ""left"": null, ""right"": null, ""top_left"": null, ""top_right"": null, ""bottom_left"": null, ""bottom_right"": null}","{""above"": null, ""below"": null, ""left"": ""microwave"", ""right"": null, ""top_left"": null, ""top_right"": null, ""bottom_left"": null, ""bottom_right"": null}","{'oven': 0.3466, 'microwave': 0.2051, 'coffee machine': 0.4376}","{'oven': 128.29, 'microwave': 201.12, 'coffee machine': 159.88}",[],cabinet door,"{'oven': 2, 'microwave': 1}","Container id 7, is a ""cabinet door"" nan the countertop. Additionally, it is the 2nd closest to the oven, and the closest to the microwave."
15956,8,images/kitchen/8_segmented_sun_ahhrhzkyvzaqeark.jpg,"[[107, 130], [31, 141], [32, 240], [60, 255], [111, 253]]",drawer,0.344,,,1.562,125.0,80.0,"{""above"": null, ""below"": null, ""left"": 15954, ""right"": null, ""top_left"": null, ""top_right"": null, ""bottom_left"": null, ""bottom_right"": null}","{""above"": ""coffee machine"", ""below"": null, ""left"": null, ""right"": ""oven"", ""top_left"": null, ""top_right"": null, ""bottom_left"": null, ""bottom_right"": null}","{'oven': 0.3293, 'microwave': 0.5931, 'coffee machine': 0.2948}","{'oven': 331.27, 'microwave': 301.77, 'coffee machine': 288.32}",[],drawer,{'oven': 1},"Container id 8, is a ""drawer"" nan the countertop. Additionally, it is the closest to the oven."
16258,1,images/kitchen/5_segmented_sun_avtqpxlipvlcrsge.jpg,"[[240, 434], [239, 511], [307, 511], [308, 483]]",cabinet door,0.422,"[[0, 304], [384, 304], [384, 512], [0, 512]]",below,1.116,77.0,69.0,"{""above"": null, ""below"": null, ""left"": null, ""right"": null, ""top_left"": 16259, ""top_right"": null, ""bottom_left"": null, ""bottom_right"": 16260}","{""above"": null, ""below"": null, ""left"": null, ""right"": null, ""top_left"": null, ""top_right"": null, ""bottom_left"": null, ""bottom_right"": null}","{'sink': 0.1715, 'oven': 0.2418, 'dish': 0.408, 'stove': 0.2919}","{'sink': 290.31, 'oven': 207.52, 'dish': 192.8, 'stove': 244.88}",[],cabinet door,"{'sink': 1, 'oven': 2, 'dish': 2, 'stove': 2}","Container id 1, is a ""cabinet door"" below the countertop. Additionally, it is the closest to the sink, the 2nd closest to the oven, the 2nd closest to the dish, and the 2nd closest to the stove."
16259,2,images/kitchen/5_segmented_sun_avtqpxlipvlcrsge.jpg,"[[190, 396], [190, 442], [235, 480], [237, 429]]",drawer,0.358,"[[0, 304], [384, 304], [384, 512], [0, 512]]",below,1.787,84.0,47.0,"{""above"": null, ""below"": null, ""left"": null, ""right"": null, ""top_left"": null, ""top_right"": null, ""bottom_left"": null, ""bottom_right"": 16258}","{""above"": null, ""below"": null, ""left"": null, ""right"": null, ""top_left"": ""stove"", ""top_right"": null, ""bottom_left"": null, ""bottom_right"": null}","{'sink': 0.1764, 'oven': 0.1254, 'dish': 0.3037, 'stove': 0.1916}","{'sink': 330.87, 'oven': 197.02, 'dish': 182.91, 'stove': 261.18}",[],drawer,"{'sink': 2, 'oven': 1, 'dish': 1, 'stove': 1}","Container id 2, is a ""drawer"" below the countertop. Additionally, it is the 2nd closest to the sink, the closest to the oven, the closest to the dish, and the closest to the stove."
16260,3,images/kitchen/5_segmented_sun_avtqpxlipvlcrsge.jpg,"[[289, 500], [290, 501], [293, 501], [294, 502], [295, 501], [294, 500]]",drawer,0.316,"[[0, 304], [384, 304], [384, 512], [0, 512]]",below,0.333,2.0,6.0,"{""above"": null, ""below"": null, ""left"": null, ""right"": null, ""top_left"": null, ""top_right"": null, ""bottom_left"": null, ""bottom_right"": null}","{""above"": null, ""below"": null, ""left"": null, ""right"": null, ""top_left"": null, ""top_right"": null, ""bottom_left"": null, ""bottom_right"": null}","{'sink': 0.1884, 'oven': 0.2799, 'dish': 0.4429, 'stove': 0.3277}","{'sink': 279.12, 'oven': 209.27, 'dish': 195.12, 'stove': 242.05}",[],drawer,{},"Container id 3, is a ""drawer"" below the countertop."
16261,4,images/kitchen/5_segmented_sun_avtqpxlipvlcrsge.jpg,"[[283, 497]]",drawer,0.306,"[[0, 304], [384, 304], [384, 512], [0, 512]]",below,0.0,0.0,0.0,"{""above"": null, ""below"": null, ""left"": null, ""right"": null, ""top_left"": null, ""top_right"": null, ""bottom_left"": null, ""bottom_right"": null}","{""above"": null, ""below"": null, ""left"": null, ""right"": null, ""top_left"": null, ""top_right"": null, ""bottom_left"": null, ""bottom_right"": null}","{'sink': 0.1855, 'oven': 0.264, 'dish': 0.427, 'stove': 0.3156}","{'sink': 283.94, 'oven': 209.71, 'dish': 194.87, 'stove': 243.92}",[],drawer,{},"Container id 4, is a ""drawer"" below the countertop."
16262,5,images/kitchen/5_segmented_sun_avtqpxlipvlcrsge.jpg,"[[275, 492], [275, 493]]",drawer,0.312,"[[0, 304], [384, 304], [384, 512], [0, 512]]",below,inf,1.0,0.0,"{""above"": null, ""below"": null, ""left"": null, ""right"": null, ""top_left"": null, ""top_right"": null, ""bottom_left"": null, ""bottom_right"": null}","{""above"": null, ""below"": null, ""left"": null, ""right"": null, ""top_left"": null, ""top_right"": null, ""bottom_left"": null, ""bottom_right"": null}","{'sink': 0.1822, 'oven': 0.2497, 'dish': 0.4131, 'stove': 0.3039}","{'sink': 288.3, 'oven': 209.73, 'dish': 194.37, 'stove': 245.45}",[],drawer,{},"Container id 5, is a ""drawer"" below the countertop."
16521,1,images/kitchen/5_segmented_sun_adglbgauiayicwkm.jpg,"[[117, 188], [114, 188], [110, 191], [109, 195], [112, 200], [119, 194]]",drawer,0.384,"[[0, 196], [256, 196], [256, 256], [0, 256]]",below,1.2,12.0,10.0,"{""above"": null, ""below"": null, ""left"": null, ""right"": null, ""top_left"": null, ""top_right"": 16522, ""bottom_left"": 16525, ""bottom_right"": null}","{""above"": null, ""below"": null, ""left"": null, ""right"": null, ""top_left"": null, ""top_right"": null, ""bottom_left"": null, ""bottom_right"": null}",{},{},[],drawer,{},"Container id 1, is a ""drawer"" below the countertop."
16522,2,images/kitchen/5_segmented_sun_adglbgauiayicwkm.jpg,"[[96, 140], [96, 211], [105, 207], [107, 177], [122, 179], [130, 206], [155, 207], [169, 193], [168, 138]]",drawer,0.318,"[[0, 196], [256, 196], [256, 256], [0, 256]]",below,1.0,73.0,73.0,"{""above"": 16523, ""below"": null, ""left"": 16521, ""right"": null, ""top_left"": null, ""top_right"": null, ""bottom_left"": null, ""bottom_right"": null}","{""above"": null, ""below"": null, ""left"": null, ""right"": null, ""top_left"": null, ""top_right"": null, ""bottom_left"": null, ""bottom_right"": null}",{},{},[],drawer,{},"Container id 2, is a ""drawer"" below the countertop."
16523,3,images/kitchen/5_segmented_sun_adglbgauiayicwkm.jpg,"[[100, 145], [100, 154], [130, 154], [130, 146]]",cabinet door,0.304,"[[0, 196], [256, 196], [256, 256], [0, 256]]",above,0.3,9.0,30.0,"{""above"": null, ""below"": null, ""left"": null, ""right"": null, ""top_left"": null, ""top_right"": null, ""bottom_left"": null, ""bottom_right"": null}","{""above"": null, ""below"": null, ""left"": null, ""right"": null, ""top_left"": null, ""top_right"": null, ""bottom_left"": null, ""bottom_right"": null}",{},{},[],cabinet door,{},"Container id 3, is a ""cabinet door"" above the countertop."
16524,4,images/kitchen/5_segmented_sun_adglbgauiayicwkm.jpg,"[[6, 144], [5, 165], [1, 167], [1, 204], [13, 205], [13, 145]]",cabinet door,0.311,"[[0, 196], [256, 196], [256, 256], [0, 256]]",below,5.083,61.0,12.0,"{""above"": null, ""below"": null, ""left"": null, ""right"": null, ""top_left"": null, ""top_right"": null, ""bottom_left"": null, ""bottom_right"": null}","{""above"": null, ""below"": null, ""left"": null, ""right"": null, ""top_left"": null, ""top_right"": null, ""bottom_left"": null, ""bottom_right"": null}",{},{},[],cabinet door,{},"Container id 4, is a ""cabinet door"" below the countertop."
16525,5,images/kitchen/5_segmented_sun_adglbgauiayicwkm.jpg,"[[117, 188], [114, 188], [110, 191], [109, 196], [111, 200], [119, 194]]",cabinet door,0.323,"[[0, 196], [256, 196], [256, 256], [0, 256]]",below,1.2,12.0,10.0,"{""above"": null, ""below"": null, ""left"": null, ""right"": null, ""top_left"": null, ""top_right"": 16521, ""bottom_left"": null, ""bottom_right"": null}","{""above"": null, ""below"": null, ""left"": null, ""right"": null, ""top_left"": null, ""top_right"": null, ""bottom_left"": null, ""bottom_right"": null}",{},{},[],cabinet door,{},"Container id 5, is a ""cabinet door"" below the countertop."
16665,1,images/kitchen/25_segmented_sun_aaxxjlsuzvqlgylf.jpg,"[[899, 33], [791, 68], [795, 337], [899, 346], [840, 322], [899, 319]]",cabinet door,0.472,"[[0, 400], [900, 400], [900, 600], [0, 600]]",above,2.898,313.0,108.0,"{""above"": null, ""below"": null, ""left"": 16672, ""right"": null, ""top_left"": null, ""top_right"": null, ""bottom_left"": null, ""bottom_right"": null}","{""above"": null, ""below"": null, ""left"": null, ""right"": null, ""top_left"": null, ""top_right"": null, ""bottom_left"": null, ""bottom_right"": null}","{'toaster': 0.2356, 'dishwasher': 0.3856, 'oven': 0.5202, 'coffee machine': 0.4808, 'stove': 0.286, 'refrigerator': 0.523, 'sink': 0.2314}","{'toaster': 142.12, 'dishwasher': 139.07, 'oven': 161.8, 'coffee machine': 166.47, 'stove': 155.38, 'refrigerator': 158.69, 'sink': 126.77}",[],cabinet door,{},"Container id 1, is a ""cabinet door"" above the countertop."
16666,2,images/kitchen/25_segmented_sun_aaxxjlsuzvqlgylf.jpg,"[[74, 225], [74, 227], [75, 227], [75, 226]]",cabinet door,0.429,"[[0, 400], [900, 400], [900, 600], [0, 600]]",above,2.0,2.0,1.0,"{""above"": null, ""below"": null, ""left"": null, ""right"": null, ""top_left"": null, ""top_right"": null, ""bottom_left"": null, ""bottom_right"": null}","{""above"": null, ""below"": null, ""left"": null, ""right"": null, ""top_left"": null, ""top_right"": null, ""bottom_left"": null, ""bottom_right"": null}","{'toaster': 0.5566, 'dishwasher': 0.5034, 'oven': 0.2848, 'coffee machine': 0.2813, 'stove': 0.4784, 'refrigerator': 0.3076, 'sink': 0.614}","{'toaster': 16.18, 'dishwasher': 31.5, 'oven': 37.38, 'coffee machine': 25.91, 'stove': 15.71, 'refrigerator': 40.68, 'sink': 18.59}",[],cabinet door,{},"Container id 2, is a ""cabinet door"" above the countertop."
16667,3,images/kitchen/25_segmented_sun_aaxxjlsuzvqlgylf.jpg,"[[75, 172], [74, 173], [74, 179], [75, 179]]",cabinet door,0.422,"[[0, 400], [900, 400], [900, 600], [0, 600]]",above,7.0,7.0,1.0,"{""above"": null, ""below"": null, ""left"": null, ""right"": null, ""top_left"": null, ""top_right"": null, ""bottom_left"": null, ""bottom_right"": null}","{""above"": null, ""below"": null, ""left"": null, ""right"": null, ""top_left"": null, ""top_right"": null, ""bottom_left"": null, ""bottom_right"": null}","{'toaster': 0.5713, 'dishwasher': 0.5293, 'oven': 0.3153, 'coffee machine': 0.3046, 'stove': 0.4931, 'refrigerator': 0.3399, 'sink': 0.6305}","{'toaster': 20.68, 'dishwasher': 35.81, 'oven': 44.14, 'coffee machine': 33.83, 'stove': 20.94, 'refrigerator': 46.66, 'sink': 22.62}",[],cabinet door,{},"Container id 3, is a ""cabinet door"" above the countertop."
16668,4,images/kitchen/25_segmented_sun_aaxxjlsuzvqlgylf.jpg,"[[0, 108], [0, 320], [63, 321], [72, 120]]",cabinet door,0.44,"[[0, 400], [900, 400], [900, 600], [0, 600]]",above,2.958,213.0,72.0,"{""above"": null, ""below"": null, ""left"": null, ""right"": 16666, ""top_left"": null, ""top_right"": 16667, ""bottom_left"": null, ""bottom_right"": null}","{""above"": null, ""below"": null, ""left"": null, ""right"": null, ""top_left"": null, ""top_right"": null, ""bottom_left"": null, ""bottom_right"": ""refrigerator""}","{'toaster': 0.5951, 'dishwasher': 0.54, 'oven': 0.3202, 'coffee machine': 0.3189, 'stove': 0.5169, 'refrigerator': 0.3421, 'sink': 0.6524}","{'toaster': 15.94, 'dishwasher': 30.16, 'oven': 34.47, 'coffee machine': 24.29, 'stove': 15.47, 'refrigerator': 37.62, 'sink': 18.23}",[],cabinet door,{},"Container id 4, is a ""cabinet door"" above the countertop."
16669,5,images/kitchen/25_segmented_sun_aaxxjlsuzvqlgylf.jpg,"[[228, 172], [230, 224], [293, 225], [293, 173]]",cabinet door,0.344,"[[0, 400], [900, 400], [900, 600], [0, 600]]",above,0.815,53.0,65.0,"{""above"": null, ""below"": 16673, ""left"": 16678, ""right"": null, ""top_left"": null, ""top_right"": null, ""bottom_left"": null, ""bottom_right"": null}","{""above"": null, ""below"": null, ""left"": null, ""right"": null, ""top_left"": null, ""top_right"": null, ""bottom_left"": null, ""bottom_right"": null}","{'toaster': 0.4047, 'dishwasher': 0.3864, 'oven': 0.2058, 'coffee machine': 0.169, 'stove': 0.3272, 'refrigerator': 0.2342, 'sink': 0.4656}","{'toaster': 26.53, 'dishwasher': 48.35, 'oven': 74.82, 'coffee machine': 61.52, 'stove': 28.32, 'refrigerator': 74.94, 'sink': 28.4}",[],cabinet door,{},"Container id 5, is a ""cabinet door"" above the countertop."
16670,6,images/kitchen/25_segmented_sun_aaxxjlsuzvqlgylf.jpg,"[[351, 174], [350, 244], [397, 244], [398, 177]]",cabinet door,0.386,"[[0, 400], [900, 400], [900, 600], [0, 600]]",above,1.458,70.0,48.0,"{""above"": null, ""below"": null, ""left"": null, ""right"": null, ""top_left"": null, ""top_right"": null, ""bottom_left"": null, ""bottom_right"": null}","{""above"": null, ""below"": null, ""left"": null, ""right"": null, ""top_left"": null, ""top_right"": null, ""bottom_left"": null, ""bottom_right"": null}","{'toaster': 0.3088, 'dishwasher': 0.3172, 'oven': 0.1948, 'coffee machine': 0.1402, 'stove': 0.2338, 'refrigerator': 0.2201, 'sink': 0.371}","{'toaster': 33.47, 'dishwasher': 61.31, 'oven': 105.05, 'coffee machine': 99.81, 'stove': 38.27, 'refrigerator': 101.43, 'sink': 34.67}",[],cabinet door,{},"Container id 6, is a ""cabinet door"" above the countertop."
16671,7,images/kitchen/25_segmented_sun_aaxxjlsuzvqlgylf.jpg,"[[689, 121], [658, 120], [627, 139], [629, 258], [694, 255], [662, 240], [694, 231]]",cabinet door,0.35,"[[0, 400], [900, 400], [900, 600], [0, 600]]",above,2.06,138.0,67.0,"{""above"": null, ""below"": null, ""left"": 16688, ""right"": 16672, ""top_left"": null, ""top_right"": null, ""bottom_left"": null, ""bottom_right"": null}","{""above"": null, ""below"": null, ""left"": null, ""right"": null, ""top_left"": null, ""top_right"": null, ""bottom_left"": null, ""bottom_right"": null}","{'toaster': 0.1844, 'dishwasher': 0.3144, 'oven': 0.3778, 'coffee machine': 0.3297, 'stove': 0.18, 'refrigerator': 0.3876, 'sink': 0.2277}","{'toaster': 93.46, 'dishwasher': 111.74, 'oven': 147.69, 'coffee machine': 152.57, 'stove': 118.23, 'refrigerator': 143.7, 'sink': 80.82}",[],cabinet door,{},"Container id 7, is a ""cabinet door"" above the countertop."
16672,8,images/kitchen/25_segmented_sun_aaxxjlsuzvqlgylf.jpg,"[[783, 91], [734, 88], [698, 118], [696, 233], [728, 236], [697, 255], [787, 252]]",drawer,0.392,"[[0, 400], [900, 400], [900, 600], [0, 600]]",above,1.835,167.0,91.0,"{""above"": null, ""below"": null, ""left"": 16671, ""right"": 16665, ""top_left"": null, ""top_right"": null, ""bottom_left"": null, ""bottom_right"": null}","{""above"": null, ""below"": null, ""left"": null, ""right"": null, ""top_left"": null, ""top_right"": null, ""bottom_left"": null, ""bottom_right"": null}","{'toaster': 0.2093, 'dishwasher': 0.3526, 'oven': 0.4373, 'coffee machine': 0.3908, 'stove': 0.2254, 'refrigerator': 0.4456, 'sink': 0.2382}","{'toaster': 110.47, 'dishwasher': 120.42, 'oven': 150.71, 'coffee machine': 155.2, 'stove': 130.79, 'refrigerator': 147.18, 'sink': 96.21}",[],drawer,{},"Container id 8, is a ""drawer"" above the countertop."
16673,9,images/kitchen/25_segmented_sun_aaxxjlsuzvqlgylf.jpg,"[[229, 227], [228, 352], [247, 382], [286, 382], [294, 230]]",cabinet door,0.354,"[[0, 400], [900, 400], [900, 600], [0, 600]]",above,2.348,155.0,66.0,"{""above"": 16669, ""below"": 16675, ""left"": 16680, ""right"": null, ""top_left"": 16678, ""top_right"": null, ""bottom_left"": null, ""bottom_right"": null}","{""above"": null, ""below"": null, ""left"": null, ""right"": ""coffee machine"", ""top_left"": null, ""top_right"": null, ""bottom_left"": null, ""bottom_right"": ""oven""}","{'toaster': 0.3733, 'dishwasher': 0.3175, 'oven': 0.108, 'coffee machine': 0.094, 'stove': 0.2959, 'refrigerator': 0.1353, 'sink': 0.4289}","{'toaster': 11.34, 'dishwasher': 34.83, 'oven': 57.66, 'coffee machine': 26.0, 'stove': 9.32, 'refrigerator': 61.41, 'sink': 15.43}",[],cabinet door,"{'oven': 2, 'coffee machine': 1, 'refrigerator': 2}","Container id 9, is a ""cabinet door"" above the countertop. Additionally, it is the 2nd closest to the oven, the closest to the coffee machine, and the 2nd closest to the refrigerator."
16674,10,images/kitchen/25_segmented_sun_aaxxjlsuzvqlgylf.jpg,"[[712, 500], [711, 540], [781, 573], [783, 526]]",drawer,0.374,"[[0, 400], [900, 400], [900, 600], [0, 600]]",below,1.014,73.0,72.0,"{""above"": null, ""below"": 16689, ""left"": 16684, ""right"": 16676, ""top_left"": null, ""top_right"": null, ""bottom_left"": null, ""bottom_right"": null}","{""above"": null, ""below"": null, ""left"": null, ""right"": null, ""top_left"": null, ""top_right"": null, ""bottom_left"": null, ""bottom_right"": null}","{'toaster': 0.1565, 'dishwasher': 0.1936, 'oven': 0.4108, 'coffee machine': 0.4027, 'stove': 0.2239, 'refrigerator': 0.3974, 'sink': 0.0978}","{'toaster': 236.24, 'dishwasher': 186.58, 'oven': 195.86, 'coffee machine': 203.77, 'stove': 224.03, 'refrigerator': 192.31, 'sink': 246.16}",[],drawer,{'sink': 2},"Container id 10, is a ""drawer"" below the countertop. Additionally, it is the 2nd closest to the sink."
16675,11,images/kitchen/25_segmented_sun_aaxxjlsuzvqlgylf.jpg,"[[246, 385], [257, 420], [228, 424], [228, 466], [294, 464], [294, 423], [279, 417], [289, 385]]",cabinet door,0.332,"[[0, 400], [900, 400], [900, 600], [0, 600]]",below,1.227,81.0,66.0,"{""above"": 16673, ""below"": null, ""left"": null, ""right"": null, ""top_left"": null, ""top_right"": null, ""bottom_left"": null, ""bottom_right"": null}","{""above"": null, ""below"": ""sink"", ""left"": null, ""right"": ""oven"", ""top_left"": null, ""top_right"": ""coffee machine"", ""bottom_left"": null, ""bottom_right"": null}","{'toaster': 0.36, 'dishwasher': 0.2663, 'oven': 0.0516, 'coffee machine': 0.0974, 'stove': 0.2897, 'refrigerator': 0.0606, 'sink': 0.4067}","{'toaster': 355.73, 'dishwasher': 17.74, 'oven': 349.97, 'coffee machine': 322.7, 'stove': 349.59, 'refrigerator': 17.84, 'sink': 1.95}",[],cabinet door,"{'oven': 1, 'coffee machine': 2, 'refrigerator': 1}","Container id 11, is a ""cabinet door"" below the countertop. Additionally, it is the closest to the oven, the 2nd closest to the coffee machine, and the closest to the refrigerator."
16676,12,images/kitchen/25_segmented_sun_aaxxjlsuzvqlgylf.jpg,"[[786, 527], [787, 577], [831, 598], [899, 599], [899, 570]]",cabinet door,0.428,"[[0, 400], [900, 400], [900, 600], [0, 600]]",below,0.637,72.0,113.0,"{""above"": null, ""below"": null, ""left"": 16689, ""right"": null, ""top_left"": null, ""top_right"": null, ""bottom_left"": null, ""bottom_right"": null}","{""above"": null, ""below"": null, ""left"": null, ""right"": null, ""top_left"": null, ""top_right"": null, ""bottom_left"": null, ""bottom_right"": null}","{'toaster': 0.2406, 'dishwasher': 0.285, 'oven': 0.5042, 'coffee machine': 0.4966, 'stove': 0.3134, 'refrigerator': 0.49, 'sink': 0.1782}","{'toaster': 223.83, 'dishwasher': 191.88, 'oven': 197.16, 'coffee machine': 203.6, 'stove': 217.81, 'refrigerator': 194.32, 'sink': 224.96}",[],cabinet door,{},"Container id 12, is a ""cabinet door"" below the countertop."
16677,13,images/kitchen/25_segmented_sun_aaxxjlsuzvqlgylf.jpg,"[[490, 442], [489, 557], [512, 575], [513, 455]]",cabinet door,0.315,"[[0, 400], [900, 400], [900, 600], [0, 600]]",below,5.542,133.0,24.0,"{""above"": null, ""below"": null, ""left"": null, ""right"": null, ""top_left"": null, ""top_right"": null, ""bottom_left"": null, ""bottom_right"": null}","{""above"": null, ""below"": null, ""left"": null, ""right"": ""dishwasher"", ""top_left"": ""sink"", ""top_right"": null, ""bottom_left"": null, ""bottom_right"": null}","{'toaster': 0.175, 'dishwasher': 0.035, 'oven': 0.1891, 'coffee machine': 0.1967, 'stove': 0.1461, 'refrigerator': 0.1716, 'sink': 0.1983}","{'toaster': 323.25, 'dishwasher': 5.3, 'oven': 207.34, 'coffee machine': 224.1, 'stove': 296.95, 'refrigerator': 200.22, 'sink': 341.16}",[],cabinet door,{'dishwasher': 1},"Container id 13, is a ""cabinet door"" below the countertop. Additionally, it is the closest to the dishwasher."
16678,14,images/kitchen/25_segmented_sun_aaxxjlsuzvqlgylf.jpg,"[[157, 169], [156, 223], [224, 222], [225, 171]]",cabinet door,0.322,"[[0, 400], [900, 400], [900, 600], [0, 600]]",above,0.783,54.0,69.0,"{""above"": null, ""below"": 16680, ""left"": null, ""right"": 16669, ""top_left"": null, ""top_right"": null, ""bottom_left"": null, ""bottom_right"": null}","{""above"": null, ""below"": null, ""left"": null, ""right"": null, ""top_left"": null, ""top_right"": null, ""bottom_left"": null, ""bottom_right"": null}","{'toaster': 0.4647, 'dishwasher': 0.4338, 'oven': 0.2333, 'coffee machine': 0.2096, 'stove': 0.3867, 'refrigerator': 0.2607, 'sink': 0.5247}","{'toaster': 23.16, 'dishwasher': 42.08, 'oven': 59.32, 'coffee machine': 45.94, 'stove': 24.0, 'refrigerator': 61.09, 'sink': 25.21}",[],cabinet door,{},"Container id 14, is a ""cabinet door"" above the countertop."
16679,15,images/kitchen/25_segmented_sun_aaxxjlsuzvqlgylf.jpg,"[[619, 131], [542, 157], [545, 314], [624, 319]]",cabinet door,0.334,"[[0, 400], [900, 400], [900, 600], [0, 600]]",above,2.293,188.0,82.0,"{""above"": null, ""below"": null, ""left"": 16685, ""right"": 16671, ""top_left"": null, ""top_right"": 16688, ""bottom_left"": 16683, ""bottom_right"": null}","{""above"": null, ""below"": ""stove"", ""left"": null, ""right"": null, ""top_left"": null, ""top_right"": null, ""bottom_left"": ""sink"", ""bottom_right"": ""toaster""}","{'toaster': 0.1647, 'dishwasher': 0.2625, 'oven': 0.2964, 'coffee machine': 0.2473, 'stove': 0.1262, 'refrigerator': 0.3076, 'sink': 0.2225}","{'toaster': 66.8, 'dishwasher': 98.87, 'oven': 145.19, 'coffee machine': 151.18, 'stove': 94.16, 'refrigerator': 140.22, 'sink': 59.68}",[],cabinet door,{},"Container id 15, is a ""cabinet door"" above the countertop."
16680,16,images/kitchen/25_segmented_sun_aaxxjlsuzvqlgylf.jpg,"[[222, 226], [157, 226], [158, 384], [187, 382], [224, 352]]",drawer,0.367,"[[0, 400], [900, 400], [900, 600], [0, 600]]",above,2.358,158.0,67.0,"{""above"": 16678, ""below"": null, ""left"": null, ""right"": 16673, ""top_left"": null, ""top_right"": 16669, ""bottom_left"": null, ""bottom_right"": null}","{""above"": null, ""below"": null, ""left"": null, ""right"": null, ""top_left"": null, ""top_right"": null, ""bottom_left"": ""refrigerator"", ""bottom_right"": null}","{'toaster': 0.4344, 'dishwasher': 0.3705, 'oven': 0.151, 'coffee machine': 0.1524, 'stove': 0.3574, 'refrigerator': 0.1742, 'sink': 0.4892}","{'toaster': 9.8, 'dishwasher': 29.4, 'oven': 37.44, 'coffee machine': 15.9, 'stove': 7.79, 'refrigerator': 43.25, 'sink': 13.55}",[],drawer,{},"Container id 16, is a ""drawer"" above the countertop."
16681,17,images/kitchen/25_segmented_sun_aaxxjlsuzvqlgylf.jpg,"[[588, 308]]",cabinet door,0.313,"[[0, 400], [900, 400], [900, 600], [0, 600]]",above,0.0,0.0,0.0,"{""above"": null, ""below"": null, ""left"": null, ""right"": null, ""top_left"": null, ""top_right"": null, ""bottom_left"": null, ""bottom_right"": null}","{""above"": null, ""below"": null, ""left"": null, ""right"": null, ""top_left"": null, ""top_right"": null, ""bottom_left"": null, ""bottom_right"": null}","{'toaster': 0.0995, 'dishwasher': 0.1929, 'oven': 0.2668, 'coffee machine': 0.2267, 'stove': 0.0558, 'refrigerator': 0.2718, 'sink': 0.1611}","{'toaster': 53.06, 'dishwasher': 103.65, 'oven': 158.6, 'coffee machine': 167.96, 'stove': 104.77, 'refrigerator': 152.65, 'sink': 48.26}",[],cabinet door,"{'toaster': 2, 'stove': 1}","Container id 17, is a ""cabinet door"" above the countertop. Additionally, it is the 2nd closest to the toaster, and the closest to the stove."
16682,18,images/kitchen/25_segmented_sun_aaxxjlsuzvqlgylf.jpg,"[[584, 160]]",cabinet door,0.337,"[[0, 400], [900, 400], [900, 600], [0, 600]]",above,0.0,0.0,0.0,"{""above"": null, ""below"": null, ""left"": null, ""right"": null, ""top_left"": null, ""top_right"": null, ""bottom_left"": null, ""bottom_right"": null}","{""above"": null, ""below"": null, ""left"": null, ""right"": null, ""top_left"": null, ""top_right"": null, ""bottom_left"": null, ""bottom_right"": null}","{'toaster': 0.2255, 'dishwasher': 0.327, 'oven': 0.3387, 'coffee machine': 0.2854, 'stove': 0.1911, 'refrigerator': 0.3536, 'sink': 0.2799}","{'toaster': 73.65, 'dishwasher': 97.35, 'oven': 136.26, 'coffee machine': 139.82, 'stove': 93.16, 'refrigerator': 132.25, 'sink': 66.65}",[],cabinet door,{},"Container id 18, is a ""cabinet door"" above the countertop."
16683,19,images/kitchen/25_segmented_sun_aaxxjlsuzvqlgylf.jpg,"[[575, 143], [541, 159], [546, 314], [575, 307], [559, 300], [589, 301]]",drawer,0.378,"[[0, 400], [900, 400], [900, 600], [0, 600]]",above,3.562,171.0,48.0,"{""above"": null, ""below"": null, ""left"": 16685, ""right"": null, ""top_left"": null, ""top_right"": 16679, ""bottom_left"": null, ""bottom_right"": null}","{""above"": null, ""below"": ""stove"", ""left"": null, ""right"": null, ""top_left"": null, ""top_right"": null, ""bottom_left"": ""sink"", ""bottom_right"": null}","{'toaster': 0.1531, 'dishwasher': 0.2385, 'oven': 0.2701, 'coffee machine': 0.2221, 'stove': 0.1042, 'refrigerator': 0.2806, 'sink': 0.2137}","{'toaster': 57.7, 'dishwasher': 95.65, 'oven': 146.96, 'coffee machine': 154.04, 'stove': 85.71, 'refrigerator': 141.46, 'sink': 52.77}",[],drawer,{},"Container id 19, is a ""drawer"" above the countertop."
16684,20,images/kitchen/25_segmented_sun_aaxxjlsuzvqlgylf.jpg,"[[629, 471], [630, 506], [708, 539], [708, 497]]",cabinet door,0.306,"[[0, 400], [900, 400], [900, 600], [0, 600]]",below,0.861,68.0,79.0,"{""above"": null, ""below"": null, ""left"": 16686, ""right"": 16674, ""top_left"": null, ""top_right"": null, ""bottom_left"": null, ""bottom_right"": 16689}","{""above"": null, ""below"": null, ""left"": null, ""right"": null, ""top_left"": null, ""top_right"": ""sink"", ""bottom_left"": null, ""bottom_right"": null}","{'toaster': 0.1021, 'dishwasher': 0.1204, 'oven': 0.3336, 'coffee machine': 0.3249, 'stove': 0.1546, 'refrigerator': 0.321, 'sink': 0.0686}","{'toaster': 261.63, 'dishwasher': 176.7, 'oven': 194.44, 'coffee machine': 204.2, 'stove': 234.91, 'refrigerator': 189.98, 'sink': 298.38}",[],cabinet door,{'sink': 1},"Container id 20, is a ""cabinet door"" below the countertop. Additionally, it is the closest to the sink."
16685,21,images/kitchen/25_segmented_sun_aaxxjlsuzvqlgylf.jpg,"[[536, 149], [487, 157], [490, 321], [539, 309]]",drawer,0.333,"[[0, 400], [900, 400], [900, 600], [0, 600]]",above,3.308,172.0,52.0,"{""above"": null, ""below"": null, ""left"": null, ""right"": 16683, ""top_left"": null, ""top_right"": null, ""bottom_left"": null, ""bottom_right"": null}","{""above"": null, ""below"": null, ""left"": null, ""right"": null, ""top_left"": null, ""top_right"": null, ""bottom_left"": ""sink"", ""bottom_right"": ""stove""}","{'toaster': 0.1963, 'dishwasher': 0.257, 'oven': 0.244, 'coffee machine': 0.1913, 'stove': 0.1342, 'refrigerator': 0.2588, 'sink': 0.2584}","{'toaster': 48.88, 'dishwasher': 84.68, 'oven': 137.22, 'coffee machine': 142.79, 'stove': 65.77, 'refrigerator': 131.68, 'sink': 46.89}",[],drawer,{},"Container id 21, is a ""drawer"" above the countertop."
16686,22,images/kitchen/25_segmented_sun_aaxxjlsuzvqlgylf.jpg,"[[568, 478], [565, 598], [624, 598], [625, 532], [598, 515], [624, 518], [625, 506]]",cabinet door,0.437,"[[0, 400], [900, 400], [900, 600], [0, 600]]",below,2.0,120.0,60.0,"{""above"": 16687, ""below"": null, ""left"": null, ""right"": 16684, ""top_left"": null, ""top_right"": null, ""bottom_left"": null, ""bottom_right"": null}","{""above"": null, ""below"": null, ""left"": ""dishwasher"", ""right"": null, ""top_left"": null, ""top_right"": null, ""bottom_left"": null, ""bottom_right"": null}","{'toaster': 0.1379, 'dishwasher': 0.0645, 'oven': 0.2864, 'coffee machine': 0.2871, 'stove': 0.1586, 'refrigerator': 0.2701, 'sink': 0.1287}","{'toaster': 288.99, 'dishwasher': 200.35, 'oven': 203.14, 'coffee machine': 214.49, 'stove': 259.4, 'refrigerator': 198.34, 'sink': 315.83}",[],cabinet door,{},"Container id 22, is a ""cabinet door"" below the countertop."
16687,23,images/kitchen/25_segmented_sun_aaxxjlsuzvqlgylf.jpg,"[[568, 445], [567, 476], [624, 503], [626, 468]]",cabinet door,0.311,"[[0, 400], [900, 400], [900, 600], [0, 600]]",below,0.983,58.0,59.0,"{""above"": null, ""below"": 16686, ""left"": null, ""right"": 16684, ""top_left"": null, ""top_right"": null, ""bottom_left"": null, ""bottom_right"": null}","{""above"": ""stove"", ""below"": null, ""left"": null, ""right"": ""sink"", ""top_left"": null, ""top_right"": null, ""bottom_left"": ""dishwasher"", ""bottom_right"": null}","{'toaster': 0.0897, 'dishwasher': 0.0636, 'oven': 0.2619, 'coffee machine': 0.2523, 'stove': 0.1009, 'refrigerator': 0.2506, 'sink': 0.1047}","{'toaster': 305.53, 'dishwasher': 146.71, 'oven': 192.17, 'coffee machine': 204.65, 'stove': 257.49, 'refrigerator': 186.33, 'sink': 342.0}",[],cabinet door,"{'toaster': 1, 'dishwasher': 2, 'stove': 2}","Container id 23, is a ""cabinet door"" below the countertop. Additionally, it is the closest to the toaster, the 2nd closest to the dishwasher, and the 2nd closest to the stove."
16688,24,images/kitchen/25_segmented_sun_aaxxjlsuzvqlgylf.jpg,"[[605, 138], [588, 149], [597, 318], [621, 321], [624, 140]]",cabinet door,0.324,"[[0, 400], [900, 400], [900, 600], [0, 600]]",above,5.083,183.0,36.0,"{""above"": null, ""below"": null, ""left"": null, ""right"": 16671, ""top_left"": null, ""top_right"": null, ""bottom_left"": 16679, ""bottom_right"": null}","{""above"": null, ""below"": null, ""left"": null, ""right"": null, ""top_left"": null, ""top_right"": null, ""bottom_left"": ""stove"", ""bottom_right"": ""toaster""}","{'toaster': 0.1724, 'dishwasher': 0.2822, 'oven': 0.324, 'coffee machine': 0.2747, 'stove': 0.1452, 'refrigerator': 0.3351, 'sink': 0.2263}","{'toaster': 75.82, 'dishwasher': 102.92, 'oven': 145.18, 'coffee machine': 150.58, 'stove': 102.66, 'refrigerator': 140.63, 'sink': 66.66}",[],cabinet door,{},"Container id 24, is a ""cabinet door"" above the countertop."
16689,25,images/kitchen/25_segmented_sun_aaxxjlsuzvqlgylf.jpg,"[[711, 545], [711, 599], [782, 598], [782, 577]]",cabinet door,0.324,"[[0, 400], [900, 400], [900, 600], [0, 600]]",below,0.761,54.0,71.0,"{""above"": 16674, ""below"": null, ""left"": null, ""right"": 16676, ""top_left"": 16684, ""top_right"": null, ""bottom_left"": null, ""bottom_right"": null}","{""above"": null, ""below"": null, ""left"": null, ""right"": null, ""top_left"": null, ""top_right"": null, ""bottom_left"": null, ""bottom_right"": null}","{'toaster': 0.1924, 'dishwasher': 0.2024, 'oven': 0.4239, 'coffee machine': 0.421, 'stove': 0.2545, 'refrigerator': 0.408, 'sink': 0.1368}","{'toaster': 243.2, 'dishwasher': 198.37, 'oven': 201.29, 'coffee machine': 208.98, 'stove': 230.82, 'refrigerator': 198.04, 'sink': 253.31}",[],cabinet door,{},"Container id 25, is a ""cabinet door"" below the countertop."
16690,1,images/kitchen/2_segmented_sun_akcfwrlwjuvfzpzd.jpg,"[[78, 188], [55, 185], [1, 199], [0, 255], [78, 255]]",cabinet door,0.435,"[[0, 182], [256, 182], [256, 256], [0, 256]]",below,0.897,70.0,78.0,"{""above"": null, ""below"": null, ""left"": null, ""right"": null, ""top_left"": null, ""top_right"": null, ""bottom_left"": null, ""bottom_right"": null}","{""above"": null, ""below"": null, ""left"": null, ""right"": null, ""top_left"": null, ""top_right"": null, ""bottom_left"": null, ""bottom_right"": null}",{'sink': 0.5163},{'sink': 345.56},[],cabinet door,{'sink': 2},"Container id 1, is a ""cabinet door"" below the countertop. Additionally, it is the 2nd closest to the sink."
16691,2,images/kitchen/2_segmented_sun_akcfwrlwjuvfzpzd.jpg,"[[66, 183], [67, 183]]",drawer,0.358,"[[0, 182], [256, 182], [256, 256], [0, 256]]",below,0.0,0.0,1.0,"{""above"": null, ""below"": null, ""left"": null, ""right"": null, ""top_left"": null, ""top_right"": null, ""bottom_left"": null, ""bottom_right"": null}","{""above"": null, ""below"": null, ""left"": null, ""right"": null, ""top_left"": null, ""top_right"": null, ""bottom_left"": null, ""bottom_right"": null}",{'sink': 0.4349},{'sink': 355.19},[],drawer,{'sink': 1},"Container id 2, is a ""drawer"" below the countertop. Additionally, it is the closest to the sink."
16781,1,images/kitchen/34_segmented_sun_axpesxgsnxrsdqtr.jpg,"[[212, 494], [138, 532], [141, 548], [157, 546], [139, 564], [141, 681], [173, 681], [214, 639]]",cabinet door,0.484,"[[0, 395], [1024, 395], [1024, 683], [0, 683]]",below,2.461,187.0,76.0,"{""above"": 16784, ""below"": null, ""left"": 16797, ""right"": null, ""top_left"": null, ""top_right"": null, ""bottom_left"": null, ""bottom_right"": null}","{""above"": ""coffee machine"", ""below"": null, ""left"": null, ""right"": null, ""top_left"": null, ""top_right"": ""dishwasher"", ""bottom_left"": null, ""bottom_right"": null}","{'dishwasher': 0.0826, 'microwave': 0.6676, 'coffee machine': 0.1765, 'refrigerator': 0.3212, 'oven': 0.1328, 'sink': 0.6949, 'stove': 0.6279}","{'dishwasher': 324.81, 'microwave': 339.62, 'coffee machine': 280.89, 'refrigerator': 325.02, 'oven': 226.55, 'sink': 350.75, 'stove': 354.74}",[],cabinet door,{},"Container id 1, is a ""cabinet door"" below the countertop."
16782,2,images/kitchen/34_segmented_sun_axpesxgsnxrsdqtr.jpg,"[[619, 208], [618, 330], [677, 330], [677, 209]]",cabinet door,0.477,"[[0, 395], [1024, 395], [1024, 683], [0, 683]]",above,2.068,122.0,59.0,"{""above"": null, ""below"": null, ""left"": 16785, ""right"": 16786, ""top_left"": null, ""top_right"": null, ""bottom_left"": null, ""bottom_right"": null}","{""above"": null, ""below"": null, ""left"": null, ""right"": null, ""top_left"": null, ""top_right"": null, ""bottom_left"": null, ""bottom_right"": null}","{'dishwasher': 0.3868, 'microwave': 0.2345, 'coffee machine': 0.369, 'refrigerator': 0.1487, 'oven': 0.51, 'sink': 0.3272, 'stove': 0.3064}","{'dishwasher': 147.22, 'microwave': 6.02, 'coffee machine': 166.89, 'refrigerator': 150.63, 'oven': 161.64, 'sink': 26.38, 'stove': 40.62}",[],cabinet door,{},"Container id 2, is a ""cabinet door"" above the countertop."
16783,3,images/kitchen/34_segmented_sun_axpesxgsnxrsdqtr.jpg,"[[824, 441], [820, 601], [854, 630], [855, 450]]",cabinet door,0.436,"[[0, 395], [1024, 395], [1024, 683], [0, 683]]",below,5.4,189.0,35.0,"{""above"": null, ""below"": null, ""left"": 16796, ""right"": null, ""top_left"": 16809, ""top_right"": null, ""bottom_left"": null, ""bottom_right"": null}","{""above"": null, ""below"": null, ""left"": null, ""right"": ""stove"", ""top_left"": null, ""top_right"": null, ""bottom_left"": null, ""bottom_right"": null}","{'dishwasher': 0.4799, 'microwave': 0.2034, 'coffee machine': 0.5299, 'refrigerator': 0.3166, 'oven': 0.6409, 'sink': 0.1537, 'stove': 0.0788}","{'dishwasher': 180.34, 'microwave': 292.67, 'coffee machine': 194.04, 'refrigerator': 206.11, 'oven': 184.62, 'sink': 334.21, 'stove': 350.66}",[],cabinet door,"{'sink': 1, 'stove': 1}","Container id 3, is a ""cabinet door"" below the countertop. Additionally, it is the closest to the sink, and the closest to the stove."
16784,4,images/kitchen/34_segmented_sun_axpesxgsnxrsdqtr.jpg,"[[212, 453], [141, 476], [138, 523], [211, 491]]",drawer,0.497,"[[0, 395], [1024, 395], [1024, 683], [0, 683]]",below,0.946,70.0,74.0,"{""above"": null, ""below"": 16781, ""left"": null, ""right"": null, ""top_left"": null, ""top_right"": null, ""bottom_left"": 16795, ""bottom_right"": null}","{""above"": ""coffee machine"", ""below"": null, ""left"": ""oven"", ""right"": ""dishwasher"", ""top_left"": null, ""top_right"": null, ""bottom_left"": null, ""bottom_right"": null}","{'dishwasher': 0.0674, 'microwave': 0.6351, 'coffee machine': 0.0953, 'refrigerator': 0.2742, 'oven': 0.1015, 'sink': 0.6775, 'stove': 0.6167}","{'dishwasher': 29.81, 'microwave': 346.22, 'coffee machine': 284.78, 'refrigerator': 337.94, 'oven': 188.63, 'sink': 357.42, 'stove': 2.19}",[],drawer,"{'dishwasher': 2, 'coffee machine': 2, 'oven': 2}","Container id 4, is a ""drawer"" below the countertop. Additionally, it is the 2nd closest to the dishwasher, the 2nd closest to the coffee machine, and the 2nd closest to the oven."
16785,5,images/kitchen/34_segmented_sun_axpesxgsnxrsdqtr.jpg,"[[558, 208], [555, 328], [611, 331], [611, 210]]",cabinet door,0.476,"[[0, 395], [1024, 395], [1024, 683], [0, 683]]",above,2.196,123.0,56.0,"{""above"": null, ""below"": null, ""left"": 16800, ""right"": 16782, ""top_left"": null, ""top_right"": null, ""bottom_left"": null, ""bottom_right"": null}","{""above"": null, ""below"": null, ""left"": null, ""right"": null, ""top_left"": null, ""top_right"": null, ""bottom_left"": ""refrigerator"", ""bottom_right"": null}","{'dishwasher': 0.3442, 'microwave': 0.2862, 'coffee machine': 0.3186, 'refrigerator': 0.1065, 'oven': 0.4609, 'sink': 0.3745, 'stove': 0.3475}","{'dishwasher': 142.53, 'microwave': 4.93, 'coffee machine': 164.77, 'refrigerator': 136.77, 'oven': 159.6, 'sink': 22.84, 'stove': 35.03}",[],cabinet door,{},"Container id 5, is a ""cabinet door"" above the countertop."
16786,6,images/kitchen/34_segmented_sun_axpesxgsnxrsdqtr.jpg,"[[722, 200], [681, 208], [683, 330], [723, 326]]",cabinet door,0.445,"[[0, 395], [1024, 395], [1024, 683], [0, 683]]",above,3.095,130.0,42.0,"{""above"": null, ""below"": null, ""left"": 16782, ""right"": null, ""top_left"": null, ""top_right"": null, ""bottom_left"": null, ""bottom_right"": null}","{""above"": null, ""below"": null, ""left"": null, ""right"": null, ""top_left"": null, ""top_right"": null, ""bottom_left"": null, ""bottom_right"": null}","{'dishwasher': 0.426, 'microwave': 0.1908, 'coffee machine': 0.4128, 'refrigerator': 0.1895, 'oven': 0.5529, 'sink': 0.2896, 'stove': 0.2762}","{'dishwasher': 150.15, 'microwave': 8.2, 'coffee machine': 167.92, 'refrigerator': 156.51, 'oven': 162.82, 'sink': 30.74, 'stove': 47.03}",[],cabinet door,{},"Container id 6, is a ""cabinet door"" above the countertop."
16787,7,images/kitchen/34_segmented_sun_axpesxgsnxrsdqtr.jpg,"[[434, 196], [434, 274], [488, 273], [489, 200]]",cabinet door,0.434,"[[0, 395], [1024, 395], [1024, 683], [0, 683]]",above,1.418,78.0,55.0,"{""above"": null, ""below"": null, ""left"": null, ""right"": 16800, ""top_left"": null, ""top_right"": null, ""bottom_left"": null, ""bottom_right"": null}","{""above"": null, ""below"": ""refrigerator"", ""left"": null, ""right"": null, ""top_left"": null, ""top_right"": null, ""bottom_left"": null, ""bottom_right"": null}","{'dishwasher': 0.2935, 'microwave': 0.3882, 'coffee machine': 0.2356, 'refrigerator': 0.1025, 'oven': 0.3819, 'sink': 0.477, 'stove': 0.446}","{'dishwasher': 126.28, 'microwave': 7.67, 'coffee machine': 151.91, 'refrigerator': 77.63, 'oven': 150.53, 'sink': 21.21, 'stove': 30.55}",[],cabinet door,{'refrigerator': 2},"Container id 7, is a ""cabinet door"" above the countertop. Additionally, it is the 2nd closest to the refrigerator."
16788,8,images/kitchen/34_segmented_sun_axpesxgsnxrsdqtr.jpg,"[[149, 142], [149, 353], [202, 334], [202, 169]]",cabinet door,0.376,"[[0, 395], [1024, 395], [1024, 683], [0, 683]]",above,3.981,211.0,53.0,"{""above"": null, ""below"": null, ""left"": null, ""right"": null, ""top_left"": null, ""top_right"": null, ""bottom_left"": null, ""bottom_right"": null}","{""above"": null, ""below"": ""coffee machine"", ""left"": null, ""right"": null, ""top_left"": null, ""top_right"": null, ""bottom_left"": null, ""bottom_right"": null}","{'dishwasher': 0.2329, 'microwave': 0.6182, 'coffee machine': 0.1027, 'refrigerator': 0.2692, 'oven': 0.2032, 'sink': 0.6958, 'stove': 0.6528}","{'dishwasher': 75.45, 'microwave': 3.77, 'coffee machine': 76.3, 'refrigerator': 19.29, 'oven': 119.59, 'sink': 13.41, 'stove': 19.27}",[],cabinet door,{},"Container id 8, is a ""cabinet door"" above the countertop."
16789,9,images/kitchen/34_segmented_sun_axpesxgsnxrsdqtr.jpg,"[[306, 448], [280, 461], [281, 574], [309, 543]]",cabinet door,0.426,"[[0, 395], [1024, 395], [1024, 683], [0, 683]]",below,4.345,126.0,29.0,"{""above"": 16793, ""below"": null, ""left"": null, ""right"": null, ""top_left"": null, ""top_right"": 16802, ""bottom_left"": null, ""bottom_right"": null}","{""above"": null, ""below"": null, ""left"": ""dishwasher"", ""right"": null, ""top_left"": null, ""top_right"": null, ""bottom_left"": null, ""bottom_right"": null}","{'dishwasher': 0.0413, 'microwave': 0.5471, 'coffee machine': 0.1306, 'refrigerator': 0.1982, 'oven': 0.1992, 'sink': 0.5825, 'stove': 0.52}","{'dishwasher': 156.21, 'microwave': 342.1, 'coffee machine': 236.58, 'refrigerator': 322.79, 'oven': 189.27, 'sink': 355.34, 'stove': 0.74}",[],cabinet door,{'dishwasher': 1},"Container id 9, is a ""cabinet door"" below the countertop. Additionally, it is the closest to the dishwasher."
16790,10,images/kitchen/34_segmented_sun_axpesxgsnxrsdqtr.jpg,"[[656, 395], [653, 461], [686, 487], [687, 399]]",cabinet door,0.43,"[[0, 395], [1024, 395], [1024, 683], [0, 683]]",below,2.706,92.0,34.0,"{""above"": null, ""below"": null, ""left"": 16804, ""right"": 16805, ""top_left"": 16794, ""top_right"": null, ""bottom_left"": null, ""bottom_right"": null}","{""above"": null, ""below"": null, ""left"": null, ""right"": null, ""top_left"": null, ""top_right"": null, ""bottom_left"": null, ""bottom_right"": null}","{'dishwasher': 0.3516, 'microwave': 0.2414, 'coffee machine': 0.3813, 'refrigerator': 0.1606, 'oven': 0.5031, 'sink': 0.2749, 'stove': 0.2235}","{'dishwasher': 167.79, 'microwave': 332.77, 'coffee machine': 187.74, 'refrigerator': 202.77, 'oven': 177.08, 'sink': 2.15, 'stove': 16.74}",[],cabinet door,{},"Container id 10, is a ""cabinet door"" below the countertop."
16791,11,images/kitchen/34_segmented_sun_axpesxgsnxrsdqtr.jpg,"[[913, 15], [858, 61], [861, 243], [915, 226], [899, 212], [915, 199]]",cabinet door,0.386,"[[0, 395], [1024, 395], [1024, 683], [0, 683]]",above,4.0,228.0,57.0,"{""above"": null, ""below"": null, ""left"": null, ""right"": null, ""top_left"": null, ""top_right"": 16792, ""bottom_left"": 16813, ""bottom_right"": null}","{""above"": null, ""below"": null, ""left"": null, ""right"": null, ""top_left"": null, ""top_right"": null, ""bottom_left"": null, ""bottom_right"": ""microwave""}","{'dishwasher': 0.6039, 'microwave': 0.1187, 'coffee machine': 0.5852, 'refrigerator': 0.367, 'oven': 0.7279, 'sink': 0.2526, 'stove': 0.2906}","{'dishwasher': 150.35, 'microwave': 73.6, 'coffee machine': 162.8, 'refrigerator': 153.77, 'oven': 159.92, 'sink': 68.28, 'stove': 83.5}",[],cabinet door,{'microwave': 2},"Container id 11, is a ""cabinet door"" above the countertop. Additionally, it is the 2nd closest to the microwave."
16792,12,images/kitchen/34_segmented_sun_axpesxgsnxrsdqtr.jpg,"[[1002, 0], [917, 14], [920, 226], [1005, 202]]",cabinet door,0.413,"[[0, 395], [1024, 395], [1024, 683], [0, 683]]",above,2.568,226.0,88.0,"{""above"": null, ""below"": null, ""left"": null, ""right"": null, ""top_left"": null, ""top_right"": null, ""bottom_left"": 16791, ""bottom_right"": null}","{""above"": null, ""below"": ""microwave"", ""left"": null, ""right"": null, ""top_left"": null, ""top_right"": null, ""bottom_left"": null, ""bottom_right"": null}","{'dishwasher': 0.6712, 'microwave': 0.155, 'coffee machine': 0.6496, 'refrigerator': 0.4339, 'oven': 0.7933, 'sink': 0.2771, 'stove': 0.3292}","{'dishwasher': 149.73, 'microwave': 97.91, 'coffee machine': 160.89, 'refrigerator': 152.27, 'oven': 158.59, 'sink': 81.98, 'stove': 93.82}",[],cabinet door,{},"Container id 12, is a ""cabinet door"" above the countertop."
16793,13,images/kitchen/34_segmented_sun_axpesxgsnxrsdqtr.jpg,"[[305, 417], [279, 426], [281, 456], [306, 444]]",drawer,0.444,"[[0, 395], [1024, 395], [1024, 683], [0, 683]]",below,1.444,39.0,27.0,"{""above"": null, ""below"": null, ""left"": null, ""right"": null, ""top_left"": null, ""top_right"": null, ""bottom_left"": null, ""bottom_right"": null}","{""above"": null, ""below"": null, ""left"": null, ""right"": null, ""top_left"": null, ""top_right"": null, ""bottom_left"": null, ""bottom_right"": null}","{'dishwasher': 0.0827, 'microwave': 0.5332, 'coffee machine': 0.0877, 'refrigerator': 0.1707, 'oven': 0.1972, 'sink': 0.5817, 'stove': 0.5249}","{'dishwasher': 116.38, 'microwave': 348.02, 'coffee machine': 216.01, 'refrigerator': 338.57, 'oven': 172.6, 'sink': 1.0, 'stove': 7.02}",[],drawer,{'coffee machine': 1},"Container id 13, is a ""drawer"" below the countertop. Additionally, it is the closest to the coffee machine."
16794,14,images/kitchen/34_segmented_sun_axpesxgsnxrsdqtr.jpg,"[[605, 395], [605, 413], [650, 413], [649, 395]]",drawer,0.429,"[[0, 395], [1024, 395], [1024, 683], [0, 683]]",below,0.4,18.0,45.0,"{""above"": null, ""below"": 16804, ""left"": 16806, ""right"": null, ""top_left"": null, ""top_right"": null, ""bottom_left"": null, ""bottom_right"": 16790}","{""above"": null, ""below"": null, ""left"": null, ""right"": null, ""top_left"": null, ""top_right"": null, ""bottom_left"": null, ""bottom_right"": null}","{'dishwasher': 0.3243, 'microwave': 0.2639, 'coffee machine': 0.3437, 'refrigerator': 0.1187, 'oven': 0.4701, 'sink': 0.3119, 'stove': 0.265}","{'dishwasher': 162.05, 'microwave': 341.23, 'coffee machine': 184.3, 'refrigerator': 197.94, 'oven': 173.75, 'sink': 6.61, 'stove': 19.85}",[],drawer,{},"Container id 14, is a ""drawer"" below the countertop."
16795,15,images/kitchen/34_segmented_sun_axpesxgsnxrsdqtr.jpg,"[[134, 481], [8, 526], [7, 588], [132, 529]]",drawer,0.482,"[[0, 395], [1024, 395], [1024, 683], [0, 683]]",below,0.843,107.0,127.0,"{""above"": null, ""below"": 16797, ""left"": null, ""right"": 16781, ""top_left"": null, ""top_right"": null, ""bottom_left"": null, ""bottom_right"": null}","{""above"": ""oven"", ""below"": null, ""left"": null, ""right"": null, ""top_left"": null, ""top_right"": null, ""bottom_left"": null, ""bottom_right"": null}","{'dishwasher': 0.144, 'microwave': 0.7271, 'coffee machine': 0.1694, 'refrigerator': 0.3672, 'oven': 0.0541, 'sink': 0.7653, 'stove': 0.7019}","{'dishwasher': 358.71, 'microwave': 345.01, 'coffee machine': 310.42, 'refrigerator': 337.64, 'oven': 254.08, 'sink': 354.96, 'stove': 358.92}",[],drawer,{'oven': 1},"Container id 15, is a ""drawer"" below the countertop. Additionally, it is the closest to the oven."
16796,16,images/kitchen/34_segmented_sun_axpesxgsnxrsdqtr.jpg,"[[780, 458], [777, 564], [817, 600], [819, 474]]",cabinet door,0.423,"[[0, 395], [1024, 395], [1024, 683], [0, 683]]",below,3.381,142.0,42.0,"{""above"": 16809, ""below"": null, ""left"": 16803, ""right"": 16783, ""top_left"": 16810, ""top_right"": null, ""bottom_left"": null, ""bottom_right"": null}","{""above"": null, ""below"": null, ""left"": null, ""right"": ""stove"", ""top_left"": null, ""top_right"": null, ""bottom_left"": null, ""bottom_right"": null}","{'dishwasher': 0.4475, 'microwave': 0.2135, 'coffee machine': 0.4971, 'refrigerator': 0.2853, 'oven': 0.608, 'sink': 0.1817, 'stove': 0.1105}","{'dishwasher': 179.69, 'microwave': 301.3, 'coffee machine': 194.35, 'refrigerator': 208.03, 'oven': 184.37, 'sink': 340.18, 'stove': 356.1}",[],cabinet door,{'stove': 2},"Container id 16, is a ""cabinet door"" below the countertop. Additionally, it is the 2nd closest to the stove."
16797,17,images/kitchen/34_segmented_sun_axpesxgsnxrsdqtr.jpg,"[[134, 534], [8, 598], [11, 681], [136, 681]]",cabinet door,0.435,"[[0, 395], [1024, 395], [1024, 683], [0, 683]]",below,1.148,147.0,128.0,"{""above"": 16795, ""below"": null, ""left"": null, ""right"": 16781, ""top_left"": null, ""top_right"": 16784, ""bottom_left"": null, ""bottom_right"": null}","{""above"": null, ""below"": null, ""left"": null, ""right"": null, ""top_left"": null, ""top_right"": null, ""bottom_left"": null, ""bottom_right"": null}","{'dishwasher': 0.1625, 'microwave': 0.7485, 'coffee machine': 0.231, 'refrigerator': 0.4005, 'oven': 0.1282, 'sink': 0.7739, 'stove': 0.7057}","{'dishwasher': 331.16, 'microwave': 339.41, 'coffee machine': 297.93, 'refrigerator': 327.55, 'oven': 262.63, 'sink': 349.4, 'stove': 352.81}",[],cabinet door,{},"Container id 17, is a ""cabinet door"" below the countertop."
16798,18,images/kitchen/34_segmented_sun_axpesxgsnxrsdqtr.jpg,"[[811, 134], [758, 171], [765, 307], [816, 298]]",cabinet door,0.315,"[[0, 395], [1024, 395], [1024, 683], [0, 683]]",above,2.983,173.0,58.0,"{""above"": null, ""below"": 16811, ""left"": 16801, ""right"": 16808, ""top_left"": null, ""top_right"": null, ""bottom_left"": null, ""bottom_right"": null}","{""above"": null, ""below"": null, ""left"": null, ""right"": ""microwave"", ""top_left"": null, ""top_right"": null, ""bottom_left"": null, ""bottom_right"": null}","{'dishwasher': 0.5017, 'microwave': 0.1332, 'coffee machine': 0.4873, 'refrigerator': 0.2655, 'oven': 0.6284, 'sink': 0.2538, 'stove': 0.262}","{'dishwasher': 150.99, 'microwave': 26.06, 'coffee machine': 166.03, 'refrigerator': 156.28, 'oven': 161.96, 'sink': 44.95, 'stove': 62.98}",[],cabinet door,{},"Container id 18, is a ""cabinet door"" above the countertop."
16799,19,images/kitchen/34_segmented_sun_axpesxgsnxrsdqtr.jpg,"[[720, 431], [718, 513], [741, 534], [742, 442]]",cabinet door,0.378,"[[0, 395], [1024, 395], [1024, 683], [0, 683]]",below,4.292,103.0,24.0,"{""above"": 16812, ""below"": null, ""left"": null, ""right"": 16803, ""top_left"": 16805, ""top_right"": 16810, ""bottom_left"": null, ""bottom_right"": null}","{""above"": null, ""below"": null, ""left"": null, ""right"": null, ""top_left"": null, ""top_right"": null, ""bottom_left"": null, ""bottom_right"": null}","{'dishwasher': 0.3941, 'microwave': 0.2216, 'coffee machine': 0.4353, 'refrigerator': 0.2198, 'oven': 0.5511, 'sink': 0.2276, 'stove': 0.1679}","{'dishwasher': 174.44, 'microwave': 318.57, 'coffee machine': 191.6, 'refrigerator': 206.57, 'oven': 181.1, 'sink': 353.48, 'stove': 9.68}",[],cabinet door,{},"Container id 19, is a ""cabinet door"" below the countertop."
16800,20,images/kitchen/34_segmented_sun_axpesxgsnxrsdqtr.jpg,"[[546, 200], [494, 200], [495, 274], [549, 273]]",cabinet door,0.445,"[[0, 395], [1024, 395], [1024, 683], [0, 683]]",above,1.345,74.0,55.0,"{""above"": null, ""below"": null, ""left"": 16807, ""right"": 16785, ""top_left"": null, ""top_right"": null, ""bottom_left"": null, ""bottom_right"": null}","{""above"": null, ""below"": ""refrigerator"", ""left"": null, ""right"": null, ""top_left"": null, ""top_right"": null, ""bottom_left"": null, ""bottom_right"": null}","{'dishwasher': 0.324, 'microwave': 0.34, 'coffee machine': 0.279, 'refrigerator': 0.1028, 'oven': 0.4245, 'sink': 0.4318, 'stove': 0.4045}","{'dishwasher': 133.3, 'microwave': 8.62, 'coffee machine': 156.76, 'refrigerator': 104.98, 'oven': 153.85, 'sink': 23.44, 'stove': 33.95}",[],cabinet door,{},"Container id 20, is a ""cabinet door"" above the countertop."
16801,21,images/kitchen/34_segmented_sun_axpesxgsnxrsdqtr.jpg,"[[779, 157], [758, 171], [762, 307], [782, 301]]",cabinet door,0.351,"[[0, 395], [1024, 395], [1024, 683], [0, 683]]",above,6.25,150.0,24.0,"{""above"": null, ""below"": 16811, ""left"": null, ""right"": 16798, ""top_left"": null, ""top_right"": null, ""bottom_left"": null, ""bottom_right"": null}","{""above"": null, ""below"": null, ""left"": null, ""right"": null, ""top_left"": null, ""top_right"": null, ""bottom_left"": null, ""bottom_right"": null}","{'dishwasher': 0.4869, 'microwave': 0.1438, 'coffee machine': 0.4724, 'refrigerator': 0.2506, 'oven': 0.6135, 'sink': 0.2603, 'stove': 0.2641}","{'dishwasher': 150.73, 'microwave': 21.71, 'coffee machine': 166.24, 'refrigerator': 156.09, 'oven': 162.03, 'sink': 41.95, 'stove': 59.75}",[],cabinet door,{},"Container id 21, is a ""cabinet door"" above the countertop."
16802,22,images/kitchen/34_segmented_sun_axpesxgsnxrsdqtr.jpg,"[[297, 190], [311, 499], [372, 502], [400, 467], [398, 192]]",cabinet door,0.324,"[[0, 395], [1024, 395], [1024, 683], [0, 683]]",below,3.029,312.0,103.0,"{""above"": null, ""below"": 16789, ""left"": null, ""right"": null, ""top_left"": null, ""top_right"": 16807, ""bottom_left"": 16793, ""bottom_right"": null}","{""above"": null, ""below"": null, ""left"": null, ""right"": ""refrigerator"", ""top_left"": null, ""top_right"": null, ""bottom_left"": ""dishwasher"", ""bottom_right"": null}","{'dishwasher': 0.1549, 'microwave': 0.474, 'coffee machine': 0.122, 'refrigerator': 0.1082, 'oven': 0.2589, 'sink': 0.5343, 'stove': 0.4844}","{'dishwasher': 124.55, 'microwave': 353.06, 'coffee machine': 179.13, 'refrigerator': 355.26, 'oven': 162.28, 'sink': 6.83, 'stove': 14.05}",[],cabinet door,{},"Container id 22, is a ""cabinet door"" below the countertop."
16803,23,images/kitchen/34_segmented_sun_axpesxgsnxrsdqtr.jpg,"[[744, 442], [744, 537], [774, 561], [776, 457]]",cabinet door,0.397,"[[0, 395], [1024, 395], [1024, 683], [0, 683]]",below,3.719,119.0,32.0,"{""above"": 16810, ""below"": null, ""left"": 16799, ""right"": 16796, ""top_left"": 16812, ""top_right"": 16809, ""bottom_left"": null, ""bottom_right"": null}","{""above"": null, ""below"": null, ""left"": null, ""right"": null, ""top_left"": null, ""top_right"": null, ""bottom_left"": null, ""bottom_right"": null}","{'dishwasher': 0.4166, 'microwave': 0.2159, 'coffee machine': 0.4618, 'refrigerator': 0.2481, 'oven': 0.5754, 'sink': 0.2066, 'stove': 0.1423}","{'dishwasher': 176.9, 'microwave': 311.26, 'coffee machine': 192.91, 'refrigerator': 207.34, 'oven': 182.61, 'sink': 348.42, 'stove': 5.08}",[],cabinet door,{},"Container id 23, is a ""cabinet door"" below the countertop."
16804,24,images/kitchen/34_segmented_sun_axpesxgsnxrsdqtr.jpg,"[[607, 415], [610, 424], [650, 459], [650, 415]]",cabinet door,0.323,"[[0, 395], [1024, 395], [1024, 683], [0, 683]]",below,1.023,44.0,43.0,"{""above"": 16794, ""below"": null, ""left"": 16806, ""right"": 16790, ""top_left"": null, ""top_right"": null, ""bottom_left"": null, ""bottom_right"": null}","{""above"": null, ""below"": null, ""left"": null, ""right"": null, ""top_left"": null, ""top_right"": null, ""bottom_left"": null, ""bottom_right"": null}","{'dishwasher': 0.3204, 'microwave': 0.2693, 'coffee machine': 0.3473, 'refrigerator': 0.1276, 'oven': 0.47, 'sink': 0.3086, 'stove': 0.2574}","{'dishwasher': 165.5, 'microwave': 337.15, 'coffee machine': 187.52, 'refrigerator': 206.16, 'oven': 176.16, 'sink': 3.01, 'stove': 15.85}",[],cabinet door,{},"Container id 24, is a ""cabinet door"" below the countertop."
16805,25,images/kitchen/34_segmented_sun_axpesxgsnxrsdqtr.jpg,"[[690, 399], [689, 489], [717, 511], [716, 406]]",cabinet door,0.35,"[[0, 395], [1024, 395], [1024, 683], [0, 683]]",below,4.0,112.0,28.0,"{""above"": null, ""below"": null, ""left"": 16790, ""right"": null, ""top_left"": null, ""top_right"": 16812, ""bottom_left"": null, ""bottom_right"": 16799}","{""above"": null, ""below"": null, ""left"": null, ""right"": null, ""top_left"": null, ""top_right"": null, ""bottom_left"": null, ""bottom_right"": null}","{'dishwasher': 0.3751, 'microwave': 0.2251, 'coffee machine': 0.4093, 'refrigerator': 0.1899, 'oven': 0.529, 'sink': 0.2483, 'stove': 0.1946}","{'dishwasher': 170.56, 'microwave': 326.78, 'coffee machine': 189.02, 'refrigerator': 203.25, 'oven': 178.61, 'sink': 359.43, 'stove': 15.37}",[],cabinet door,{},"Container id 25, is a ""cabinet door"" below the countertop."
16806,26,images/kitchen/34_segmented_sun_axpesxgsnxrsdqtr.jpg,"[[560, 395], [560, 411], [602, 413], [601, 394]]",drawer,0.412,"[[0, 395], [1024, 395], [1024, 683], [0, 683]]",below,0.452,19.0,42.0,"{""above"": null, ""below"": null, ""left"": null, ""right"": 16794, ""top_left"": null, ""top_right"": null, ""bottom_left"": null, ""bottom_right"": 16804}","{""above"": null, ""below"": null, ""left"": null, ""right"": null, ""top_left"": null, ""top_right"": null, ""bottom_left"": null, ""bottom_right"": null}","{'dishwasher': 0.2888, 'microwave': 0.2997, 'coffee machine': 0.306, 'refrigerator': 0.0833, 'oven': 0.4327, 'sink': 0.3495, 'stove': 0.3009}","{'dishwasher': 159.63, 'microwave': 343.67, 'coffee machine': 184.72, 'refrigerator': 205.57, 'oven': 173.13, 'sink': 6.0, 'stove': 17.52}",[],drawer,{'refrigerator': 1},"Container id 26, is a ""drawer"" below the countertop. Additionally, it is the closest to the refrigerator."
16807,27,images/kitchen/34_segmented_sun_axpesxgsnxrsdqtr.jpg,"[[561, 186], [432, 186], [433, 274], [547, 276]]",cabinet door,0.304,"[[0, 395], [1024, 395], [1024, 683], [0, 683]]",above,0.698,90.0,129.0,"{""above"": null, ""below"": null, ""left"": 16787, ""right"": 16800, ""top_left"": null, ""top_right"": null, ""bottom_left"": 16802, ""bottom_right"": null}","{""above"": null, ""below"": ""refrigerator"", ""left"": null, ""right"": null, ""top_left"": null, ""top_right"": null, ""bottom_left"": null, ""bottom_right"": null}","{'dishwasher': 0.3129, 'microwave': 0.363, 'coffee machine': 0.2607, 'refrigerator': 0.1045, 'oven': 0.4067, 'sink': 0.4545, 'stove': 0.4261}","{'dishwasher': 129.65, 'microwave': 8.88, 'coffee machine': 153.77, 'refrigerator': 92.21, 'oven': 151.81, 'sink': 22.9, 'stove': 32.82}",[],cabinet door,{},"Container id 27, is a ""cabinet door"" above the countertop."
16808,28,images/kitchen/34_segmented_sun_axpesxgsnxrsdqtr.jpg,"[[811, 134], [782, 154], [786, 304], [817, 295]]",cabinet door,0.335,"[[0, 395], [1024, 395], [1024, 683], [0, 683]]",above,4.857,170.0,35.0,"{""above"": null, ""below"": null, ""left"": 16798, ""right"": 16813, ""top_left"": null, ""top_right"": null, ""bottom_left"": 16811, ""bottom_right"": null}","{""above"": null, ""below"": null, ""left"": null, ""right"": ""microwave"", ""top_left"": null, ""top_right"": null, ""bottom_left"": null, ""bottom_right"": null}","{'dishwasher': 0.5121, 'microwave': 0.1271, 'coffee machine': 0.4975, 'refrigerator': 0.276, 'oven': 0.6388, 'sink': 0.2507, 'stove': 0.2621}","{'dishwasher': 151.04, 'microwave': 29.8, 'coffee machine': 165.77, 'refrigerator': 156.17, 'oven': 161.82, 'sink': 47.21, 'stove': 65.26}",[],cabinet door,{},"Container id 28, is a ""cabinet door"" above the countertop."
16809,29,images/kitchen/34_segmented_sun_axpesxgsnxrsdqtr.jpg,"[[779, 426], [778, 453], [818, 470], [819, 439]]",drawer,0.376,"[[0, 395], [1024, 395], [1024, 683], [0, 683]]",below,1.073,44.0,41.0,"{""above"": null, ""below"": 16796, ""left"": 16810, ""right"": null, ""top_left"": null, ""top_right"": null, ""bottom_left"": 16803, ""bottom_right"": null}","{""above"": null, ""below"": null, ""left"": null, ""right"": null, ""top_left"": null, ""top_right"": null, ""bottom_left"": null, ""bottom_right"": null}","{'dishwasher': 0.4523, 'microwave': 0.1631, 'coffee machine': 0.4856, 'refrigerator': 0.262, 'oven': 0.6067, 'sink': 0.1707, 'stove': 0.1231}","{'dishwasher': 171.74, 'microwave': 312.73, 'coffee machine': 187.18, 'refrigerator': 195.84, 'oven': 178.47, 'sink': 0.33, 'stove': 26.57}",[],drawer,{'sink': 2},"Container id 29, is a ""drawer"" below the countertop. Additionally, it is the 2nd closest to the sink."
16810,30,images/kitchen/34_segmented_sun_axpesxgsnxrsdqtr.jpg,"[[745, 415], [744, 438], [774, 450], [775, 424]]",drawer,0.355,"[[0, 395], [1024, 395], [1024, 683], [0, 683]]",below,1.129,35.0,31.0,"{""above"": null, ""below"": null, ""left"": 16812, ""right"": 16809, ""top_left"": null, ""top_right"": null, ""bottom_left"": 16799, ""bottom_right"": null}","{""above"": null, ""below"": null, ""left"": null, ""right"": null, ""top_left"": null, ""top_right"": null, ""bottom_left"": null, ""bottom_right"": null}","{'dishwasher': 0.4231, 'microwave': 0.1784, 'coffee machine': 0.4527, 'refrigerator': 0.2281, 'oven': 0.5755, 'sink': 0.2028, 'stove': 0.157}","{'dishwasher': 169.46, 'microwave': 322.96, 'coffee machine': 186.13, 'refrigerator': 195.02, 'oven': 177.15, 'sink': 3.78, 'stove': 25.44}",[],drawer,{},"Container id 30, is a ""drawer"" below the countertop."
16811,31,images/kitchen/34_segmented_sun_axpesxgsnxrsdqtr.jpg,"[[751, 221], [743, 240], [747, 330], [768, 331], [770, 313], [758, 307]]",cabinet door,0.304,"[[0, 395], [1024, 395], [1024, 683], [0, 683]]",above,4.074,110.0,27.0,"{""above"": 16801, ""below"": null, ""left"": null, ""right"": null, ""top_left"": null, ""top_right"": 16798, ""bottom_left"": null, ""bottom_right"": null}","{""above"": null, ""below"": null, ""left"": null, ""right"": null, ""top_left"": null, ""top_right"": null, ""bottom_left"": null, ""bottom_right"": null}","{'dishwasher': 0.4558, 'microwave': 0.1453, 'coffee machine': 0.4524, 'refrigerator': 0.2247, 'oven': 0.5898, 'sink': 0.2419, 'stove': 0.2326}","{'dishwasher': 155.05, 'microwave': 2.94, 'coffee machine': 171.54, 'refrigerator': 165.62, 'oven': 165.92, 'sink': 32.02, 'stove': 51.61}",[],cabinet door,{},"Container id 31, is a ""cabinet door"" above the countertop."
16812,32,images/kitchen/34_segmented_sun_axpesxgsnxrsdqtr.jpg,"[[719, 407], [718, 426], [741, 436], [743, 414]]",drawer,0.341,"[[0, 395], [1024, 395], [1024, 683], [0, 683]]",below,1.16,29.0,25.0,"{""above"": null, ""below"": null, ""left"": null, ""right"": 16810, ""top_left"": null, ""top_right"": null, ""bottom_left"": 16805, ""bottom_right"": null}","{""above"": null, ""below"": null, ""left"": null, ""right"": null, ""top_left"": null, ""top_right"": null, ""bottom_left"": null, ""bottom_right"": null}","{'dishwasher': 0.4016, 'microwave': 0.1931, 'coffee machine': 0.4282, 'refrigerator': 0.2029, 'oven': 0.5523, 'sink': 0.2272, 'stove': 0.1823}","{'dishwasher': 167.59, 'microwave': 329.34, 'coffee machine': 185.28, 'refrigerator': 194.32, 'oven': 176.1, 'sink': 5.63, 'stove': 24.77}",[],drawer,{},"Container id 32, is a ""drawer"" below the countertop."
16813,33,images/kitchen/34_segmented_sun_axpesxgsnxrsdqtr.jpg,"[[854, 187], [844, 197], [829, 190], [836, 329], [857, 326]]",cabinet door,0.31,"[[0, 395], [1024, 395], [1024, 683], [0, 683]]",above,5.071,142.0,28.0,"{""above"": null, ""below"": null, ""left"": 16808, ""right"": null, ""top_left"": null, ""top_right"": 16791, ""bottom_left"": null, ""bottom_right"": null}","{""above"": null, ""below"": null, ""left"": null, ""right"": ""microwave"", ""top_left"": null, ""top_right"": null, ""bottom_left"": null, ""bottom_right"": null}","{'dishwasher': 0.5358, 'microwave': 0.0857, 'coffee machine': 0.5289, 'refrigerator': 0.3033, 'oven': 0.6681, 'sink': 0.2119, 'stove': 0.2304}","{'dishwasher': 154.76, 'microwave': 30.61, 'coffee machine': 168.8, 'refrigerator': 162.35, 'oven': 164.4, 'sink': 50.88, 'stove': 71.5}",[],cabinet door,{'microwave': 1},"Container id 33, is a ""cabinet door"" above the countertop. Additionally, it is the closest to the microwave."
16814,34,images/kitchen/34_segmented_sun_axpesxgsnxrsdqtr.jpg,"[[845, 182], [846, 182]]",drawer,0.326,"[[0, 395], [1024, 395], [1024, 683], [0, 683]]",above,0.0,0.0,1.0,"{""above"": null, ""below"": null, ""left"": null, ""right"": null, ""top_left"": null, ""top_right"": null, ""bottom_left"": null, ""bottom_right"": null}","{""above"": null, ""below"": null, ""left"": null, ""right"": null, ""top_left"": null, ""top_right"": null, ""bottom_left"": null, ""bottom_right"": null}","{'dishwasher': 0.5609, 'microwave': 0.1199, 'coffee machine': 0.5425, 'refrigerator': 0.3239, 'oven': 0.685, 'sink': 0.2536, 'stove': 0.2797}","{'dishwasher': 150.02, 'microwave': 52.78, 'coffee machine': 163.44, 'refrigerator': 153.64, 'oven': 160.24, 'sink': 58.5, 'stove': 75.11}",[],drawer,{},"Container id 34, is a ""drawer"" above the countertop."
17049,1,images/kitchen/22_segmented_sun_aofyuejouqtbyooo.jpg,"[[1114, 339], [1117, 341], [1124, 341], [1125, 340], [1128, 340], [1129, 338], [1126, 337], [1116, 337]]",cabinet door,0.508,"[[0, 431], [1200, 431], [1200, 944], [0, 944]]",above,0.267,4.0,15.0,"{""above"": null, ""below"": null, ""left"": null, ""right"": null, ""top_left"": null, ""top_right"": null, ""bottom_left"": null, ""bottom_right"": null}","{""above"": null, ""below"": null, ""left"": null, ""right"": null, ""top_left"": null, ""top_right"": null, ""bottom_left"": null, ""bottom_right"": null}","{'sink': 0.2823, 'stove': 0.261}","{'sink': 155.98, 'stove': 153.33}",[],cabinet door,{},"Container id 1, is a ""cabinet door"" above the countertop."
17050,2,images/kitchen/22_segmented_sun_aofyuejouqtbyooo.jpg,"[[1094, 339], [1096, 340], [1106, 340], [1107, 339], [1105, 337], [1098, 337]]",cabinet door,0.5,"[[0, 431], [1200, 431], [1200, 944], [0, 944]]",above,0.231,3.0,13.0,"{""above"": null, ""below"": null, ""left"": null, ""right"": null, ""top_left"": null, ""top_right"": null, ""bottom_left"": null, ""bottom_right"": null}","{""above"": null, ""below"": null, ""left"": null, ""right"": null, ""top_left"": null, ""top_right"": null, ""bottom_left"": null, ""bottom_right"": null}","{'sink': 0.2697, 'stove': 0.2487}","{'sink': 154.71, 'stove': 151.82}",[],cabinet door,{},"Container id 2, is a ""cabinet door"" above the countertop."
17051,3,images/kitchen/22_segmented_sun_aofyuejouqtbyooo.jpg,"[[1088, 338], [1080, 337], [1079, 338], [1071, 339], [1087, 340]]",cabinet door,0.467,"[[0, 431], [1200, 431], [1200, 944], [0, 944]]",above,0.176,3.0,17.0,"{""above"": null, ""below"": null, ""left"": null, ""right"": null, ""top_left"": null, ""top_right"": null, ""bottom_left"": null, ""bottom_right"": null}","{""above"": null, ""below"": null, ""left"": null, ""right"": null, ""top_left"": null, ""top_right"": null, ""bottom_left"": null, ""bottom_right"": null}","{'sink': 0.258, 'stove': 0.2373}","{'sink': 153.43, 'stove': 150.28}",[],cabinet door,{},"Container id 3, is a ""cabinet door"" above the countertop."
17052,4,images/kitchen/22_segmented_sun_aofyuejouqtbyooo.jpg,"[[1159, 339], [1154, 335], [1145, 336], [1142, 338], [1134, 338], [1134, 340], [1156, 342]]",cabinet door,0.463,"[[0, 431], [1200, 431], [1200, 944], [0, 944]]",above,0.28,7.0,25.0,"{""above"": null, ""below"": null, ""left"": null, ""right"": null, ""top_left"": null, ""top_right"": null, ""bottom_left"": null, ""bottom_right"": null}","{""above"": null, ""below"": null, ""left"": null, ""right"": null, ""top_left"": null, ""top_right"": null, ""bottom_left"": null, ""bottom_right"": null}","{'sink': 0.2969, 'stove': 0.2753}","{'sink': 157.11, 'stove': 154.69}",[],cabinet door,{},"Container id 4, is a ""cabinet door"" above the countertop."
17053,5,images/kitchen/22_segmented_sun_aofyuejouqtbyooo.jpg,"[[1151, 113], [1013, 112], [1013, 331], [1154, 333]]",cabinet door,0.461,"[[0, 431], [1200, 431], [1200, 944], [0, 944]]",above,1.567,221.0,141.0,"{""above"": null, ""below"": 17051, ""left"": 17054, ""right"": null, ""top_left"": null, ""top_right"": null, ""bottom_left"": null, ""bottom_right"": null}","{""above"": null, ""below"": null, ""left"": null, ""right"": null, ""top_left"": null, ""top_right"": null, ""bottom_left"": null, ""bottom_right"": null}","{'sink': 0.3007, 'stove': 0.2837}","{'sink': 140.45, 'stove': 136.93}",[],cabinet door,{},"Container id 5, is a ""cabinet door"" above the countertop."
17054,6,images/kitchen/22_segmented_sun_aofyuejouqtbyooo.jpg,"[[1006, 112], [876, 117], [881, 330], [1005, 330]]",cabinet door,0.451,"[[0, 431], [1200, 431], [1200, 944], [0, 944]]",above,1.677,218.0,130.0,"{""above"": null, ""below"": null, ""left"": null, ""right"": 17053, ""top_left"": null, ""top_right"": null, ""bottom_left"": null, ""bottom_right"": null}","{""above"": null, ""below"": null, ""left"": null, ""right"": null, ""top_left"": null, ""top_right"": null, ""bottom_left"": null, ""bottom_right"": null}","{'sink': 0.237, 'stove': 0.2253}","{'sink': 126.12, 'stove': 120.71}",[],cabinet door,{},"Container id 6, is a ""cabinet door"" above the countertop."
17055,7,images/kitchen/22_segmented_sun_aofyuejouqtbyooo.jpg,"[[95, 86], [95, 344], [189, 338], [188, 104]]",drawer,0.407,"[[0, 431], [1200, 431], [1200, 944], [0, 944]]",above,2.745,258.0,94.0,"{""above"": null, ""below"": null, ""left"": null, ""right"": 17056, ""top_left"": null, ""top_right"": null, ""bottom_left"": null, ""bottom_right"": null}","{""above"": null, ""below"": null, ""left"": null, ""right"": null, ""top_left"": null, ""top_right"": null, ""bottom_left"": null, ""bottom_right"": null}","{'sink': 0.4307, 'stove': 0.4538}","{'sink': 26.81, 'stove': 25.66}",[],drawer,{},"Container id 7, is a ""drawer"" above the countertop."
17056,8,images/kitchen/22_segmented_sun_aofyuejouqtbyooo.jpg,"[[194, 103], [194, 336], [268, 333], [271, 119]]",cabinet door,0.413,"[[0, 431], [1200, 431], [1200, 944], [0, 944]]",above,3.026,233.0,77.0,"{""above"": null, ""below"": null, ""left"": 17055, ""right"": 17058, ""top_left"": null, ""top_right"": null, ""bottom_left"": null, ""bottom_right"": null}","{""above"": null, ""below"": null, ""left"": null, ""right"": null, ""top_left"": null, ""top_right"": null, ""bottom_left"": null, ""bottom_right"": null}","{'sink': 0.3775, 'stove': 0.4}","{'sink': 30.42, 'stove': 28.91}",[],cabinet door,{},"Container id 8, is a ""cabinet door"" above the countertop."
17057,9,images/kitchen/22_segmented_sun_aofyuejouqtbyooo.jpg,"[[347, 131], [347, 326], [398, 325], [400, 147]]",cabinet door,0.459,"[[0, 431], [1200, 431], [1200, 944], [0, 944]]",above,3.679,195.0,53.0,"{""above"": null, ""below"": null, ""left"": 17058, ""right"": 17061, ""top_left"": null, ""top_right"": null, ""bottom_left"": null, ""bottom_right"": null}","{""above"": null, ""below"": null, ""left"": null, ""right"": null, ""top_left"": null, ""top_right"": null, ""bottom_left"": null, ""bottom_right"": null}","{'sink': 0.2974, 'stove': 0.3184}","{'sink': 38.44, 'stove': 36.0}",[],cabinet door,{},"Container id 9, is a ""cabinet door"" above the countertop."
17058,10,images/kitchen/22_segmented_sun_aofyuejouqtbyooo.jpg,"[[278, 118], [275, 330], [340, 328], [341, 132]]",cabinet door,0.431,"[[0, 431], [1200, 431], [1200, 944], [0, 944]]",above,3.212,212.0,66.0,"{""above"": null, ""below"": null, ""left"": 17056, ""right"": 17057, ""top_left"": null, ""top_right"": null, ""bottom_left"": null, ""bottom_right"": null}","{""above"": null, ""below"": null, ""left"": null, ""right"": null, ""top_left"": null, ""top_right"": null, ""bottom_left"": null, ""bottom_right"": null}","{'sink': 0.3335, 'stove': 0.3553}","{'sink': 34.39, 'stove': 32.44}",[],cabinet door,{},"Container id 10, is a ""cabinet door"" above the countertop."
17059,11,images/kitchen/22_segmented_sun_aofyuejouqtbyooo.jpg,"[[303, 645], [306, 713], [549, 747], [543, 674]]",drawer,0.418,"[[0, 431], [1200, 431], [1200, 944], [0, 944]]",below,0.415,102.0,246.0,"{""above"": null, ""below"": null, ""left"": null, ""right"": 17063, ""top_left"": 17069, ""top_right"": null, ""bottom_left"": null, ""bottom_right"": 17067}","{""above"": null, ""below"": null, ""left"": null, ""right"": null, ""top_left"": null, ""top_right"": null, ""bottom_left"": null, ""bottom_right"": null}","{'sink': 0.2312, 'stove': 0.2516}","{'sink': 329.3, 'stove': 332.61}",[],drawer,{},"Container id 11, is a ""drawer"" below the countertop."
17060,12,images/kitchen/22_segmented_sun_aofyuejouqtbyooo.jpg,"[[446, 551], [568, 504], [567, 469], [445, 461]]",cabinet door,0.421,"[[0, 431], [1200, 431], [1200, 944], [0, 944]]",below,0.732,90.0,123.0,"{""above"": null, ""below"": null, ""left"": 17064, ""right"": null, ""top_left"": null, ""top_right"": null, ""bottom_left"": null, ""bottom_right"": null}","{""above"": null, ""below"": null, ""left"": null, ""right"": null, ""top_left"": null, ""top_right"": null, ""bottom_left"": null, ""bottom_right"": null}","{'sink': 0.146, 'stove': 0.1708}","{'sink': 4.71, 'stove': 4.78}",[],cabinet door,"{'sink': 2, 'stove': 2}","Container id 12, is a ""cabinet door"" below the countertop. Additionally, it is the 2nd closest to the sink, and the 2nd closest to the stove."
17061,13,images/kitchen/22_segmented_sun_aofyuejouqtbyooo.jpg,"[[480, 139], [408, 148], [409, 323], [485, 321], [470, 296], [485, 284]]",cabinet door,0.462,"[[0, 431], [1200, 431], [1200, 944], [0, 944]]",above,2.39,184.0,77.0,"{""above"": null, ""below"": null, ""left"": 17057, ""right"": 17062, ""top_left"": null, ""top_right"": null, ""bottom_left"": null, ""bottom_right"": null}","{""above"": null, ""below"": null, ""left"": null, ""right"": null, ""top_left"": null, ""top_right"": null, ""bottom_left"": null, ""bottom_right"": null}","{'sink': 0.2479, 'stove': 0.2677}","{'sink': 43.95, 'stove': 40.63}",[],cabinet door,{},"Container id 13, is a ""cabinet door"" above the countertop."
17062,14,images/kitchen/22_segmented_sun_aofyuejouqtbyooo.jpg,"[[555, 137], [490, 141], [492, 324], [538, 323], [554, 306]]",drawer,0.43,"[[0, 431], [1200, 431], [1200, 944], [0, 944]]",above,2.877,187.0,65.0,"{""above"": null, ""below"": null, ""left"": 17061, ""right"": null, ""top_left"": null, ""top_right"": null, ""bottom_left"": null, ""bottom_right"": null}","{""above"": null, ""below"": null, ""left"": null, ""right"": null, ""top_left"": null, ""top_right"": null, ""bottom_left"": null, ""bottom_right"": null}","{'sink': 0.2204, 'stove': 0.2377}","{'sink': 52.91, 'stove': 48.49}",[],drawer,{},"Container id 14, is a ""drawer"" above the countertop."
17063,15,images/kitchen/22_segmented_sun_aofyuejouqtbyooo.jpg,"[[554, 678], [555, 750], [850, 790], [842, 712]]",drawer,0.414,"[[0, 431], [1200, 431], [1200, 944], [0, 944]]",below,0.378,112.0,296.0,"{""above"": null, ""below"": 17067, ""left"": 17059, ""right"": null, ""top_left"": null, ""top_right"": null, ""bottom_left"": null, ""bottom_right"": 17066}","{""above"": null, ""below"": null, ""left"": null, ""right"": null, ""top_left"": null, ""top_right"": null, ""bottom_left"": null, ""bottom_right"": null}","{'sink': 0.1439, 'stove': 0.147}","{'sink': 277.44, 'stove': 287.12}",[],drawer,"{'sink': 1, 'stove': 1}","Container id 15, is a ""drawer"" below the countertop. Additionally, it is the closest to the sink, and the closest to the stove."
17064,16,images/kitchen/22_segmented_sun_aofyuejouqtbyooo.jpg,"[[420, 502], [344, 526], [344, 593], [425, 560]]",drawer,0.441,"[[0, 431], [1200, 431], [1200, 944], [0, 944]]",below,1.123,91.0,81.0,"{""above"": 17070, ""below"": null, ""left"": 17068, ""right"": 17060, ""top_left"": null, ""top_right"": null, ""bottom_left"": 17069, ""bottom_right"": null}","{""above"": null, ""below"": null, ""left"": null, ""right"": null, ""top_left"": null, ""top_right"": null, ""bottom_left"": null, ""bottom_right"": null}","{'sink': 0.2272, 'stove': 0.2515}","{'sink': 354.93, 'stove': 355.93}",[],drawer,{},"Container id 16, is a ""drawer"" below the countertop."
17065,17,images/kitchen/22_segmented_sun_aofyuejouqtbyooo.jpg,"[[556, 882], [556, 884]]",cabinet door,0.393,"[[0, 431], [1200, 431], [1200, 944], [0, 944]]",below,inf,2.0,0.0,"{""above"": null, ""below"": null, ""left"": null, ""right"": null, ""top_left"": null, ""top_right"": null, ""bottom_left"": null, ""bottom_right"": null}","{""above"": null, ""below"": null, ""left"": null, ""right"": null, ""top_left"": null, ""top_right"": null, ""bottom_left"": null, ""bottom_right"": null}","{'sink': 0.2665, 'stove': 0.2759}","{'sink': 295.12, 'stove': 299.95}",[],cabinet door,{},"Container id 17, is a ""cabinet door"" below the countertop."
17066,18,images/kitchen/22_segmented_sun_aofyuejouqtbyooo.jpg,"[[754, 789], [762, 790], [763, 791], [768, 791], [769, 789], [766, 788]]",drawer,0.323,"[[0, 431], [1200, 431], [1200, 944], [0, 944]]",below,0.2,3.0,15.0,"{""above"": null, ""below"": null, ""left"": null, ""right"": null, ""top_left"": null, ""top_right"": null, ""bottom_left"": null, ""bottom_right"": null}","{""above"": null, ""below"": null, ""left"": null, ""right"": null, ""top_left"": null, ""top_right"": null, ""bottom_left"": null, ""bottom_right"": null}","{'sink': 0.1816, 'stove': 0.1779}","{'sink': 262.76, 'stove': 270.56}",[],drawer,{},"Container id 18, is a ""drawer"" below the countertop."
17067,19,images/kitchen/22_segmented_sun_aofyuejouqtbyooo.jpg,"[[555, 757], [561, 939], [850, 939], [850, 801]]",drawer,0.346,"[[0, 431], [1200, 431], [1200, 944], [0, 944]]",below,0.617,182.0,295.0,"{""above"": 17063, ""below"": null, ""left"": null, ""right"": null, ""top_left"": 17059, ""top_right"": 17066, ""bottom_left"": null, ""bottom_right"": null}","{""above"": null, ""below"": null, ""left"": null, ""right"": null, ""top_left"": null, ""top_right"": null, ""bottom_left"": null, ""bottom_right"": null}","{'sink': 0.2262, 'stove': 0.227}","{'sink': 274.1, 'stove': 280.36}",[],drawer,{},"Container id 19, is a ""drawer"" below the countertop."
17068,20,images/kitchen/22_segmented_sun_aofyuejouqtbyooo.jpg,"[[340, 483], [170, 525], [170, 574], [338, 523]]",cabinet door,0.313,"[[0, 431], [1200, 431], [1200, 944], [0, 944]]",below,0.535,91.0,170.0,"{""above"": null, ""below"": 17069, ""left"": null, ""right"": 17064, ""top_left"": null, ""top_right"": null, ""bottom_left"": null, ""bottom_right"": null}","{""above"": null, ""below"": null, ""left"": null, ""right"": null, ""top_left"": null, ""top_right"": null, ""bottom_left"": null, ""bottom_right"": null}","{'sink': 0.3107, 'stove': 0.3353}","{'sink': 358.59, 'stove': 359.08}",[],cabinet door,{},"Container id 20, is a ""cabinet door"" below the countertop."
17069,21,images/kitchen/22_segmented_sun_aofyuejouqtbyooo.jpg,"[[340, 529], [172, 578], [171, 680], [288, 634], [297, 612], [337, 596]]",drawer,0.322,"[[0, 431], [1200, 431], [1200, 944], [0, 944]]",below,0.893,151.0,169.0,"{""above"": 17068, ""below"": null, ""left"": null, ""right"": 17064, ""top_left"": null, ""top_right"": 17070, ""bottom_left"": null, ""bottom_right"": null}","{""above"": null, ""below"": null, ""left"": null, ""right"": null, ""top_left"": null, ""top_right"": null, ""bottom_left"": null, ""bottom_right"": null}","{'sink': 0.3078, 'stove': 0.3316}","{'sink': 348.93, 'stove': 350.13}",[],drawer,{},"Container id 21, is a ""drawer"" below the countertop."
17070,22,images/kitchen/22_segmented_sun_aofyuejouqtbyooo.jpg,"[[423, 462], [345, 480], [343, 520], [420, 499]]",cabinet door,0.4,"[[0, 431], [1200, 431], [1200, 944], [0, 944]]",below,0.725,58.0,80.0,"{""above"": null, ""below"": 17064, ""left"": null, ""right"": null, ""top_left"": null, ""top_right"": null, ""bottom_left"": 17068, ""bottom_right"": null}","{""above"": null, ""below"": null, ""left"": null, ""right"": null, ""top_left"": null, ""top_right"": null, ""bottom_left"": null, ""bottom_right"": null}","{'sink': 0.2272, 'stove': 0.2519}","{'sink': 4.02, 'stove': 4.14}",[],cabinet door,{},"Container id 22, is a ""cabinet door"" below the countertop."
17095,1,images/kitchen/5_segmented_sun_ajkrefpvgtunjiyi.jpg,"[[370, 925], [392, 1079], [704, 1098], [700, 937]]",cabinet door,0.313,"[[0, 764], [1600, 764], [1600, 1200], [0, 1200]]",below,0.518,173.0,334.0,"{""above"": null, ""below"": null, ""left"": null, ""right"": 17099, ""top_left"": null, ""top_right"": null, ""bottom_left"": null, ""bottom_right"": null}","{""above"": null, ""below"": null, ""left"": null, ""right"": null, ""top_left"": null, ""top_right"": ""sink"", ""bottom_left"": null, ""bottom_right"": null}","{'microwave': 0.2345, 'dish': 0.5761, 'sink': 0.2178}","{'microwave': 268.29, 'dish': 323.95, 'sink': 334.29}",[],cabinet door,{'microwave': 2},"Container id 1, is a ""cabinet door"" below the countertop. Additionally, it is the 2nd closest to the microwave."
17096,2,images/kitchen/5_segmented_sun_ajkrefpvgtunjiyi.jpg,"[[1209, 852], [1208, 852], [1208, 853]]",drawer,0.325,"[[0, 764], [1600, 764], [1600, 1200], [0, 1200]]",below,1.0,1.0,1.0,"{""above"": null, ""below"": null, ""left"": null, ""right"": null, ""top_left"": null, ""top_right"": null, ""bottom_left"": null, ""bottom_right"": null}","{""above"": null, ""below"": null, ""left"": null, ""right"": null, ""top_left"": null, ""top_right"": null, ""bottom_left"": null, ""bottom_right"": null}","{'microwave': 0.3743, 'dish': 0.2921, 'sink': 0.1381}","{'microwave': 204.57, 'dish': 296.95, 'sink': 186.57}",[],drawer,{'dish': 2},"Container id 2, is a ""drawer"" below the countertop. Additionally, it is the 2nd closest to the dish."
17097,3,images/kitchen/5_segmented_sun_ajkrefpvgtunjiyi.jpg,"[[798, 822], [797, 822], [796, 821], [795, 822], [792, 822], [793, 822], [794, 823], [797, 823]]",cabinet door,0.313,"[[0, 764], [1600, 764], [1600, 1200], [0, 1200]]",below,0.333,2.0,6.0,"{""above"": null, ""below"": null, ""left"": null, ""right"": null, ""top_left"": null, ""top_right"": null, ""bottom_left"": null, ""bottom_right"": null}","{""above"": null, ""below"": null, ""left"": null, ""right"": null, ""top_left"": null, ""top_right"": null, ""bottom_left"": null, ""bottom_right"": null}","{'microwave': 0.1941, 'dish': 0.4184, 'sink': 0.0694}","{'microwave': 226.4, 'dish': 324.11, 'sink': 359.43}",[],cabinet door,"{'microwave': 1, 'sink': 2}","Container id 3, is a ""cabinet door"" below the countertop. Additionally, it is the closest to the microwave, and the 2nd closest to the sink."
17098,4,images/kitchen/5_segmented_sun_ajkrefpvgtunjiyi.jpg,"[[1213, 815], [1210, 821], [1212, 822], [1219, 822], [1221, 820], [1221, 814], [1215, 814]]",drawer,0.322,"[[0, 764], [1600, 764], [1600, 1200], [0, 1200]]",below,0.727,8.0,11.0,"{""above"": null, ""below"": null, ""left"": null, ""right"": null, ""top_left"": null, ""top_right"": null, ""bottom_left"": null, ""bottom_right"": null}","{""above"": null, ""below"": null, ""left"": null, ""right"": null, ""top_left"": null, ""top_right"": null, ""bottom_left"": null, ""bottom_right"": null}","{'microwave': 0.3711, 'dish': 0.2752, 'sink': 0.1409}","{'microwave': 201.94, 'dish': 297.86, 'sink': 179.5}",[],drawer,{'dish': 1},"Container id 4, is a ""drawer"" below the countertop. Additionally, it is the closest to the dish."
17099,5,images/kitchen/5_segmented_sun_ajkrefpvgtunjiyi.jpg,"[[1198, 814], [710, 939], [707, 1048], [1181, 867]]",cabinet door,0.347,"[[0, 764], [1600, 764], [1600, 1200], [0, 1200]]",below,0.477,234.0,491.0,"{""above"": null, ""below"": null, ""left"": 17095, ""right"": 17096, ""top_left"": null, ""top_right"": null, ""bottom_left"": null, ""bottom_right"": null}","{""above"": ""sink"", ""below"": null, ""left"": null, ""right"": null, ""top_left"": null, ""top_right"": null, ""bottom_left"": null, ""bottom_right"": null}","{'microwave': 0.2824, 'dish': 0.3929, 'sink': 0.0487}","{'microwave': 221.73, 'dish': 311.84, 'sink': 261.14}",[],cabinet door,{'sink': 1},"Container id 5, is a ""cabinet door"" below the countertop. Additionally, it is the closest to the sink."
17425,1,images/kitchen/24_segmented_sun_aczchqarcsdhjfsg.jpg,"[[299, 421], [211, 433], [211, 541], [299, 516]]",cabinet door,0.53,"[[0, 385], [1024, 385], [1024, 675], [0, 675]]",below,1.364,120.0,88.0,"{""above"": null, ""below"": null, ""left"": null, ""right"": 17428, ""top_left"": null, ""top_right"": null, ""bottom_left"": null, ""bottom_right"": null}","{""above"": ""stove"", ""below"": null, ""left"": null, ""right"": null, ""top_left"": null, ""top_right"": null, ""bottom_left"": null, ""bottom_right"": null}","{'stove': 0.0811, 'oven': 0.3569, 'oven microwave': 0.3776, 'electronic kettle': 0.2418, 'sink': 0.2434}","{'stove': 288.06, 'oven': 346.56, 'oven microwave': 336.42, 'electronic kettle': 334.79, 'sink': 345.07}",[],cabinet door,{'stove': 2},"Container id 1, is a ""cabinet door"" below the countertop. Additionally, it is the 2nd closest to the stove."
17426,2,images/kitchen/24_segmented_sun_aczchqarcsdhjfsg.jpg,"[[607, 166], [567, 178], [569, 302], [610, 299]]",cabinet door,0.448,"[[0, 385], [1024, 385], [1024, 675], [0, 675]]",above,3.163,136.0,43.0,"{""above"": null, ""below"": null, ""left"": 17444, ""right"": null, ""top_left"": null, ""top_right"": 17447, ""bottom_left"": null, ""bottom_right"": null}","{""above"": null, ""below"": null, ""left"": null, ""right"": ""oven microwave"", ""top_left"": null, ""top_right"": null, ""bottom_left"": null, ""bottom_right"": ""oven""}","{'stove': 0.2741, 'oven': 0.1366, 'oven microwave': 0.0874, 'electronic kettle': 0.1078, 'sink': 0.1391}","{'stove': 154.09, 'oven': 56.5, 'oven microwave': 31.65, 'electronic kettle': 119.42, 'sink': 105.21}",[],cabinet door,"{'oven': 1, 'oven microwave': 1}","Container id 2, is a ""cabinet door"" above the countertop. Additionally, it is the closest to the oven, and the closest to the oven microwave."
17427,3,images/kitchen/24_segmented_sun_aczchqarcsdhjfsg.jpg,"[[381, 475], [379, 632], [432, 672], [478, 673], [479, 513]]",cabinet door,0.524,"[[0, 385], [1024, 385], [1024, 675], [0, 675]]",below,1.98,198.0,100.0,"{""above"": 17430, ""below"": null, ""left"": null, ""right"": 17429, ""top_left"": null, ""top_right"": 17448, ""bottom_left"": null, ""bottom_right"": null}","{""above"": null, ""below"": null, ""left"": null, ""right"": null, ""top_left"": null, ""top_right"": null, ""bottom_left"": null, ""bottom_right"": null}","{'stove': 0.2075, 'oven': 0.2705, 'oven microwave': 0.3186, 'electronic kettle': 0.2112, 'sink': 0.1821}","{'stove': 235.55, 'oven': 319.15, 'oven microwave': 309.72, 'electronic kettle': 291.16, 'sink': 300.61}",[],cabinet door,{},"Container id 3, is a ""cabinet door"" below the countertop."
17428,4,images/kitchen/24_segmented_sun_aczchqarcsdhjfsg.jpg,"[[338, 414], [303, 420], [304, 516], [339, 505]]",cabinet door,0.504,"[[0, 385], [1024, 385], [1024, 675], [0, 675]]",below,2.833,102.0,36.0,"{""above"": null, ""below"": null, ""left"": 17425, ""right"": null, ""top_left"": null, ""top_right"": null, ""bottom_left"": null, ""bottom_right"": null}","{""above"": null, ""below"": null, ""left"": null, ""right"": null, ""top_left"": ""stove"", ""top_right"": null, ""bottom_left"": null, ""bottom_right"": null}","{'stove': 0.0717, 'oven': 0.3019, 'oven microwave': 0.3239, 'electronic kettle': 0.1887, 'sink': 0.1885}","{'stove': 246.42, 'oven': 346.29, 'oven microwave': 334.47, 'electronic kettle': 330.96, 'sink': 344.21}",[],cabinet door,{'stove': 1},"Container id 4, is a ""cabinet door"" below the countertop. Additionally, it is the closest to the stove."
17429,5,images/kitchen/24_segmented_sun_aczchqarcsdhjfsg.jpg,"[[485, 513], [484, 673], [593, 673], [593, 550]]",cabinet door,0.506,"[[0, 385], [1024, 385], [1024, 675], [0, 675]]",below,1.468,160.0,109.0,"{""above"": 17448, ""below"": null, ""left"": 17427, ""right"": null, ""top_left"": 17430, ""top_right"": null, ""bottom_left"": null, ""bottom_right"": null}","{""above"": null, ""below"": null, ""left"": null, ""right"": null, ""top_left"": null, ""top_right"": null, ""bottom_left"": null, ""bottom_right"": null}","{'stove': 0.2728, 'oven': 0.2178, 'oven microwave': 0.2774, 'electronic kettle': 0.2049, 'sink': 0.1643}","{'stove': 220.9, 'oven': 302.11, 'oven microwave': 294.44, 'electronic kettle': 266.47, 'sink': 271.35}",[],cabinet door,{},"Container id 5, is a ""cabinet door"" below the countertop."
17430,6,images/kitchen/24_segmented_sun_aczchqarcsdhjfsg.jpg,"[[380, 424], [382, 469], [478, 502], [479, 446]]",drawer,0.512,"[[0, 385], [1024, 385], [1024, 675], [0, 675]]",below,0.788,78.0,99.0,"{""above"": null, ""below"": 17427, ""left"": null, ""right"": 17448, ""top_left"": null, ""top_right"": null, ""bottom_left"": null, ""bottom_right"": null}","{""above"": null, ""below"": null, ""left"": null, ""right"": null, ""top_left"": ""stove"", ""top_right"": null, ""bottom_left"": null, ""bottom_right"": null}","{'stove': 0.1331, 'oven': 0.2159, 'oven microwave': 0.2453, 'electronic kettle': 0.117, 'sink': 0.1046}","{'stove': 208.17, 'oven': 341.45, 'oven microwave': 326.11, 'electronic kettle': 310.68, 'sink': 332.42}",[],drawer,{},"Container id 6, is a ""drawer"" below the countertop."
17431,7,images/kitchen/24_segmented_sun_aczchqarcsdhjfsg.jpg,"[[743, 50], [676, 73], [692, 128], [678, 144], [680, 244], [746, 237]]",cabinet door,0.407,"[[0, 385], [1024, 385], [1024, 675], [0, 675]]",above,2.771,194.0,70.0,"{""above"": null, ""below"": null, ""left"": 17443, ""right"": 17440, ""top_left"": null, ""top_right"": null, ""bottom_left"": null, ""bottom_right"": null}","{""above"": null, ""below"": ""oven microwave"", ""left"": null, ""right"": null, ""top_left"": null, ""top_right"": null, ""bottom_left"": null, ""bottom_right"": null}","{'stove': 0.3909, 'oven': 0.1884, 'oven microwave': 0.1209, 'electronic kettle': 0.2223, 'sink': 0.2449}","{'stove': 150.35, 'oven': 95.4, 'oven microwave': 98.92, 'electronic kettle': 131.1, 'sink': 121.96}",[],cabinet door,{},"Container id 7, is a ""cabinet door"" above the countertop."
17432,8,images/kitchen/24_segmented_sun_aczchqarcsdhjfsg.jpg,"[[27, 412], [0, 414], [0, 590], [29, 582]]",cabinet door,0.471,"[[0, 385], [1024, 385], [1024, 675], [0, 675]]",below,6.138,178.0,29.0,"{""above"": null, ""below"": null, ""left"": null, ""right"": 17437, ""top_left"": null, ""top_right"": 17433, ""bottom_left"": null, ""bottom_right"": null}","{""above"": null, ""below"": null, ""left"": null, ""right"": null, ""top_left"": null, ""top_right"": null, ""bottom_left"": null, ""bottom_right"": null}","{'stove': 0.2411, 'oven': 0.5529, 'oven microwave': 0.5683, 'electronic kettle': 0.4324, 'sink': 0.4392}","{'stove': 336.83, 'oven': 349.51, 'oven microwave': 342.72, 'electronic kettle': 343.79, 'sink': 349.44}",[],cabinet door,{},"Container id 8, is a ""cabinet door"" below the countertop."
17433,9,images/kitchen/24_segmented_sun_aczchqarcsdhjfsg.jpg,"[[170, 404], [49, 409], [48, 441], [165, 429]]",drawer,0.448,"[[0, 385], [1024, 385], [1024, 675], [0, 675]]",below,0.303,37.0,122.0,"{""above"": null, ""below"": 17439, ""left"": null, ""right"": null, ""top_left"": null, ""top_right"": null, ""bottom_left"": 17432, ""bottom_right"": null}","{""above"": null, ""below"": null, ""left"": null, ""right"": null, ""top_left"": null, ""top_right"": null, ""bottom_left"": null, ""bottom_right"": null}","{'stove': 0.1482, 'oven': 0.4684, 'oven microwave': 0.4776, 'electronic kettle': 0.3433, 'sink': 0.3555}","{'stove': 348.07, 'oven': 355.53, 'oven microwave': 347.35, 'electronic kettle': 350.52, 'sink': 357.38}",[],drawer,{},"Container id 9, is a ""drawer"" below the countertop."
17434,10,images/kitchen/24_segmented_sun_aczchqarcsdhjfsg.jpg,"[[0, 90], [0, 286], [119, 288], [123, 118]]",cabinet door,0.434,"[[0, 385], [1024, 385], [1024, 675], [0, 675]]",above,1.61,198.0,123.0,"{""above"": null, ""below"": null, ""left"": null, ""right"": null, ""top_left"": null, ""top_right"": null, ""bottom_left"": null, ""bottom_right"": null}","{""above"": null, ""below"": null, ""left"": null, ""right"": null, ""top_left"": null, ""top_right"": null, ""bottom_left"": null, ""bottom_right"": null}","{'stove': 0.2391, 'oven': 0.5267, 'oven microwave': 0.5109, 'electronic kettle': 0.3982, 'sink': 0.4279}","{'stove': 39.79, 'oven': 16.23, 'oven microwave': 8.91, 'electronic kettle': 18.62, 'sink': 23.03}",[],cabinet door,{},"Container id 10, is a ""cabinet door"" above the countertop."
17435,11,images/kitchen/24_segmented_sun_aczchqarcsdhjfsg.jpg,"[[563, 178], [497, 191], [498, 310], [565, 301]]",cabinet door,0.349,"[[0, 385], [1024, 385], [1024, 675], [0, 675]]",above,1.941,132.0,68.0,"{""above"": null, ""below"": null, ""left"": 17436, ""right"": 17444, ""top_left"": null, ""top_right"": null, ""bottom_left"": 17441, ""bottom_right"": null}","{""above"": null, ""below"": ""electronic kettle"", ""left"": null, ""right"": ""oven microwave"", ""top_left"": null, ""top_right"": null, ""bottom_left"": null, ""bottom_right"": null}","{'stove': 0.2293, 'oven': 0.1624, 'oven microwave': 0.1273, 'electronic kettle': 0.087, 'sink': 0.1275}","{'stove': 150.57, 'oven': 41.13, 'oven microwave': 17.71, 'electronic kettle': 94.01, 'sink': 85.32}",[],cabinet door,{},"Container id 11, is a ""cabinet door"" above the countertop."
17436,12,images/kitchen/24_segmented_sun_aczchqarcsdhjfsg.jpg,"[[526, 187], [497, 192], [498, 307], [527, 303]]",cabinet door,0.412,"[[0, 385], [1024, 385], [1024, 675], [0, 675]]",above,4.0,120.0,30.0,"{""above"": null, ""below"": null, ""left"": 17446, ""right"": 17435, ""top_left"": null, ""top_right"": null, ""bottom_left"": 17441, ""bottom_right"": null}","{""above"": null, ""below"": ""electronic kettle"", ""left"": null, ""right"": null, ""top_left"": null, ""top_right"": null, ""bottom_left"": null, ""bottom_right"": null}","{'stove': 0.2151, 'oven': 0.1731, 'oven microwave': 0.1415, 'electronic kettle': 0.0854, 'sink': 0.1278}","{'stove': 149.0, 'oven': 37.34, 'oven microwave': 15.12, 'electronic kettle': 83.82, 'sink': 78.41}",[],cabinet door,{'electronic kettle': 2},"Container id 12, is a ""cabinet door"" above the countertop. Additionally, it is the 2nd closest to the electronic kettle."
17437,13,images/kitchen/24_segmented_sun_aczchqarcsdhjfsg.jpg,"[[170, 400], [46, 410], [48, 578], [168, 545]]",drawer,0.322,"[[0, 385], [1024, 385], [1024, 675], [0, 675]]",below,1.435,178.0,124.0,"{""above"": 17439, ""below"": 17438, ""left"": 17432, ""right"": null, ""top_left"": null, ""top_right"": null, ""bottom_left"": null, ""bottom_right"": null}","{""above"": null, ""below"": null, ""left"": null, ""right"": ""stove"", ""top_left"": null, ""top_right"": null, ""bottom_left"": null, ""bottom_right"": null}","{'stove': 0.1664, 'oven': 0.4751, 'oven microwave': 0.4912, 'electronic kettle': 0.3553, 'sink': 0.3614}","{'stove': 330.63, 'oven': 349.39, 'oven microwave': 341.54, 'electronic kettle': 342.39, 'sink': 349.28}",[],drawer,{},"Container id 13, is a ""drawer"" below the countertop."
17438,14,images/kitchen/24_segmented_sun_aczchqarcsdhjfsg.jpg,"[[169, 494], [49, 516], [48, 576], [164, 546]]",drawer,0.458,"[[0, 385], [1024, 385], [1024, 675], [0, 675]]",below,0.678,82.0,121.0,"{""above"": 17437, ""below"": null, ""left"": 17432, ""right"": null, ""top_left"": null, ""top_right"": null, ""bottom_left"": null, ""bottom_right"": null}","{""above"": null, ""below"": null, ""left"": null, ""right"": null, ""top_left"": null, ""top_right"": null, ""bottom_left"": null, ""bottom_right"": null}","{'stove': 0.1899, 'oven': 0.4846, 'oven microwave': 0.5059, 'electronic kettle': 0.3699, 'sink': 0.3715}","{'stove': 319.96, 'oven': 344.68, 'oven microwave': 337.2, 'electronic kettle': 336.41, 'sink': 343.14}",[],drawer,{},"Container id 14, is a ""drawer"" below the countertop."
17439,15,images/kitchen/24_segmented_sun_aczchqarcsdhjfsg.jpg,"[[170, 437], [50, 453], [49, 507], [168, 486]]",drawer,0.463,"[[0, 385], [1024, 385], [1024, 675], [0, 675]]",below,0.579,70.0,121.0,"{""above"": 17433, ""below"": 17437, ""left"": 17432, ""right"": null, ""top_left"": null, ""top_right"": null, ""bottom_left"": null, ""bottom_right"": null}","{""above"": null, ""below"": null, ""left"": null, ""right"": null, ""top_left"": null, ""top_right"": null, ""bottom_left"": null, ""bottom_right"": null}","{'stove': 0.1607, 'oven': 0.4723, 'oven microwave': 0.4871, 'electronic kettle': 0.3513, 'sink': 0.3586}","{'stove': 333.62, 'oven': 350.59, 'oven microwave': 342.64, 'electronic kettle': 343.92, 'sink': 350.85}",[],drawer,{},"Container id 15, is a ""drawer"" below the countertop."
17440,16,images/kitchen/24_segmented_sun_aczchqarcsdhjfsg.jpg,"[[765, 71], [757, 240], [787, 252], [789, 95]]",cabinet door,0.366,"[[0, 385], [1024, 385], [1024, 675], [0, 675]]",above,5.656,181.0,32.0,"{""above"": null, ""below"": null, ""left"": 17431, ""right"": null, ""top_left"": null, ""top_right"": null, ""bottom_left"": null, ""bottom_right"": null}","{""above"": null, ""below"": null, ""left"": null, ""right"": null, ""top_left"": null, ""top_right"": null, ""bottom_left"": ""oven microwave"", ""bottom_right"": null}","{'stove': 0.4365, 'oven': 0.1886, 'oven microwave': 0.13, 'electronic kettle': 0.2553, 'sink': 0.2695}","{'stove': 155.89, 'oven': 113.91, 'oven microwave': 126.58, 'electronic kettle': 143.35, 'sink': 134.35}",[],cabinet door,{},"Container id 16, is a ""cabinet door"" above the countertop."
17441,17,images/kitchen/24_segmented_sun_aczchqarcsdhjfsg.jpg,"[[482, 293], [444, 295], [443, 361], [484, 361]]",cabinet door,0.351,"[[0, 385], [1024, 385], [1024, 675], [0, 675]]",above,1.659,68.0,41.0,"{""above"": 17446, ""below"": null, ""left"": null, ""right"": null, ""top_left"": null, ""top_right"": 17436, ""bottom_left"": null, ""bottom_right"": null}","{""above"": null, ""below"": null, ""left"": null, ""right"": null, ""top_left"": null, ""top_right"": null, ""bottom_left"": null, ""bottom_right"": null}","{'stove': 0.1516, 'oven': 0.1817, 'oven microwave': 0.1786, 'electronic kettle': 0.0527, 'sink': 0.0886}","{'stove': 162.58, 'oven': 12.57, 'oven microwave': 350.81, 'electronic kettle': 21.73, 'sink': 42.42}",[],cabinet door,"{'electronic kettle': 1, 'sink': 2}","Container id 17, is a ""cabinet door"" above the countertop. Additionally, it is the closest to the electronic kettle, and the 2nd closest to the sink."
17442,18,images/kitchen/24_segmented_sun_aczchqarcsdhjfsg.jpg,"[[653, 65], [654, 66], [654, 65]]",cabinet door,0.313,"[[0, 385], [1024, 385], [1024, 675], [0, 675]]",above,1.0,1.0,1.0,"{""above"": null, ""below"": null, ""left"": null, ""right"": null, ""top_left"": null, ""top_right"": null, ""bottom_left"": null, ""bottom_right"": null}","{""above"": null, ""below"": null, ""left"": null, ""right"": null, ""top_left"": null, ""top_right"": null, ""bottom_left"": null, ""bottom_right"": null}","{'stove': 0.3964, 'oven': 0.2543, 'oven microwave': 0.1864, 'electronic kettle': 0.2564, 'sink': 0.2879}","{'stove': 139.17, 'oven': 85.02, 'oven microwave': 83.51, 'electronic kettle': 114.5, 'sink': 108.18}",[],cabinet door,{},"Container id 18, is a ""cabinet door"" above the countertop."
17443,19,images/kitchen/24_segmented_sun_aczchqarcsdhjfsg.jpg,"[[741, 49], [656, 69], [692, 131], [613, 150], [618, 252], [745, 238]]",cabinet door,0.398,"[[0, 385], [1024, 385], [1024, 675], [0, 675]]",above,1.538,203.0,132.0,"{""above"": 17442, ""below"": null, ""left"": null, ""right"": 17431, ""top_left"": null, ""top_right"": null, ""bottom_left"": 17447, ""bottom_right"": null}","{""above"": null, ""below"": ""oven microwave"", ""left"": null, ""right"": null, ""top_left"": null, ""top_right"": null, ""bottom_left"": null, ""bottom_right"": null}","{'stove': 0.3724, 'oven': 0.1858, 'oven microwave': 0.1177, 'electronic kettle': 0.208, 'sink': 0.2332}","{'stove': 149.04, 'oven': 89.18, 'oven microwave': 89.21, 'electronic kettle': 127.19, 'sink': 117.94}",[],cabinet door,{},"Container id 19, is a ""cabinet door"" above the countertop."
17444,20,images/kitchen/24_segmented_sun_aczchqarcsdhjfsg.jpg,"[[562, 178], [530, 186], [533, 303], [566, 301]]",cabinet door,0.32,"[[0, 385], [1024, 385], [1024, 675], [0, 675]]",above,3.472,125.0,36.0,"{""above"": null, ""below"": null, ""left"": 17435, ""right"": 17426, ""top_left"": null, ""top_right"": null, ""bottom_left"": null, ""bottom_right"": null}","{""above"": null, ""below"": null, ""left"": null, ""right"": ""oven microwave"", ""top_left"": null, ""top_right"": null, ""bottom_left"": ""electronic kettle"", ""bottom_right"": null}","{'stove': 0.2426, 'oven': 0.1539, 'oven microwave': 0.115, 'electronic kettle': 0.0914, 'sink': 0.1296}","{'stove': 151.68, 'oven': 45.21, 'oven microwave': 20.97, 'electronic kettle': 102.6, 'sink': 91.53}",[],cabinet door,{},"Container id 20, is a ""cabinet door"" above the countertop."
17445,21,images/kitchen/24_segmented_sun_aczchqarcsdhjfsg.jpg,"[[398, 185], [385, 192], [393, 233], [377, 239], [370, 306], [430, 309], [432, 200]]",cabinet door,0.334,"[[0, 385], [1024, 385], [1024, 675], [0, 675]]",above,2.0,124.0,62.0,"{""above"": null, ""below"": null, ""left"": null, ""right"": 17446, ""top_left"": null, ""top_right"": null, ""bottom_left"": null, ""bottom_right"": 17441}","{""above"": null, ""below"": null, ""left"": null, ""right"": null, ""top_left"": null, ""top_right"": null, ""bottom_left"": null, ""bottom_right"": null}","{'stove': 0.1497, 'oven': 0.2567, 'oven microwave': 0.2339, 'electronic kettle': 0.138, 'sink': 0.1783}","{'stove': 127.6, 'oven': 26.05, 'oven microwave': 11.01, 'electronic kettle': 42.2, 'sink': 48.24}",[],cabinet door,{},"Container id 21, is a ""cabinet door"" above the countertop."
17446,22,images/kitchen/24_segmented_sun_aczchqarcsdhjfsg.jpg,"[[479, 190], [445, 197], [446, 289], [482, 286]]",cabinet door,0.356,"[[0, 385], [1024, 385], [1024, 675], [0, 675]]",above,2.676,99.0,37.0,"{""above"": null, ""below"": 17441, ""left"": 17445, ""right"": 17436, ""top_left"": null, ""top_right"": null, ""bottom_left"": null, ""bottom_right"": null}","{""above"": null, ""below"": null, ""left"": null, ""right"": null, ""top_left"": null, ""top_right"": null, ""bottom_left"": null, ""bottom_right"": null}","{'stove': 0.1855, 'oven': 0.2091, 'oven microwave': 0.1815, 'electronic kettle': 0.1029, 'sink': 0.1463}","{'stove': 141.16, 'oven': 31.89, 'oven microwave': 13.51, 'electronic kettle': 61.48, 'sink': 63.34}",[],cabinet door,{},"Container id 22, is a ""cabinet door"" above the countertop."
17447,23,images/kitchen/24_segmented_sun_aczchqarcsdhjfsg.jpg,"[[671, 134], [644, 132], [612, 149], [616, 253], [671, 245]]",drawer,0.445,"[[0, 385], [1024, 385], [1024, 675], [0, 675]]",above,2.051,121.0,59.0,"{""above"": null, ""below"": null, ""left"": null, ""right"": 17431, ""top_left"": null, ""top_right"": 17443, ""bottom_left"": 17426, ""bottom_right"": null}","{""above"": null, ""below"": null, ""left"": null, ""right"": null, ""top_left"": null, ""top_right"": null, ""bottom_left"": null, ""bottom_right"": ""oven microwave""}","{'stove': 0.3339, 'oven': 0.1607, 'oven microwave': 0.0945, 'electronic kettle': 0.1687, 'sink': 0.1955}","{'stove': 150.67, 'oven': 78.9, 'oven microwave': 71.53, 'electronic kettle': 125.29, 'sink': 114.47}",[],drawer,{'oven microwave': 2},"Container id 23, is a ""drawer"" above the countertop. Additionally, it is the 2nd closest to the oven microwave."
17448,24,images/kitchen/24_segmented_sun_aczchqarcsdhjfsg.jpg,"[[485, 447], [487, 505], [593, 539], [591, 470]]",cabinet door,0.382,"[[0, 385], [1024, 385], [1024, 675], [0, 675]]",below,0.852,92.0,108.0,"{""above"": null, ""below"": 17429, ""left"": 17430, ""right"": null, ""top_left"": null, ""top_right"": null, ""bottom_left"": 17427, ""bottom_right"": null}","{""above"": ""sink"", ""below"": null, ""left"": null, ""right"": null, ""top_left"": null, ""top_right"": null, ""bottom_left"": null, ""bottom_right"": null}","{'stove': 0.2241, 'oven': 0.1484, 'oven microwave': 0.1978, 'electronic kettle': 0.1139, 'sink': 0.073}","{'stove': 202.93, 'oven': 321.13, 'oven microwave': 305.39, 'electronic kettle': 263.54, 'sink': 272.88}",[],cabinet door,"{'oven': 2, 'sink': 1}","Container id 24, is a ""cabinet door"" below the countertop. Additionally, it is the 2nd closest to the oven, and the closest to the sink."
17673,1,images/kitchen/12_segmented_sun_ajuqshhjcubjzedh.jpg,"[[957, 498], [955, 645], [1087, 674], [1086, 508]]",cabinet door,0.536,"[[0, 463], [1280, 463], [1280, 853], [0, 853]]",below,1.333,176.0,132.0,"{""above"": null, ""below"": null, ""left"": null, ""right"": 17677, ""top_left"": null, ""top_right"": null, ""bottom_left"": null, ""bottom_right"": null}","{""above"": null, ""below"": null, ""left"": ""oven"", ""right"": null, ""top_left"": null, ""top_right"": ""microwave toaster"", ""bottom_left"": null, ""bottom_right"": null}","{'oven': 0.1137, 'stove': 0.1267, 'sink': 0.4323, 'microwave toaster': 0.1131}","{'oven': 197.39, 'stove': 210.81, 'sink': 186.22, 'microwave toaster': 320.66}",[],cabinet door,"{'oven': 2, 'stove': 2, 'microwave toaster': 2}","Container id 1, is a ""cabinet door"" below the countertop. Additionally, it is the 2nd closest to the oven, the 2nd closest to the stove, and the 2nd closest to the microwave toaster."
17674,2,images/kitchen/12_segmented_sun_ajuqshhjcubjzedh.jpg,"[[1240, 182], [1105, 201], [1109, 353], [1242, 347]]",cabinet door,0.535,"[[0, 463], [1280, 463], [1280, 853], [0, 853]]",above,1.248,171.0,137.0,"{""above"": null, ""below"": null, ""left"": 17675, ""right"": null, ""top_left"": null, ""top_right"": null, ""bottom_left"": null, ""bottom_right"": null}","{""above"": null, ""below"": null, ""left"": null, ""right"": null, ""top_left"": null, ""top_right"": null, ""bottom_left"": null, ""bottom_right"": null}","{'oven': 0.2671, 'stove': 0.2492, 'sink': 0.5513, 'microwave toaster': 0.1307}","{'oven': 141.06, 'stove': 146.66, 'sink': 163.66, 'microwave toaster': 95.21}",[],cabinet door,{},"Container id 2, is a ""cabinet door"" above the countertop."
17675,3,images/kitchen/12_segmented_sun_ajuqshhjcubjzedh.jpg,"[[1101, 202], [988, 218], [990, 357], [1103, 352]]",cabinet door,0.542,"[[0, 463], [1280, 463], [1280, 853], [0, 853]]",above,1.348,155.0,115.0,"{""above"": null, ""below"": null, ""left"": null, ""right"": 17674, ""top_left"": null, ""top_right"": null, ""bottom_left"": null, ""bottom_right"": null}","{""above"": null, ""below"": null, ""left"": null, ""right"": null, ""top_left"": null, ""top_right"": null, ""bottom_left"": null, ""bottom_right"": null}","{'oven': 0.2029, 'stove': 0.1797, 'sink': 0.4693, 'microwave toaster': 0.1421}","{'oven': 127.76, 'stove': 133.91, 'sink': 161.67, 'microwave toaster': 59.71}",[],cabinet door,{},"Container id 3, is a ""cabinet door"" above the countertop."
17676,4,images/kitchen/12_segmented_sun_ajuqshhjcubjzedh.jpg,"[[628, 494], [563, 505], [564, 546], [627, 531]]",drawer,0.536,"[[0, 463], [1280, 463], [1280, 853], [0, 853]]",below,0.8,52.0,65.0,"{""above"": null, ""below"": null, ""left"": null, ""right"": 17678, ""top_left"": null, ""top_right"": null, ""bottom_left"": 17679, ""bottom_right"": null}","{""above"": null, ""below"": null, ""left"": null, ""right"": null, ""top_left"": null, ""top_right"": null, ""bottom_left"": null, ""bottom_right"": null}","{'oven': 0.1684, 'stove': 0.1697, 'sink': 0.1531, 'microwave toaster': 0.3656}","{'oven': 2.21, 'stove': 351.72, 'sink': 182.37, 'microwave toaster': 355.1}",[],drawer,{},"Container id 4, is a ""drawer"" below the countertop."
17677,5,images/kitchen/12_segmented_sun_ajuqshhjcubjzedh.jpg,"[[1093, 510], [1092, 674], [1262, 711], [1264, 522]]",cabinet door,0.524,"[[0, 463], [1280, 463], [1280, 853], [0, 853]]",below,1.169,201.0,172.0,"{""above"": null, ""below"": null, ""left"": 17673, ""right"": null, ""top_left"": null, ""top_right"": null, ""bottom_left"": null, ""bottom_right"": null}","{""above"": ""microwave toaster"", ""below"": null, ""left"": null, ""right"": null, ""top_left"": null, ""top_right"": null, ""bottom_left"": null, ""bottom_right"": null}","{'oven': 0.2158, 'stove': 0.2252, 'sink': 0.535, 'microwave toaster': 0.0878}","{'oven': 193.1, 'stove': 200.77, 'sink': 186.63, 'microwave toaster': 260.62}",[],cabinet door,{'microwave toaster': 1},"Container id 5, is a ""cabinet door"" below the countertop. Additionally, it is the closest to the microwave toaster."
17678,6,images/kitchen/12_segmented_sun_ajuqshhjcubjzedh.jpg,"[[623, 467], [624, 578], [687, 589], [684, 483]]",cabinet door,0.489,"[[0, 463], [1280, 463], [1280, 853], [0, 853]]",below,1.906,122.0,64.0,"{""above"": null, ""below"": null, ""left"": 17676, ""right"": 17680, ""top_left"": null, ""top_right"": null, ""bottom_left"": null, ""bottom_right"": null}","{""above"": null, ""below"": null, ""left"": null, ""right"": null, ""top_left"": null, ""top_right"": null, ""bottom_left"": null, ""bottom_right"": null}","{'oven': 0.13, 'stove': 0.1333, 'sink': 0.1917, 'microwave toaster': 0.3281}","{'oven': 359.93, 'stove': 346.5, 'sink': 183.89, 'microwave toaster': 353.37}",[],cabinet door,{},"Container id 6, is a ""cabinet door"" below the countertop."
17679,7,images/kitchen/12_segmented_sun_ajuqshhjcubjzedh.jpg,"[[547, 518], [477, 530], [476, 602], [552, 623]]",cabinet door,0.48,"[[0, 463], [1280, 463], [1280, 853], [0, 853]]",below,1.382,105.0,76.0,"{""above"": null, ""below"": null, ""left"": 17681, ""right"": 17676, ""top_left"": null, ""top_right"": null, ""bottom_left"": null, ""bottom_right"": null}","{""above"": null, ""below"": null, ""left"": ""sink"", ""right"": null, ""top_left"": null, ""top_right"": null, ""bottom_left"": null, ""bottom_right"": null}","{'oven': 0.2234, 'stove': 0.2286, 'sink': 0.1065, 'microwave toaster': 0.4226}","{'oven': 353.44, 'stove': 345.7, 'sink': 201.12, 'microwave toaster': 351.4}",[],cabinet door,{'sink': 2},"Container id 7, is a ""cabinet door"" below the countertop. Additionally, it is the 2nd closest to the sink."
17680,8,images/kitchen/12_segmented_sun_ajuqshhjcubjzedh.jpg,"[[691, 482], [690, 591], [767, 606], [766, 482]]",cabinet door,0.478,"[[0, 463], [1280, 463], [1280, 853], [0, 853]]",below,1.61,124.0,77.0,"{""above"": null, ""below"": null, ""left"": 17678, ""right"": null, ""top_left"": null, ""top_right"": null, ""bottom_left"": null, ""bottom_right"": null}","{""above"": null, ""below"": null, ""left"": null, ""right"": ""oven"", ""top_left"": null, ""top_right"": null, ""bottom_left"": null, ""bottom_right"": null}","{'oven': 0.0822, 'stove': 0.09, 'sink': 0.2403, 'microwave toaster': 0.2814}","{'oven': 354.89, 'stove': 334.84, 'sink': 184.81, 'microwave toaster': 350.79}",[],cabinet door,"{'oven': 1, 'stove': 1}","Container id 8, is a ""cabinet door"" below the countertop. Additionally, it is the closest to the oven, and the closest to the stove."
17681,9,images/kitchen/12_segmented_sun_ajuqshhjcubjzedh.jpg,"[[472, 599], [468, 534], [370, 556], [392, 578]]",cabinet door,0.371,"[[0, 463], [1280, 463], [1280, 853], [0, 853]]",below,0.637,65.0,102.0,"{""above"": null, ""below"": null, ""left"": null, ""right"": 17679, ""top_left"": null, ""top_right"": null, ""bottom_left"": null, ""bottom_right"": null}","{""above"": null, ""below"": null, ""left"": null, ""right"": null, ""top_left"": ""sink"", ""top_right"": null, ""bottom_left"": null, ""bottom_right"": null}","{'oven': 0.2799, 'stove': 0.2839, 'sink': 0.0565, 'microwave toaster': 0.4788}","{'oven': 354.97, 'stove': 348.73, 'sink': 221.39, 'microwave toaster': 352.53}",[],cabinet door,{'sink': 1},"Container id 9, is a ""cabinet door"" below the countertop. Additionally, it is the closest to the sink."
17682,10,images/kitchen/12_segmented_sun_ajuqshhjcubjzedh.jpg,"[[696, 261], [640, 269], [641, 368], [697, 364]]",cabinet door,0.431,"[[0, 463], [1280, 463], [1280, 853], [0, 853]]",above,1.877,107.0,57.0,"{""above"": null, ""below"": null, ""left"": null, ""right"": 17684, ""top_left"": null, ""top_right"": null, ""bottom_left"": null, ""bottom_right"": null}","{""above"": null, ""below"": null, ""left"": null, ""right"": null, ""top_left"": null, ""top_right"": null, ""bottom_left"": null, ""bottom_right"": null}","{'oven': 0.184, 'stove': 0.1617, 'sink': 0.2367, 'microwave toaster': 0.3325}","{'oven': 48.95, 'stove': 41.84, 'sink': 147.85, 'microwave toaster': 17.7}",[],cabinet door,{},"Container id 10, is a ""cabinet door"" above the countertop."
17683,11,images/kitchen/12_segmented_sun_ajuqshhjcubjzedh.jpg,"[[763, 251], [699, 261], [701, 364], [765, 362]]",cabinet door,0.406,"[[0, 463], [1280, 463], [1280, 853], [0, 853]]",above,1.712,113.0,66.0,"{""above"": null, ""below"": null, ""left"": 17684, ""right"": null, ""top_left"": null, ""top_right"": null, ""bottom_left"": null, ""bottom_right"": null}","{""above"": null, ""below"": null, ""left"": null, ""right"": null, ""top_left"": null, ""top_right"": null, ""bottom_left"": null, ""bottom_right"": null}","{'oven': 0.1634, 'stove': 0.137, 'sink': 0.2744, 'microwave toaster': 0.2948}","{'oven': 60.85, 'stove': 54.68, 'sink': 151.75, 'microwave toaster': 20.86}",[],cabinet door,{},"Container id 11, is a ""cabinet door"" above the countertop."
17684,12,images/kitchen/12_segmented_sun_ajuqshhjcubjzedh.jpg,"[[784, 262], [758, 250], [641, 269], [641, 368], [774, 363]]",cabinet door,0.328,"[[0, 463], [1280, 463], [1280, 853], [0, 853]]",above,0.825,118.0,143.0,"{""above"": null, ""below"": null, ""left"": 17682, ""right"": 17683, ""top_left"": null, ""top_right"": null, ""bottom_left"": null, ""bottom_right"": null}","{""above"": null, ""below"": null, ""left"": null, ""right"": null, ""top_left"": null, ""top_right"": null, ""bottom_left"": null, ""bottom_right"": null}","{'oven': 0.1714, 'stove': 0.1454, 'sink': 0.2696, 'microwave toaster': 0.304}","{'oven': 59.25, 'stove': 53.14, 'sink': 150.07, 'microwave toaster': 21.13}",[],cabinet door,{},"Container id 12, is a ""cabinet door"" above the countertop."
17864,1,images/kitchen/19_segmented_sun_anrbnligfknyblpd.jpg,"[[448, 625], [294, 641], [290, 703], [444, 682]]",drawer,0.53,"[[0, 537], [1157, 537], [1157, 1075], [0, 1075]]",below,0.494,78.0,158.0,"{""above"": null, ""below"": 17869, ""left"": 17879, ""right"": null, ""top_left"": null, ""top_right"": null, ""bottom_left"": null, ""bottom_right"": 17870}","{""above"": null, ""below"": null, ""left"": null, ""right"": null, ""top_left"": null, ""top_right"": ""coffee machine"", ""bottom_left"": null, ""bottom_right"": null}","{'coffee machine': 0.1373, 'sink': 0.1805}","{'coffee machine': 315.11, 'sink': 186.8}",[],drawer,{'coffee machine': 1},"Container id 1, is a ""drawer"" below the countertop. Additionally, it is the closest to the coffee machine."
17865,2,images/kitchen/19_segmented_sun_anrbnligfknyblpd.jpg,"[[786, 637], [785, 695], [907, 709], [909, 648]]",drawer,0.54,"[[0, 537], [1157, 537], [1157, 1075], [0, 1075]]",below,0.581,72.0,124.0,"{""above"": null, ""below"": 17872, ""left"": null, ""right"": 17878, ""top_left"": null, ""top_right"": null, ""bottom_left"": null, ""bottom_right"": null}","{""above"": null, ""below"": null, ""left"": null, ""right"": null, ""top_left"": null, ""top_right"": null, ""bottom_left"": null, ""bottom_right"": null}","{'coffee machine': 0.2296, 'sink': 0.4825}","{'coffee machine': 206.64, 'sink': 183.25}",[],drawer,{},"Container id 2, is a ""drawer"" below the countertop."
17866,3,images/kitchen/19_segmented_sun_anrbnligfknyblpd.jpg,"[[843, 120], [730, 126], [725, 405], [840, 409]]",cabinet door,0.544,"[[0, 537], [1157, 537], [1157, 1075], [0, 1075]]",above,2.449,289.0,118.0,"{""above"": null, ""below"": null, ""left"": 17868, ""right"": null, ""top_left"": null, ""top_right"": null, ""bottom_left"": null, ""bottom_right"": null}","{""above"": null, ""below"": null, ""left"": null, ""right"": null, ""top_left"": null, ""top_right"": null, ""bottom_left"": null, ""bottom_right"": null}","{'coffee machine': 0.2269, 'sink': 0.4987}","{'coffee machine': 136.94, 'sink': 152.48}",[],cabinet door,{},"Container id 3, is a ""cabinet door"" above the countertop."
17867,4,images/kitchen/19_segmented_sun_anrbnligfknyblpd.jpg,"[[128, 665], [0, 679], [0, 750], [128, 729]]",drawer,0.506,"[[0, 537], [1157, 537], [1157, 1075], [0, 1075]]",below,0.664,85.0,128.0,"{""above"": null, ""below"": 17876, ""left"": null, ""right"": 17879, ""top_left"": null, ""top_right"": null, ""bottom_left"": null, ""bottom_right"": 17873}","{""above"": ""sink"", ""below"": null, ""left"": null, ""right"": null, ""top_left"": null, ""top_right"": null, ""bottom_left"": null, ""bottom_right"": null}","{'coffee machine': 0.3158, 'sink': 0.0506}","{'coffee machine': 336.85, 'sink': 285.99}",[],drawer,{'sink': 1},"Container id 4, is a ""drawer"" below the countertop. Additionally, it is the closest to the sink."
17868,5,images/kitchen/19_segmented_sun_anrbnligfknyblpd.jpg,"[[714, 125], [607, 129], [604, 401], [711, 400]]",cabinet door,0.53,"[[0, 537], [1157, 537], [1157, 1075], [0, 1075]]",above,2.509,276.0,110.0,"{""above"": null, ""below"": null, ""left"": 17874, ""right"": 17866, ""top_left"": null, ""top_right"": null, ""bottom_left"": null, ""bottom_right"": null}","{""above"": null, ""below"": null, ""left"": null, ""right"": null, ""top_left"": null, ""top_right"": null, ""bottom_left"": ""coffee machine"", ""bottom_right"": null}","{'coffee machine': 0.178, 'sink': 0.4303}","{'coffee machine': 119.0, 'sink': 147.49}",[],cabinet door,{},"Container id 5, is a ""cabinet door"" above the countertop."
17869,6,images/kitchen/19_segmented_sun_anrbnligfknyblpd.jpg,"[[447, 690], [291, 715], [291, 946], [447, 905]]",cabinet door,0.512,"[[0, 537], [1157, 537], [1157, 1075], [0, 1075]]",below,1.641,256.0,156.0,"{""above"": 17864, ""below"": null, ""left"": 17873, ""right"": 17870, ""top_left"": 17879, ""top_right"": null, ""bottom_left"": null, ""bottom_right"": null}","{""above"": null, ""below"": null, ""left"": null, ""right"": null, ""top_left"": ""sink"", ""top_right"": ""coffee machine"", ""bottom_left"": null, ""bottom_right"": null}","{'coffee machine': 0.2159, 'sink': 0.2141}","{'coffee machine': 296.79, 'sink': 213.17}",[],cabinet door,{},"Container id 6, is a ""cabinet door"" below the countertop."
17870,7,images/kitchen/19_segmented_sun_anrbnligfknyblpd.jpg,"[[523, 613], [458, 625], [458, 902], [522, 885]]",cabinet door,0.477,"[[0, 537], [1157, 537], [1157, 1075], [0, 1075]]",below,4.446,289.0,65.0,"{""above"": null, ""below"": null, ""left"": 17869, ""right"": 17877, ""top_left"": 17864, ""top_right"": null, ""bottom_left"": null, ""bottom_right"": null}","{""above"": ""coffee machine"", ""below"": null, ""left"": null, ""right"": null, ""top_left"": null, ""top_right"": null, ""bottom_left"": null, ""bottom_right"": null}","{'coffee machine': 0.1575, 'sink': 0.2683}","{'coffee machine': 277.49, 'sink': 197.47}",[],cabinet door,{'coffee machine': 2},"Container id 7, is a ""cabinet door"" below the countertop. Additionally, it is the 2nd closest to the coffee machine."
17871,8,images/kitchen/19_segmented_sun_anrbnligfknyblpd.jpg,"[[197, 94], [193, 400], [311, 400], [315, 113]]",cabinet door,0.468,"[[0, 537], [1157, 537], [1157, 1075], [0, 1075]]",above,2.508,306.0,122.0,"{""above"": null, ""below"": null, ""left"": null, ""right"": 17875, ""top_left"": null, ""top_right"": null, ""bottom_left"": null, ""bottom_right"": null}","{""above"": null, ""below"": null, ""left"": null, ""right"": null, ""top_left"": null, ""top_right"": null, ""bottom_left"": null, ""bottom_right"": null}","{'coffee machine': 0.2358, 'sink': 0.2615}","{'coffee machine': 43.83, 'sink': 114.0}",[],cabinet door,{},"Container id 8, is a ""cabinet door"" above the countertop."
17872,9,images/kitchen/19_segmented_sun_anrbnligfknyblpd.jpg,"[[785, 704], [778, 926], [899, 947], [907, 719]]",cabinet door,0.539,"[[0, 537], [1157, 537], [1157, 1075], [0, 1075]]",below,1.884,243.0,129.0,"{""above"": 17865, ""below"": null, ""left"": null, ""right"": 17882, ""top_left"": null, ""top_right"": 17878, ""bottom_left"": null, ""bottom_right"": null}","{""above"": null, ""below"": null, ""left"": null, ""right"": null, ""top_left"": null, ""top_right"": null, ""bottom_left"": null, ""bottom_right"": null}","{'coffee machine': 0.2838, 'sink': 0.4945}","{'coffee machine': 224.53, 'sink': 194.46}",[],cabinet door,{},"Container id 9, is a ""cabinet door"" below the countertop."
17873,10,images/kitchen/19_segmented_sun_anrbnligfknyblpd.jpg,"[[276, 717], [144, 740], [147, 984], [278, 947]]",cabinet door,0.503,"[[0, 537], [1157, 537], [1157, 1075], [0, 1075]]",below,1.993,267.0,134.0,"{""above"": 17879, ""below"": null, ""left"": 17876, ""right"": 17869, ""top_left"": 17867, ""top_right"": 17864, ""bottom_left"": null, ""bottom_right"": null}","{""above"": null, ""below"": null, ""left"": null, ""right"": null, ""top_left"": null, ""top_right"": null, ""bottom_left"": null, ""bottom_right"": null}","{'coffee machine': 0.2907, 'sink': 0.1592}","{'coffee machine': 312.71, 'sink': 240.12}",[],cabinet door,{},"Container id 10, is a ""cabinet door"" below the countertop."
17874,11,images/kitchen/19_segmented_sun_anrbnligfknyblpd.jpg,"[[453, 95], [449, 368], [586, 372], [592, 101]]",cabinet door,0.455,"[[0, 537], [1157, 537], [1157, 1075], [0, 1075]]",above,1.937,277.0,143.0,"{""above"": null, ""below"": null, ""left"": 17875, ""right"": 17868, ""top_left"": null, ""top_right"": null, ""bottom_left"": null, ""bottom_right"": null}","{""above"": null, ""below"": ""coffee machine"", ""left"": null, ""right"": null, ""top_left"": null, ""top_right"": null, ""bottom_left"": null, ""bottom_right"": null}","{'coffee machine': 0.1746, 'sink': 0.3716}","{'coffee machine': 89.45, 'sink': 137.69}",[],cabinet door,{},"Container id 11, is a ""cabinet door"" above the countertop."
17875,12,images/kitchen/19_segmented_sun_anrbnligfknyblpd.jpg,"[[327, 111], [325, 398], [432, 399], [435, 124]]",cabinet door,0.497,"[[0, 537], [1157, 537], [1157, 1075], [0, 1075]]",above,2.618,288.0,110.0,"{""above"": null, ""below"": null, ""left"": 17871, ""right"": 17874, ""top_left"": null, ""top_right"": null, ""bottom_left"": null, ""bottom_right"": null}","{""above"": null, ""below"": null, ""left"": null, ""right"": null, ""top_left"": null, ""top_right"": null, ""bottom_left"": null, ""bottom_right"": ""coffee machine""}","{'coffee machine': 0.1833, 'sink': 0.2996}","{'coffee machine': 60.41, 'sink': 128.37}",[],cabinet door,{},"Container id 12, is a ""cabinet door"" above the countertop."
17876,13,images/kitchen/19_segmented_sun_anrbnligfknyblpd.jpg,"[[126, 739], [0, 759], [0, 1023], [37, 1014], [43, 987], [132, 982]]",cabinet door,0.485,"[[0, 537], [1157, 537], [1157, 1075], [0, 1075]]",below,2.152,284.0,132.0,"{""above"": 17867, ""below"": null, ""left"": null, ""right"": 17873, ""top_left"": null, ""top_right"": 17879, ""bottom_left"": null, ""bottom_right"": null}","{""above"": ""sink"", ""below"": null, ""left"": null, ""right"": null, ""top_left"": null, ""top_right"": null, ""bottom_left"": null, ""bottom_right"": null}","{'coffee machine': 0.3922, 'sink': 0.1835}","{'coffee machine': 318.84, 'sink': 275.87}",[],cabinet door,{},"Container id 13, is a ""cabinet door"" below the countertop."
17877,14,images/kitchen/19_segmented_sun_anrbnligfknyblpd.jpg,"[[530, 612], [524, 884], [607, 900], [612, 622]]",cabinet door,0.464,"[[0, 537], [1157, 537], [1157, 1075], [0, 1075]]",below,3.273,288.0,88.0,"{""above"": null, ""below"": null, ""left"": 17870, ""right"": null, ""top_left"": null, ""top_right"": null, ""bottom_left"": null, ""bottom_right"": null}","{""above"": ""coffee machine"", ""below"": null, ""left"": null, ""right"": null, ""top_left"": null, ""top_right"": null, ""bottom_left"": null, ""bottom_right"": null}","{'coffee machine': 0.1577, 'sink': 0.3155}","{'coffee machine': 259.45, 'sink': 194.59}",[],cabinet door,{},"Container id 14, is a ""cabinet door"" below the countertop."
17878,15,images/kitchen/19_segmented_sun_anrbnligfknyblpd.jpg,"[[927, 650], [926, 711], [1057, 724], [1058, 661]]",drawer,0.528,"[[0, 537], [1157, 537], [1157, 1075], [0, 1075]]",below,0.561,74.0,132.0,"{""above"": null, ""below"": 17882, ""left"": 17865, ""right"": 17880, ""top_left"": null, ""top_right"": null, ""bottom_left"": 17872, ""bottom_right"": null}","{""above"": null, ""below"": null, ""left"": null, ""right"": null, ""top_left"": null, ""top_right"": null, ""bottom_left"": null, ""bottom_right"": null}","{'coffee machine': 0.3176, 'sink': 0.5748}","{'coffee machine': 200.65, 'sink': 183.63}",[],drawer,{},"Container id 15, is a ""drawer"" below the countertop."
17879,16,images/kitchen/19_segmented_sun_anrbnligfknyblpd.jpg,"[[275, 646], [147, 661], [144, 725], [275, 707]]",drawer,0.515,"[[0, 537], [1157, 537], [1157, 1075], [0, 1075]]",below,0.603,79.0,131.0,"{""above"": null, ""below"": 17873, ""left"": 17867, ""right"": 17864, ""top_left"": null, ""top_right"": null, ""bottom_left"": null, ""bottom_right"": 17869}","{""above"": null, ""below"": null, ""left"": null, ""right"": null, ""top_left"": ""sink"", ""top_right"": null, ""bottom_left"": null, ""bottom_right"": null}","{'coffee machine': 0.2268, 'sink': 0.0862}","{'coffee machine': 330.73, 'sink': 204.17}",[],drawer,{'sink': 2},"Container id 16, is a ""drawer"" below the countertop. Additionally, it is the 2nd closest to the sink."
17880,17,images/kitchen/19_segmented_sun_anrbnligfknyblpd.jpg,"[[1079, 664], [1080, 728], [1156, 736], [1156, 668]]",drawer,0.491,"[[0, 537], [1157, 537], [1157, 1075], [0, 1075]]",below,0.935,72.0,77.0,"{""above"": null, ""below"": null, ""left"": 17878, ""right"": null, ""top_left"": null, ""top_right"": null, ""bottom_left"": null, ""bottom_right"": null}","{""above"": null, ""below"": null, ""left"": null, ""right"": null, ""top_left"": null, ""top_right"": null, ""bottom_left"": null, ""bottom_right"": null}","{'coffee machine': 0.3954, 'sink': 0.6548}","{'coffee machine': 197.65, 'sink': 183.88}",[],drawer,{},"Container id 17, is a ""drawer"" below the countertop."
17881,18,images/kitchen/19_segmented_sun_anrbnligfknyblpd.jpg,"[[1081, 735], [1068, 974], [1156, 990], [1156, 743]]",cabinet door,0.488,"[[0, 537], [1157, 537], [1157, 1075], [0, 1075]]",below,2.898,255.0,88.0,"{""above"": 17880, ""below"": null, ""left"": 17882, ""right"": null, ""top_left"": 17878, ""top_right"": null, ""bottom_left"": null, ""bottom_right"": null}","{""above"": null, ""below"": null, ""left"": null, ""right"": null, ""top_left"": null, ""top_right"": null, ""bottom_left"": null, ""bottom_right"": null}","{'coffee machine': 0.436, 'sink': 0.668}","{'coffee machine': 210.63, 'sink': 192.68}",[],cabinet door,{},"Container id 18, is a ""cabinet door"" below the countertop."
17882,19,images/kitchen/19_segmented_sun_anrbnligfknyblpd.jpg,"[[928, 718], [918, 947], [1047, 971], [1056, 735]]",cabinet door,0.52,"[[0, 537], [1157, 537], [1157, 1075], [0, 1075]]",below,1.833,253.0,138.0,"{""above"": 17878, ""below"": null, ""left"": 17872, ""right"": 17881, ""top_left"": 17865, ""top_right"": 17880, ""bottom_left"": null, ""bottom_right"": null}","{""above"": null, ""below"": null, ""left"": null, ""right"": null, ""top_left"": null, ""top_right"": null, ""bottom_left"": null, ""bottom_right"": null}","{'coffee machine': 0.362, 'sink': 0.5865}","{'coffee machine': 215.64, 'sink': 193.34}",[],cabinet door,{},"Container id 19, is a ""cabinet door"" below the countertop."
18038,1,images/kitchen/9_segmented_sun_awspbtmcoxakihbx.jpg,"[[156, 211], [149, 218], [154, 299], [220, 299], [220, 225]]",cabinet door,0.485,"[[0, 171], [300, 171], [300, 300], [0, 300]]",below,1.239,88.0,71.0,"{""above"": null, ""below"": null, ""left"": 18039, ""right"": 18042, ""top_left"": null, ""top_right"": null, ""bottom_left"": null, ""bottom_right"": null}","{""above"": null, ""below"": null, ""left"": null, ""right"": null, ""top_left"": ""stove"", ""top_right"": null, ""bottom_left"": null, ""bottom_right"": null}",{'stove': 0.2821},{'stove': 223.4},[],cabinet door,{'stove': 2},"Container id 1, is a ""cabinet door"" below the countertop. Additionally, it is the 2nd closest to the stove."
18039,2,images/kitchen/9_segmented_sun_awspbtmcoxakihbx.jpg,"[[104, 206], [109, 299], [151, 299], [147, 215]]",cabinet door,0.435,"[[0, 171], [300, 171], [300, 300], [0, 300]]",below,1.979,93.0,47.0,"{""above"": null, ""below"": null, ""left"": null, ""right"": 18038, ""top_left"": null, ""top_right"": null, ""bottom_left"": null, ""bottom_right"": null}","{""above"": null, ""below"": null, ""left"": null, ""right"": null, ""top_left"": ""stove"", ""top_right"": null, ""bottom_left"": null, ""bottom_right"": null}",{'stove': 0.22},{'stove': 248.04},[],cabinet door,{'stove': 1},"Container id 2, is a ""cabinet door"" below the countertop. Additionally, it is the closest to the stove."
18040,3,images/kitchen/9_segmented_sun_awspbtmcoxakihbx.jpg,"[[265, 251]]",cabinet door,0.389,"[[0, 171], [300, 171], [300, 300], [0, 300]]",below,0.0,0.0,0.0,"{""above"": null, ""below"": null, ""left"": null, ""right"": null, ""top_left"": null, ""top_right"": null, ""bottom_left"": null, ""bottom_right"": null}","{""above"": null, ""below"": null, ""left"": null, ""right"": null, ""top_left"": null, ""top_right"": null, ""bottom_left"": null, ""bottom_right"": null}",{'stove': 0.4503},{'stove': 205.69},[],cabinet door,{},"Container id 3, is a ""cabinet door"" below the countertop."
18041,4,images/kitchen/9_segmented_sun_awspbtmcoxakihbx.jpg,"[[223, 244], [223, 299], [299, 299], [299, 262]]",cabinet door,0.428,"[[0, 171], [300, 171], [300, 300], [0, 300]]",below,0.724,55.0,76.0,"{""above"": 18042, ""below"": null, ""left"": 18038, ""right"": null, ""top_left"": null, ""top_right"": null, ""bottom_left"": null, ""bottom_right"": null}","{""above"": null, ""below"": null, ""left"": null, ""right"": null, ""top_left"": null, ""top_right"": null, ""bottom_left"": null, ""bottom_right"": null}",{'stove': 0.4709},{'stove': 212.67},[],cabinet door,{},"Container id 4, is a ""cabinet door"" below the countertop."
18042,5,images/kitchen/9_segmented_sun_awspbtmcoxakihbx.jpg,"[[223, 227], [225, 235], [299, 254], [297, 241]]",cabinet door,0.434,"[[0, 171], [300, 171], [300, 300], [0, 300]]",below,0.355,27.0,76.0,"{""above"": null, ""below"": 18041, ""left"": 18038, ""right"": null, ""top_left"": null, ""top_right"": null, ""bottom_left"": null, ""bottom_right"": null}","{""above"": null, ""below"": null, ""left"": null, ""right"": null, ""top_left"": null, ""top_right"": null, ""bottom_left"": null, ""bottom_right"": null}",{'stove': 0.4303},{'stove': 202.91},[],cabinet door,{},"Container id 5, is a ""cabinet door"" below the countertop."
18043,6,images/kitchen/9_segmented_sun_awspbtmcoxakihbx.jpg,"[[104, 0], [71, 1], [71, 82], [104, 69]]",cabinet door,0.412,"[[0, 171], [300, 171], [300, 300], [0, 300]]",above,2.485,82.0,33.0,"{""above"": null, ""below"": null, ""left"": 18045, ""right"": 18044, ""top_left"": null, ""top_right"": null, ""bottom_left"": null, ""bottom_right"": null}","{""above"": null, ""below"": null, ""left"": null, ""right"": null, ""top_left"": null, ""top_right"": null, ""bottom_left"": null, ""bottom_right"": null}",{'stove': 0.3071},{'stove': 87.65},[],cabinet door,{},"Container id 6, is a ""cabinet door"" above the countertop."
18044,7,images/kitchen/9_segmented_sun_awspbtmcoxakihbx.jpg,"[[108, 0], [108, 68], [158, 48], [158, 0]]",cabinet door,0.39,"[[0, 171], [300, 171], [300, 300], [0, 300]]",above,1.36,68.0,50.0,"{""above"": null, ""below"": null, ""left"": 18043, ""right"": null, ""top_left"": null, ""top_right"": null, ""bottom_left"": null, ""bottom_right"": null}","{""above"": null, ""below"": null, ""left"": null, ""right"": null, ""top_left"": null, ""top_right"": null, ""bottom_left"": null, ""bottom_right"": null}",{'stove': 0.3414},{'stove': 106.1},[],cabinet door,{},"Container id 7, is a ""cabinet door"" above the countertop."
18045,8,images/kitchen/9_segmented_sun_awspbtmcoxakihbx.jpg,"[[69, 1], [37, 28], [38, 96], [69, 83]]",cabinet door,0.414,"[[0, 171], [300, 171], [300, 300], [0, 300]]",above,2.969,95.0,32.0,"{""above"": null, ""below"": null, ""left"": null, ""right"": 18043, ""top_left"": null, ""top_right"": null, ""bottom_left"": null, ""bottom_right"": null}","{""above"": null, ""below"": null, ""left"": null, ""right"": null, ""top_left"": null, ""top_right"": null, ""bottom_left"": null, ""bottom_right"": null}",{'stove': 0.2893},{'stove': 71.18},[],cabinet door,{},"Container id 8, is a ""cabinet door"" above the countertop."
18046,9,images/kitchen/9_segmented_sun_awspbtmcoxakihbx.jpg,"[[219, 0], [219, 25], [282, 30], [282, 0]]",drawer,0.339,"[[0, 171], [300, 171], [300, 300], [0, 300]]",above,0.476,30.0,63.0,"{""above"": null, ""below"": null, ""left"": null, ""right"": null, ""top_left"": null, ""top_right"": null, ""bottom_left"": null, ""bottom_right"": null}","{""above"": null, ""below"": null, ""left"": null, ""right"": null, ""top_left"": null, ""top_right"": null, ""bottom_left"": null, ""bottom_right"": null}",{'stove': 0.5202},{'stove': 135.6},[],drawer,{},"Container id 9, is a ""drawer"" above the countertop."
18456,1,images/kitchen/22_segmented_sun_afkwbtipaeipuaer.jpg,"[[94, 87], [94, 138], [122, 140], [122, 87]]",cabinet door,0.522,"[[0, 168], [256, 168], [256, 256], [0, 256]]",above,1.893,53.0,28.0,"{""above"": null, ""below"": null, ""left"": 18460, ""right"": 18464, ""top_left"": null, ""top_right"": null, ""bottom_left"": null, ""bottom_right"": null}","{""above"": null, ""below"": null, ""left"": null, ""right"": null, ""top_left"": null, ""top_right"": null, ""bottom_left"": null, ""bottom_right"": null}","{'stove': 0.2301, 'oven': 0.2986, 'microwave': 0.3854}","{'stove': 45.1, 'oven': 55.65, 'microwave': 22.4}",[],cabinet door,{},"Container id 1, is a ""cabinet door"" above the countertop."
18457,2,images/kitchen/22_segmented_sun_afkwbtipaeipuaer.jpg,"[[225, 90], [225, 137], [244, 137], [246, 90]]",cabinet door,0.486,"[[0, 168], [256, 168], [256, 256], [0, 256]]",above,2.238,47.0,21.0,"{""above"": null, ""below"": null, ""left"": 18458, ""right"": 18476, ""top_left"": null, ""top_right"": null, ""bottom_left"": null, ""bottom_right"": null}","{""above"": null, ""below"": null, ""left"": null, ""right"": null, ""top_left"": null, ""top_right"": null, ""bottom_left"": null, ""bottom_right"": null}","{'stove': 0.2482, 'oven': 0.3055, 'microwave': 0.1456}","{'stove': 139.38, 'oven': 126.64, 'microwave': 87.83}",[],cabinet door,{},"Container id 2, is a ""cabinet door"" above the countertop."
18458,3,images/kitchen/22_segmented_sun_afkwbtipaeipuaer.jpg,"[[203, 89], [202, 138], [221, 139], [223, 90]]",cabinet door,0.495,"[[0, 168], [256, 168], [256, 256], [0, 256]]",above,2.381,50.0,21.0,"{""above"": null, ""below"": null, ""left"": null, ""right"": 18457, ""top_left"": null, ""top_right"": null, ""bottom_left"": null, ""bottom_right"": null}","{""above"": null, ""below"": null, ""left"": null, ""right"": null, ""top_left"": null, ""top_right"": null, ""bottom_left"": null, ""bottom_right"": ""microwave""}","{'stove': 0.2035, 'oven': 0.2715, 'microwave': 0.1595}","{'stove': 128.08, 'oven': 116.11, 'microwave': 64.62}",[],cabinet door,{},"Container id 3, is a ""cabinet door"" above the countertop."
18459,4,images/kitchen/22_segmented_sun_afkwbtipaeipuaer.jpg,"[[31, 86], [30, 137], [55, 140], [58, 89]]",cabinet door,0.497,"[[0, 168], [256, 168], [256, 256], [0, 256]]",above,1.929,54.0,28.0,"{""above"": null, ""below"": null, ""left"": 18462, ""right"": 18460, ""top_left"": null, ""top_right"": null, ""bottom_left"": null, ""bottom_right"": null}","{""above"": null, ""below"": null, ""left"": null, ""right"": null, ""top_left"": null, ""top_right"": null, ""bottom_left"": null, ""bottom_right"": null}","{'stove': 0.3776, 'oven': 0.4254, 'microwave': 0.5543}","{'stove': 25.57, 'oven': 35.42, 'microwave': 15.36}",[],cabinet door,{},"Container id 4, is a ""cabinet door"" above the countertop."
18460,5,images/kitchen/22_segmented_sun_afkwbtipaeipuaer.jpg,"[[64, 86], [62, 138], [90, 139], [92, 87]]",cabinet door,0.504,"[[0, 168], [256, 168], [256, 256], [0, 256]]",above,1.767,53.0,30.0,"{""above"": null, ""below"": null, ""left"": 18459, ""right"": 18456, ""top_left"": null, ""top_right"": null, ""bottom_left"": null, ""bottom_right"": null}","{""above"": null, ""below"": null, ""left"": null, ""right"": null, ""top_left"": null, ""top_right"": null, ""bottom_left"": null, ""bottom_right"": null}","{'stove': 0.2975, 'oven': 0.355, 'microwave': 0.4661}","{'stove': 33.53, 'oven': 44.29, 'microwave': 18.54}",[],cabinet door,{},"Container id 5, is a ""cabinet door"" above the countertop."
18461,6,images/kitchen/22_segmented_sun_afkwbtipaeipuaer.jpg,"[[39, 199], [39, 246], [62, 248], [64, 199]]",cabinet door,0.445,"[[0, 168], [256, 168], [256, 256], [0, 256]]",below,1.96,49.0,25.0,"{""above"": 18470, ""below"": null, ""left"": 18466, ""right"": 18465, ""top_left"": 18467, ""top_right"": null, ""bottom_left"": null, ""bottom_right"": null}","{""above"": null, ""below"": null, ""left"": null, ""right"": null, ""top_left"": null, ""top_right"": null, ""bottom_left"": null, ""bottom_right"": null}","{'stove': 0.3495, 'oven': 0.3309, 'microwave': 0.5372}","{'stove': 336.23, 'oven': 350.03, 'microwave': 343.01}",[],cabinet door,{},"Container id 6, is a ""cabinet door"" below the countertop."
18462,7,images/kitchen/22_segmented_sun_afkwbtipaeipuaer.jpg,"[[27, 87], [0, 88], [0, 139], [20, 138], [26, 132]]",cabinet door,0.453,"[[0, 168], [256, 168], [256, 256], [0, 256]]",above,1.926,52.0,27.0,"{""above"": null, ""below"": null, ""left"": null, ""right"": 18459, ""top_left"": null, ""top_right"": null, ""bottom_left"": null, ""bottom_right"": null}","{""above"": null, ""below"": null, ""left"": null, ""right"": null, ""top_left"": null, ""top_right"": null, ""bottom_left"": null, ""bottom_right"": null}","{'stove': 0.4472, 'oven': 0.4874, 'microwave': 0.6293}","{'stove': 19.93, 'oven': 28.96, 'microwave': 12.52}",[],cabinet door,{},"Container id 7, is a ""cabinet door"" above the countertop."
18463,8,images/kitchen/22_segmented_sun_afkwbtipaeipuaer.jpg,"[[229, 194], [229, 221], [246, 232], [253, 194]]",cabinet door,0.441,"[[0, 168], [256, 168], [256, 256], [0, 256]]",below,1.583,38.0,24.0,"{""above"": 18472, ""below"": null, ""left"": 18468, ""right"": null, ""top_left"": 18471, ""top_right"": null, ""bottom_left"": null, ""bottom_right"": null}","{""above"": null, ""below"": null, ""left"": null, ""right"": null, ""top_left"": null, ""top_right"": null, ""bottom_left"": null, ""bottom_right"": null}","{'stove': 0.2263, 'oven': 0.1953, 'microwave': 0.1219}","{'stove': 207.83, 'oven': 186.5, 'microwave': 267.08}",[],cabinet door,{},"Container id 8, is a ""cabinet door"" below the countertop."
18464,9,images/kitchen/22_segmented_sun_afkwbtipaeipuaer.jpg,"[[127, 87], [126, 108], [160, 108], [160, 88]]",cabinet door,0.428,"[[0, 168], [256, 168], [256, 256], [0, 256]]",above,0.618,21.0,34.0,"{""above"": null, ""below"": null, ""left"": null, ""right"": null, ""top_left"": null, ""top_right"": null, ""bottom_left"": 18456, ""bottom_right"": null}","{""above"": null, ""below"": null, ""left"": null, ""right"": null, ""top_left"": null, ""top_right"": null, ""bottom_left"": null, ""bottom_right"": null}","{'stove': 0.2152, 'oven': 0.2973, 'microwave': 0.3206}","{'stove': 72.4, 'oven': 76.16, 'microwave': 36.12}",[],cabinet door,{},"Container id 9, is a ""cabinet door"" above the countertop."
18465,10,images/kitchen/22_segmented_sun_afkwbtipaeipuaer.jpg,"[[94, 198], [69, 198], [69, 204], [75, 208], [77, 237], [82, 225], [94, 221]]",cabinet door,0.407,"[[0, 168], [256, 168], [256, 256], [0, 256]]",below,1.56,39.0,25.0,"{""above"": 18469, ""below"": null, ""left"": 18461, ""right"": 18477, ""top_left"": null, ""top_right"": 18473, ""bottom_left"": null, ""bottom_right"": null}","{""above"": null, ""below"": null, ""left"": null, ""right"": null, ""top_left"": null, ""top_right"": null, ""bottom_left"": null, ""bottom_right"": null}","{'stove': 0.2652, 'oven': 0.2476, 'microwave': 0.4525}","{'stove': 334.72, 'oven': 353.11, 'microwave': 343.39}",[],cabinet door,{},"Container id 10, is a ""cabinet door"" below the countertop."
18466,11,images/kitchen/22_segmented_sun_afkwbtipaeipuaer.jpg,"[[10, 198], [10, 248], [35, 248], [36, 200]]",cabinet door,0.427,"[[0, 168], [256, 168], [256, 256], [0, 256]]",below,1.923,50.0,26.0,"{""above"": 18467, ""below"": null, ""left"": 18474, ""right"": 18461, ""top_left"": null, ""top_right"": null, ""bottom_left"": null, ""bottom_right"": null}","{""above"": null, ""below"": null, ""left"": null, ""right"": null, ""top_left"": null, ""top_right"": null, ""bottom_left"": null, ""bottom_right"": null}","{'stove': 0.4225, 'oven': 0.4082, 'microwave': 0.6126}","{'stove': 340.33, 'oven': 351.73, 'microwave': 345.02}",[],cabinet door,{},"Container id 11, is a ""cabinet door"" below the countertop."
18467,12,images/kitchen/22_segmented_sun_afkwbtipaeipuaer.jpg,"[[10, 186], [11, 195], [36, 194], [35, 186]]",drawer,0.395,"[[0, 168], [256, 168], [256, 256], [0, 256]]",below,0.346,9.0,26.0,"{""above"": null, ""below"": 18466, ""left"": null, ""right"": null, ""top_left"": null, ""top_right"": null, ""bottom_left"": null, ""bottom_right"": null}","{""above"": null, ""below"": null, ""left"": null, ""right"": null, ""top_left"": null, ""top_right"": null, ""bottom_left"": null, ""bottom_right"": null}","{'stove': 0.4004, 'oven': 0.4046, 'microwave': 0.5948}","{'stove': 352.77, 'oven': 4.7, 'microwave': 353.58}",[],drawer,{},"Container id 12, is a ""drawer"" below the countertop."
18468,13,images/kitchen/22_segmented_sun_afkwbtipaeipuaer.jpg,"[[204, 194], [203, 217], [227, 219], [227, 194]]",cabinet door,0.436,"[[0, 168], [256, 168], [256, 256], [0, 256]]",below,1.042,25.0,24.0,"{""above"": 18471, ""below"": null, ""left"": null, ""right"": 18463, ""top_left"": null, ""top_right"": null, ""bottom_left"": null, ""bottom_right"": null}","{""above"": null, ""below"": null, ""left"": ""oven"", ""right"": null, ""top_left"": null, ""top_right"": null, ""bottom_left"": null, ""bottom_right"": null}","{'stove': 0.1635, 'oven': 0.1282, 'microwave': 0.1254}","{'stove': 215.06, 'oven': 184.64, 'microwave': 298.64}",[],cabinet door,"{'stove': 2, 'oven': 1}","Container id 13, is a ""cabinet door"" below the countertop. Additionally, it is the 2nd closest to the stove, and the closest to the oven."
18469,14,images/kitchen/22_segmented_sun_afkwbtipaeipuaer.jpg,"[[69, 186], [69, 194], [89, 195], [93, 193], [93, 186]]",drawer,0.409,"[[0, 168], [256, 168], [256, 256], [0, 256]]",below,0.375,9.0,24.0,"{""above"": null, ""below"": 18465, ""left"": null, ""right"": 18473, ""top_left"": null, ""top_right"": null, ""bottom_left"": null, ""bottom_right"": null}","{""above"": null, ""below"": null, ""left"": null, ""right"": null, ""top_left"": null, ""top_right"": null, ""bottom_left"": null, ""bottom_right"": null}","{'stove': 0.2383, 'oven': 0.2407, 'microwave': 0.4319}","{'stove': 347.41, 'oven': 7.55, 'microwave': 350.94}",[],drawer,{},"Container id 14, is a ""drawer"" below the countertop."
18470,15,images/kitchen/22_segmented_sun_afkwbtipaeipuaer.jpg,"[[41, 186], [42, 195], [64, 194], [64, 186]]",drawer,0.408,"[[0, 168], [256, 168], [256, 256], [0, 256]]",below,0.391,9.0,23.0,"{""above"": null, ""below"": null, ""left"": null, ""right"": null, ""top_left"": null, ""top_right"": null, ""bottom_left"": null, ""bottom_right"": null}","{""above"": null, ""below"": null, ""left"": null, ""right"": null, ""top_left"": null, ""top_right"": null, ""bottom_left"": null, ""bottom_right"": null}","{'stove': 0.319, 'oven': 0.3228, 'microwave': 0.5133}","{'stove': 350.91, 'oven': 5.89, 'microwave': 352.55}",[],drawer,{},"Container id 15, is a ""drawer"" below the countertop."
18471,16,images/kitchen/22_segmented_sun_afkwbtipaeipuaer.jpg,"[[205, 183], [205, 191], [227, 191], [227, 183]]",drawer,0.404,"[[0, 168], [256, 168], [256, 256], [0, 256]]",below,0.364,8.0,22.0,"{""above"": null, ""below"": 18468, ""left"": null, ""right"": null, ""top_left"": null, ""top_right"": null, ""bottom_left"": null, ""bottom_right"": null}","{""above"": null, ""below"": null, ""left"": null, ""right"": null, ""top_left"": null, ""top_right"": null, ""bottom_left"": null, ""bottom_right"": null}","{'stove': 0.1421, 'oven': 0.1365, 'microwave': 0.0817}","{'stove': 196.96, 'oven': 162.02, 'microwave': 315.23}",[],drawer,"{'stove': 1, 'oven': 2, 'microwave': 2}","Container id 16, is a ""drawer"" below the countertop. Additionally, it is the closest to the stove, the 2nd closest to the oven, and the 2nd closest to the microwave."
18472,17,images/kitchen/22_segmented_sun_afkwbtipaeipuaer.jpg,"[[232, 183], [232, 191], [253, 191], [253, 182]]",drawer,0.375,"[[0, 168], [256, 168], [256, 256], [0, 256]]",below,0.429,9.0,21.0,"{""above"": null, ""below"": 18463, ""left"": null, ""right"": null, ""top_left"": null, ""top_right"": null, ""bottom_left"": null, ""bottom_right"": null}","{""above"": null, ""below"": null, ""left"": null, ""right"": null, ""top_left"": null, ""top_right"": null, ""bottom_left"": null, ""bottom_right"": null}","{'stove': 0.213, 'oven': 0.2075, 'microwave': 0.0588}","{'stove': 191.03, 'oven': 168.09, 'microwave': 255.04}",[],drawer,{'microwave': 1},"Container id 17, is a ""drawer"" below the countertop. Additionally, it is the closest to the microwave."
18473,18,images/kitchen/22_segmented_sun_afkwbtipaeipuaer.jpg,"[[97, 194], [117, 195], [122, 186], [97, 186]]",drawer,0.42,"[[0, 168], [256, 168], [256, 256], [0, 256]]",below,0.36,9.0,25.0,"{""above"": null, ""below"": 18477, ""left"": 18469, ""right"": null, ""top_left"": null, ""top_right"": null, ""bottom_left"": null, ""bottom_right"": null}","{""above"": null, ""below"": null, ""left"": null, ""right"": null, ""top_left"": null, ""top_right"": null, ""bottom_left"": null, ""bottom_right"": null}","{'stove': 0.1694, 'oven': 0.171, 'microwave': 0.3618}","{'stove': 342.69, 'oven': 11.17, 'microwave': 349.4}",[],drawer,{},"Container id 18, is a ""drawer"" below the countertop."
18474,19,images/kitchen/22_segmented_sun_afkwbtipaeipuaer.jpg,"[[6, 193], [0, 193], [0, 255], [7, 248]]",cabinet door,0.301,"[[0, 168], [256, 168], [256, 256], [0, 256]]",below,8.857,62.0,7.0,"{""above"": 18475, ""below"": null, ""left"": null, ""right"": 18466, ""top_left"": null, ""top_right"": 18467, ""bottom_left"": null, ""bottom_right"": null}","{""above"": null, ""below"": null, ""left"": null, ""right"": null, ""top_left"": null, ""top_right"": null, ""bottom_left"": null, ""bottom_right"": null}","{'stove': 0.4726, 'oven': 0.4611, 'microwave': 0.664}","{'stove': 342.92, 'oven': 353.12, 'microwave': 346.51}",[],cabinet door,{},"Container id 19, is a ""cabinet door"" below the countertop."
18475,20,images/kitchen/22_segmented_sun_afkwbtipaeipuaer.jpg,"[[6, 187], [5, 188], [3, 188], [1, 190], [0, 190], [0, 191], [7, 191], [6, 190]]",cabinet door,0.468,"[[0, 168], [256, 168], [256, 256], [0, 256]]",below,0.571,4.0,7.0,"{""above"": null, ""below"": null, ""left"": null, ""right"": null, ""top_left"": null, ""top_right"": null, ""bottom_left"": null, ""bottom_right"": null}","{""above"": null, ""below"": null, ""left"": null, ""right"": null, ""top_left"": null, ""top_right"": null, ""bottom_left"": null, ""bottom_right"": null}","{'stove': 0.4536, 'oven': 0.4585, 'microwave': 0.6481}","{'stove': 353.93, 'oven': 4.45, 'microwave': 354.32}",[],cabinet door,{},"Container id 20, is a ""cabinet door"" below the countertop."
18476,21,images/kitchen/22_segmented_sun_afkwbtipaeipuaer.jpg,"[[248, 90], [248, 135], [255, 137], [255, 90]]",cabinet door,0.421,"[[0, 168], [256, 168], [256, 256], [0, 256]]",above,6.714,47.0,7.0,"{""above"": null, ""below"": null, ""left"": 18457, ""right"": null, ""top_left"": null, ""top_right"": null, ""bottom_left"": null, ""bottom_right"": null}","{""above"": null, ""below"": null, ""left"": null, ""right"": null, ""top_left"": null, ""top_right"": null, ""bottom_left"": null, ""bottom_right"": null}","{'stove': 0.2851, 'oven': 0.3357, 'microwave': 0.1522}","{'stove': 145.14, 'oven': 132.75, 'microwave': 105.26}",[],cabinet door,{},"Container id 21, is a ""cabinet door"" above the countertop."
18477,22,images/kitchen/22_segmented_sun_afkwbtipaeipuaer.jpg,"[[117, 197], [96, 198], [96, 221], [117, 220]]",cabinet door,0.444,"[[0, 168], [256, 168], [256, 256], [0, 256]]",below,1.143,24.0,21.0,"{""above"": 18473, ""below"": null, ""left"": 18465, ""right"": null, ""top_left"": null, ""top_right"": null, ""bottom_left"": null, ""bottom_right"": null}","{""above"": null, ""below"": null, ""left"": null, ""right"": null, ""top_left"": null, ""top_right"": null, ""bottom_left"": null, ""bottom_right"": null}","{'stove': 0.1954, 'oven': 0.1736, 'microwave': 0.3794}","{'stove': 328.47, 'oven': 353.84, 'microwave': 341.83}",[],cabinet door,{},"Container id 22, is a ""cabinet door"" below the countertop."
18541,1,images/kitchen/1_segmented_sun_ayuntnmigzyiunnq.jpg,"[[241, 148], [215, 155], [213, 233], [236, 225]]",cabinet door,0.42,"[[0, 122], [256, 122], [256, 256], [0, 256]]",below,3.036,85.0,28.0,"{""above"": null, ""below"": null, ""left"": null, ""right"": null, ""top_left"": null, ""top_right"": null, ""bottom_left"": null, ""bottom_right"": null}","{""above"": null, ""below"": null, ""left"": null, ""right"": null, ""top_left"": null, ""top_right"": ""oven"", ""bottom_left"": null, ""bottom_right"": null}","{'microwave': 0.2735, 'toaster': 0.5265, 'oven': 0.128}","{'microwave': 283.58, 'toaster': 208.66, 'oven': 295.69}",[],cabinet door,"{'microwave': 1, 'toaster': 1, 'oven': 1}","Container id 1, is a ""cabinet door"" below the countertop. Additionally, it is the closest to the microwave, the closest to the toaster, and the closest to the oven."
18542,1,images/kitchen/7_segmented_sun_auatsxdwxjotzqjr.jpg,"[[784, 177], [737, 182], [736, 224], [781, 221]]",cabinet door,0.389,"[[0, 320], [900, 320], [900, 600], [0, 600]]",above,0.979,47.0,48.0,"{""above"": null, ""below"": null, ""left"": 18543, ""right"": 18547, ""top_left"": null, ""top_right"": null, ""bottom_left"": null, ""bottom_right"": null}","{""above"": null, ""below"": null, ""left"": null, ""right"": null, ""top_left"": null, ""top_right"": null, ""bottom_left"": null, ""bottom_right"": null}","{'refrigerator': 0.1352, 'stove': 0.1523, 'microwave': 0.1025, 'sink': 0.2145}","{'refrigerator': 81.15, 'stove': 132.22, 'microwave': 155.34, 'sink': 150.36}",[],cabinet door,{},"Container id 1, is a ""cabinet door"" above the countertop."
18543,2,images/kitchen/7_segmented_sun_auatsxdwxjotzqjr.jpg,"[[734, 183], [699, 188], [703, 269], [715, 266], [715, 234], [734, 231]]",cabinet door,0.405,"[[0, 320], [900, 320], [900, 600], [0, 600]]",above,2.457,86.0,35.0,"{""above"": null, ""below"": null, ""left"": 18548, ""right"": 18542, ""top_left"": null, ""top_right"": null, ""bottom_left"": null, ""bottom_right"": null}","{""above"": null, ""below"": null, ""left"": ""microwave"", ""right"": null, ""top_left"": null, ""top_right"": null, ""bottom_left"": null, ""bottom_right"": null}","{'refrigerator': 0.1239, 'stove': 0.1076, 'microwave': 0.0563, 'sink': 0.1675}","{'refrigerator': 60.82, 'stove': 125.68, 'microwave': 162.06, 'sink': 151.23}",[],cabinet door,"{'refrigerator': 2, 'stove': 1, 'microwave': 2}","Container id 2, is a ""cabinet door"" above the countertop. Additionally, it is the 2nd closest to the refrigerator, the closest to the stove, and the 2nd closest to the microwave."
18544,3,images/kitchen/7_segmented_sun_auatsxdwxjotzqjr.jpg,"[[560, 188], [559, 267], [607, 267], [608, 214], [596, 210], [594, 194]]",cabinet door,0.411,"[[0, 320], [900, 320], [900, 600], [0, 600]]",above,1.612,79.0,49.0,"{""above"": null, ""below"": null, ""left"": 18545, ""right"": null, ""top_left"": null, ""top_right"": null, ""bottom_left"": null, ""bottom_right"": null}","{""above"": null, ""below"": null, ""left"": null, ""right"": ""microwave"", ""top_left"": null, ""top_right"": null, ""bottom_left"": ""sink"", ""bottom_right"": null}","{'refrigerator': 0.2125, 'stove': 0.1083, 'microwave': 0.0696, 'sink': 0.0896}","{'refrigerator': 32.11, 'stove': 58.34, 'microwave': 18.52, 'sink': 107.7}",[],cabinet door,"{'stove': 2, 'sink': 1}","Container id 3, is a ""cabinet door"" above the countertop. Additionally, it is the 2nd closest to the stove, and the closest to the sink."
18545,4,images/kitchen/7_segmented_sun_auatsxdwxjotzqjr.jpg,"[[478, 173], [477, 232], [500, 243], [495, 267], [556, 267], [558, 188], [527, 182], [542, 217], [511, 221], [505, 197], [521, 181]]",cabinet door,0.404,"[[0, 320], [900, 320], [900, 600], [0, 600]]",above,1.16,94.0,81.0,"{""above"": null, ""below"": null, ""left"": null, ""right"": 18544, ""top_left"": null, ""top_right"": null, ""bottom_left"": null, ""bottom_right"": null}","{""above"": null, ""below"": ""sink"", ""left"": null, ""right"": null, ""top_left"": null, ""top_right"": null, ""bottom_left"": null, ""bottom_right"": null}","{'refrigerator': 0.2743, 'stove': 0.1585, 'microwave': 0.1357, 'sink': 0.1008}","{'refrigerator': 26.04, 'stove': 38.93, 'microwave': 12.58, 'sink': 67.11}",[],cabinet door,{'sink': 2},"Container id 4, is a ""cabinet door"" above the countertop. Additionally, it is the 2nd closest to the sink."
18546,5,images/kitchen/7_segmented_sun_auatsxdwxjotzqjr.jpg,"[[789, 366], [753, 378], [754, 548], [786, 515]]",cabinet door,0.315,"[[0, 320], [900, 320], [900, 600], [0, 600]]",below,5.056,182.0,36.0,"{""above"": null, ""below"": null, ""left"": null, ""right"": null, ""top_left"": null, ""top_right"": null, ""bottom_left"": null, ""bottom_right"": null}","{""above"": ""refrigerator"", ""below"": null, ""left"": null, ""right"": null, ""top_left"": ""stove"", ""top_right"": null, ""bottom_left"": null, ""bottom_right"": null}","{'refrigerator': 0.0988, 'stove': 0.1638, 'microwave': 0.2154, 'sink': 0.2334}","{'refrigerator': 276.18, 'stove': 226.61, 'microwave': 241.35, 'sink': 212.61}",[],cabinet door,{'refrigerator': 1},"Container id 5, is a ""cabinet door"" below the countertop. Additionally, it is the closest to the refrigerator."
18547,6,images/kitchen/7_segmented_sun_auatsxdwxjotzqjr.jpg,"[[839, 170], [787, 176], [787, 221], [838, 220]]",cabinet door,0.341,"[[0, 320], [900, 320], [900, 600], [0, 600]]",above,0.981,51.0,52.0,"{""above"": null, ""below"": null, ""left"": 18542, ""right"": null, ""top_left"": null, ""top_right"": null, ""bottom_left"": null, ""bottom_right"": null}","{""above"": null, ""below"": null, ""left"": null, ""right"": null, ""top_left"": null, ""top_right"": null, ""bottom_left"": null, ""bottom_right"": null}","{'refrigerator': 0.1404, 'stove': 0.1913, 'microwave': 0.1498, 'sink': 0.2601}","{'refrigerator': 101.68, 'stove': 142.4, 'microwave': 161.84, 'sink': 154.98}",[],cabinet door,{},"Container id 6, is a ""cabinet door"" above the countertop."
18548,7,images/kitchen/7_segmented_sun_auatsxdwxjotzqjr.jpg,"[[698, 189], [659, 192], [659, 222], [697, 222]]",cabinet door,0.34,"[[0, 320], [900, 320], [900, 600], [0, 600]]",above,0.846,33.0,39.0,"{""above"": null, ""below"": null, ""left"": null, ""right"": null, ""top_left"": null, ""top_right"": null, ""bottom_left"": null, ""bottom_right"": 18543}","{""above"": null, ""below"": ""microwave"", ""left"": null, ""right"": null, ""top_left"": null, ""top_right"": null, ""bottom_left"": null, ""bottom_right"": null}","{'refrigerator': 0.1605, 'stove': 0.1113, 'microwave': 0.042, 'sink': 0.1504}","{'refrigerator': 53.31, 'stove': 104.16, 'microwave': 115.44, 'sink': 137.72}",[],cabinet door,{'microwave': 1},"Container id 7, is a ""cabinet door"" above the countertop. Additionally, it is the closest to the microwave."
18610,1,images/kitchen/18_segmented_sun_auhdmjbjkxwrixim.jpg,"[[836, 80], [732, 83], [732, 248], [836, 245]]",cabinet door,0.511,"[[0, 382], [1107, 382], [1107, 808], [0, 808]]",above,1.615,168.0,104.0,"{""above"": null, ""below"": null, ""left"": 18620, ""right"": null, ""top_left"": null, ""top_right"": null, ""bottom_left"": null, ""bottom_right"": null}","{""above"": null, ""below"": null, ""left"": null, ""right"": null, ""top_left"": null, ""top_right"": null, ""bottom_left"": null, ""bottom_right"": null}","{'refrigerator': 0.2152, 'dishwasher': 0.4524, 'oven': 0.4542, 'sink': 0.43, 'coffee machine': 0.5688, 'stove': 0.2959}","{'refrigerator': 55.39, 'dishwasher': 143.75, 'oven': 155.19, 'sink': 157.06, 'coffee machine': 145.55, 'stove': 153.38}",[],cabinet door,{},"Container id 1, is a ""cabinet door"" above the countertop."
18611,2,images/kitchen/18_segmented_sun_auhdmjbjkxwrixim.jpg,"[[483, 388], [480, 570], [561, 577], [565, 392]]",cabinet door,0.519,"[[0, 382], [1107, 382], [1107, 808], [0, 808]]",below,2.224,189.0,85.0,"{""above"": null, ""below"": null, ""left"": 18625, ""right"": null, ""top_left"": null, ""top_right"": null, ""bottom_left"": null, ""bottom_right"": null}","{""above"": null, ""below"": null, ""left"": null, ""right"": ""sink"", ""top_left"": ""stove"", ""top_right"": null, ""bottom_left"": null, ""bottom_right"": null}","{'refrigerator': 0.3179, 'dishwasher': 0.1775, 'oven': 0.2251, 'sink': 0.2148, 'coffee machine': 0.2922, 'stove': 0.1235}","{'refrigerator': 350.09, 'dishwasher': 168.41, 'oven': 190.57, 'sink': 197.41, 'coffee machine': 162.07, 'stove': 233.49}",[],cabinet door,{'stove': 2},"Container id 2, is a ""cabinet door"" below the countertop. Additionally, it is the 2nd closest to the stove."
18612,3,images/kitchen/18_segmented_sun_auhdmjbjkxwrixim.jpg,"[[11, 5], [9, 200], [79, 198], [86, 6]]",cabinet door,0.406,"[[0, 382], [1107, 382], [1107, 808], [0, 808]]",above,2.532,195.0,77.0,"{""above"": null, ""below"": null, ""left"": null, ""right"": null, ""top_left"": null, ""top_right"": null, ""bottom_left"": null, ""bottom_right"": null}","{""above"": null, ""below"": null, ""left"": null, ""right"": null, ""top_left"": null, ""top_right"": null, ""bottom_left"": null, ""bottom_right"": null}","{'refrigerator': 0.6969, 'dishwasher': 0.3575, 'oven': 0.2672, 'sink': 0.2559, 'coffee machine': 0.3733, 'stove': 0.3264}","{'refrigerator': 18.59, 'dishwasher': 60.97, 'oven': 61.85, 'sink': 56.2, 'coffee machine': 79.3, 'stove': 32.97}",[],cabinet door,{},"Container id 3, is a ""cabinet door"" above the countertop."
18613,4,images/kitchen/18_segmented_sun_auhdmjbjkxwrixim.jpg,"[[712, 393], [713, 439], [823, 439], [823, 394]]",drawer,0.473,"[[0, 382], [1107, 382], [1107, 808], [0, 808]]",below,0.414,46.0,111.0,"{""above"": null, ""below"": 18616, ""left"": null, ""right"": null, ""top_left"": null, ""top_right"": null, ""bottom_left"": null, ""bottom_right"": null}","{""above"": null, ""below"": null, ""left"": null, ""right"": null, ""top_left"": null, ""top_right"": null, ""bottom_left"": ""sink"", ""bottom_right"": null}","{'refrigerator': 0.1343, 'dishwasher': 0.3627, 'oven': 0.4004, 'sink': 0.3845, 'coffee machine': 0.4774, 'stove': 0.2578}","{'refrigerator': 357.04, 'dishwasher': 166.7, 'oven': 179.07, 'sink': 182.46, 'coffee machine': 163.23, 'stove': 191.52}",[],drawer,{'refrigerator': 1},"Container id 4, is a ""drawer"" below the countertop. Additionally, it is the closest to the refrigerator."
18614,5,images/kitchen/18_segmented_sun_auhdmjbjkxwrixim.jpg,"[[382, 64], [378, 241], [443, 249], [447, 95]]",cabinet door,0.413,"[[0, 382], [1107, 382], [1107, 808], [0, 808]]",above,2.681,185.0,69.0,"{""above"": null, ""below"": null, ""left"": 18619, ""right"": 18618, ""top_left"": null, ""top_right"": null, ""bottom_left"": null, ""bottom_right"": null}","{""above"": null, ""below"": ""stove"", ""left"": null, ""right"": null, ""top_left"": null, ""top_right"": null, ""bottom_left"": null, ""bottom_right"": null}","{'refrigerator': 0.4319, 'dishwasher': 0.2847, 'oven': 0.2382, 'sink': 0.21, 'coffee machine': 0.3789, 'stove': 0.134}","{'refrigerator': 24.4, 'dishwasher': 109.23, 'oven': 126.35, 'sink': 126.49, 'coffee machine': 121.49, 'stove': 87.19}",[],cabinet door,{},"Container id 5, is a ""cabinet door"" above the countertop."
18615,6,images/kitchen/18_segmented_sun_auhdmjbjkxwrixim.jpg,"[[578, 88], [516, 96], [517, 248], [580, 248]]",cabinet door,0.394,"[[0, 382], [1107, 382], [1107, 808], [0, 808]]",above,2.5,160.0,64.0,"{""above"": null, ""below"": null, ""left"": 18623, ""right"": 18627, ""top_left"": null, ""top_right"": null, ""bottom_left"": null, ""bottom_right"": null}","{""above"": null, ""below"": null, ""left"": null, ""right"": null, ""top_left"": null, ""top_right"": null, ""bottom_left"": null, ""bottom_right"": null}","{'refrigerator': 0.3415, 'dishwasher': 0.326, 'oven': 0.3036, 'sink': 0.2768, 'coffee machine': 0.4344, 'stove': 0.1578}","{'refrigerator': 30.39, 'dishwasher': 126.18, 'oven': 142.18, 'sink': 143.87, 'coffee machine': 133.06, 'stove': 125.7}",[],cabinet door,{},"Container id 6, is a ""cabinet door"" above the countertop."
18616,7,images/kitchen/18_segmented_sun_auhdmjbjkxwrixim.jpg,"[[712, 442], [713, 488], [822, 490], [822, 443]]",drawer,0.466,"[[0, 382], [1107, 382], [1107, 808], [0, 808]]",below,0.436,48.0,110.0,"{""above"": 18613, ""below"": 18624, ""left"": null, ""right"": null, ""top_left"": null, ""top_right"": null, ""bottom_left"": null, ""bottom_right"": null}","{""above"": null, ""below"": null, ""left"": ""sink"", ""right"": null, ""top_left"": null, ""top_right"": null, ""bottom_left"": null, ""bottom_right"": null}","{'refrigerator': 0.1412, 'dishwasher': 0.3558, 'oven': 0.4011, 'sink': 0.3873, 'coffee machine': 0.4679, 'stove': 0.2671}","{'refrigerator': 342.24, 'dishwasher': 172.36, 'oven': 184.24, 'sink': 187.8, 'coffee machine': 167.46, 'stove': 199.15}",[],drawer,{'refrigerator': 2},"Container id 7, is a ""drawer"" below the countertop. Additionally, it is the 2nd closest to the refrigerator."
18617,8,images/kitchen/18_segmented_sun_auhdmjbjkxwrixim.jpg,"[[384, 400], [326, 408], [330, 646], [385, 620]]",cabinet door,0.421,"[[0, 382], [1107, 382], [1107, 808], [0, 808]]",below,4.169,246.0,59.0,"{""above"": null, ""below"": null, ""left"": null, ""right"": 18625, ""top_left"": null, ""top_right"": null, ""bottom_left"": null, ""bottom_right"": null}","{""above"": null, ""below"": null, ""left"": ""dishwasher"", ""right"": null, ""top_left"": ""sink"", ""top_right"": ""stove"", ""bottom_left"": null, ""bottom_right"": null}","{'refrigerator': 0.4419, 'dishwasher': 0.0535, 'oven': 0.1211, 'sink': 0.1238, 'coffee machine': 0.1691, 'stove': 0.1348}","{'refrigerator': 349.37, 'dishwasher': 170.49, 'oven': 214.22, 'sink': 227.37, 'coffee machine': 158.08, 'stove': 290.68}",[],cabinet door,"{'dishwasher': 1, 'oven': 1, 'sink': 1, 'coffee machine': 2}","Container id 8, is a ""cabinet door"" below the countertop. Additionally, it is the closest to the dishwasher, the closest to the oven, the closest to the sink, and the 2nd closest to the coffee machine."
18618,9,images/kitchen/18_segmented_sun_auhdmjbjkxwrixim.jpg,"[[512, 93], [450, 98], [451, 251], [513, 247]]",cabinet door,0.392,"[[0, 382], [1107, 382], [1107, 808], [0, 808]]",above,2.508,158.0,63.0,"{""above"": null, ""below"": null, ""left"": 18614, ""right"": 18623, ""top_left"": null, ""top_right"": null, ""bottom_left"": null, ""bottom_right"": null}","{""above"": null, ""below"": null, ""left"": null, ""right"": null, ""top_left"": null, ""top_right"": null, ""bottom_left"": null, ""bottom_right"": null}","{'refrigerator': 0.3833, 'dishwasher': 0.2986, 'oven': 0.266, 'sink': 0.2383, 'coffee machine': 0.4017, 'stove': 0.1339}","{'refrigerator': 26.52, 'dishwasher': 118.86, 'oven': 136.07, 'sink': 137.33, 'coffee machine': 128.18, 'stove': 109.08}",[],cabinet door,{},"Container id 9, is a ""cabinet door"" above the countertop."
18619,10,images/kitchen/18_segmented_sun_auhdmjbjkxwrixim.jpg,"[[373, 58], [302, 64], [310, 244], [375, 243]]",cabinet door,0.386,"[[0, 382], [1107, 382], [1107, 808], [0, 808]]",above,2.548,186.0,73.0,"{""above"": null, ""below"": null, ""left"": null, ""right"": 18614, ""top_left"": null, ""top_right"": null, ""bottom_left"": null, ""bottom_right"": null}","{""above"": null, ""below"": null, ""left"": null, ""right"": null, ""top_left"": null, ""top_right"": null, ""bottom_left"": null, ""bottom_right"": null}","{'refrigerator': 0.4833, 'dishwasher': 0.2791, 'oven': 0.2178, 'sink': 0.1903, 'coffee machine': 0.3608, 'stove': 0.1531}","{'refrigerator': 22.6, 'dishwasher': 98.42, 'oven': 113.91, 'sink': 112.23, 'coffee machine': 113.7, 'stove': 67.15}",[],cabinet door,{},"Container id 10, is a ""cabinet door"" above the countertop."
18620,11,images/kitchen/18_segmented_sun_auhdmjbjkxwrixim.jpg,"[[728, 83], [585, 88], [583, 187], [727, 188]]",cabinet door,0.392,"[[0, 382], [1107, 382], [1107, 808], [0, 808]]",above,0.724,105.0,145.0,"{""above"": null, ""below"": null, ""left"": 18627, ""right"": 18610, ""top_left"": null, ""top_right"": null, ""bottom_left"": null, ""bottom_right"": null}","{""above"": null, ""below"": null, ""left"": null, ""right"": null, ""top_left"": null, ""top_right"": null, ""bottom_left"": null, ""bottom_right"": null}","{'refrigerator': 0.2923, 'dishwasher': 0.3953, 'oven': 0.382, 'sink': 0.3559, 'coffee machine': 0.5077, 'stove': 0.2291}","{'refrigerator': 42.42, 'dishwasher': 133.33, 'oven': 146.54, 'sink': 148.18, 'coffee machine': 137.68, 'stove': 138.24}",[],cabinet door,{},"Container id 11, is a ""cabinet door"" above the countertop."
18621,12,images/kitchen/18_segmented_sun_auhdmjbjkxwrixim.jpg,"[[724, 568], [724, 569]]",drawer,0.318,"[[0, 382], [1107, 382], [1107, 808], [0, 808]]",below,inf,1.0,0.0,"{""above"": null, ""below"": null, ""left"": null, ""right"": null, ""top_left"": null, ""top_right"": null, ""bottom_left"": null, ""bottom_right"": null}","{""above"": null, ""below"": null, ""left"": null, ""right"": null, ""top_left"": null, ""top_right"": null, ""bottom_left"": null, ""bottom_right"": null}","{'refrigerator': 0.2037, 'dishwasher': 0.3222, 'oven': 0.383, 'sink': 0.3746, 'coffee machine': 0.426, 'stove': 0.2741}","{'refrigerator': 324.59, 'dishwasher': 184.92, 'oven': 195.85, 'sink': 199.91, 'coffee machine': 176.42, 'stove': 216.38}",[],drawer,{},"Container id 12, is a ""drawer"" below the countertop."
18622,13,images/kitchen/18_segmented_sun_auhdmjbjkxwrixim.jpg,"[[713, 393], [710, 535], [785, 543], [717, 547], [741, 564], [718, 581], [821, 590], [825, 396]]",cabinet door,0.328,"[[0, 382], [1107, 382], [1107, 808], [0, 808]]",below,1.713,197.0,115.0,"{""above"": 18616, ""below"": null, ""left"": null, ""right"": 18624, ""top_left"": null, ""top_right"": null, ""bottom_left"": null, ""bottom_right"": null}","{""above"": null, ""below"": null, ""left"": ""sink"", ""right"": ""refrigerator"", ""top_left"": null, ""top_right"": null, ""bottom_left"": null, ""bottom_right"": null}","{'refrigerator': 0.1658, 'dishwasher': 0.3429, 'oven': 0.3961, 'sink': 0.3848, 'coffee machine': 0.4513, 'stove': 0.2733}","{'refrigerator': 330.5, 'dishwasher': 178.54, 'oven': 189.92, 'sink': 193.7, 'coffee machine': 171.97, 'stove': 207.5}",[],cabinet door,{},"Container id 13, is a ""cabinet door"" below the countertop."
18623,14,images/kitchen/18_segmented_sun_auhdmjbjkxwrixim.jpg,"[[580, 89], [451, 96], [451, 251], [580, 248]]",drawer,0.423,"[[0, 382], [1107, 382], [1107, 808], [0, 808]]",above,1.256,162.0,129.0,"{""above"": null, ""below"": null, ""left"": 18618, ""right"": 18615, ""top_left"": null, ""top_right"": null, ""bottom_left"": null, ""bottom_right"": null}","{""above"": null, ""below"": null, ""left"": null, ""right"": null, ""top_left"": null, ""top_right"": null, ""bottom_left"": null, ""bottom_right"": null}","{'refrigerator': 0.3617, 'dishwasher': 0.3121, 'oven': 0.2849, 'sink': 0.2577, 'coffee machine': 0.4181, 'stove': 0.1447}","{'refrigerator': 28.4, 'dishwasher': 122.77, 'oven': 139.4, 'sink': 140.92, 'coffee machine': 130.77, 'stove': 118.29}",[],drawer,{},"Container id 14, is a ""drawer"" above the countertop."
18624,15,images/kitchen/18_segmented_sun_auhdmjbjkxwrixim.jpg,"[[711, 492], [713, 537], [821, 540], [819, 493]]",cabinet door,0.339,"[[0, 382], [1107, 382], [1107, 808], [0, 808]]",below,0.436,48.0,110.0,"{""above"": 18616, ""below"": null, ""left"": 18622, ""right"": null, ""top_left"": null, ""top_right"": null, ""bottom_left"": null, ""bottom_right"": null}","{""above"": null, ""below"": null, ""left"": null, ""right"": null, ""top_left"": ""sink"", ""top_right"": null, ""bottom_left"": null, ""bottom_right"": null}","{'refrigerator': 0.1569, 'dishwasher': 0.3519, 'oven': 0.4045, 'sink': 0.393, 'coffee machine': 0.4605, 'stove': 0.2803}","{'refrigerator': 329.62, 'dishwasher': 178.21, 'oven': 189.38, 'sink': 193.07, 'coffee machine': 171.85, 'stove': 206.24}",[],cabinet door,{},"Container id 15, is a ""cabinet door"" below the countertop."
18625,16,images/kitchen/18_segmented_sun_auhdmjbjkxwrixim.jpg,"[[476, 389], [388, 401], [389, 617], [477, 570]]",cabinet door,0.32,"[[0, 382], [1107, 382], [1107, 808], [0, 808]]",below,2.562,228.0,89.0,"{""above"": null, ""below"": null, ""left"": 18617, ""right"": 18611, ""top_left"": null, ""top_right"": null, ""bottom_left"": null, ""bottom_right"": null}","{""above"": ""stove"", ""below"": null, ""left"": ""dishwasher"", ""right"": null, ""top_left"": null, ""top_right"": null, ""bottom_left"": null, ""bottom_right"": null}","{'refrigerator': 0.384, 'dishwasher': 0.1116, 'oven': 0.1637, 'sink': 0.1576, 'coffee machine': 0.2274, 'stove': 0.1087}","{'refrigerator': 350.43, 'dishwasher': 166.25, 'oven': 197.94, 'sink': 207.75, 'coffee machine': 159.18, 'stove': 265.77}",[],cabinet door,"{'dishwasher': 2, 'sink': 2, 'stove': 1}","Container id 16, is a ""cabinet door"" below the countertop. Additionally, it is the 2nd closest to the dishwasher, the 2nd closest to the sink, and the closest to the stove."
18626,17,images/kitchen/18_segmented_sun_auhdmjbjkxwrixim.jpg,"[[10, 436], [8, 629], [56, 639], [57, 438]]",cabinet door,0.34,"[[0, 382], [1107, 382], [1107, 808], [0, 808]]",below,4.143,203.0,49.0,"{""above"": null, ""below"": null, ""left"": null, ""right"": null, ""top_left"": null, ""top_right"": null, ""bottom_left"": null, ""bottom_right"": null}","{""above"": null, ""below"": null, ""left"": null, ""right"": ""coffee machine"", ""top_left"": null, ""top_right"": null, ""bottom_left"": null, ""bottom_right"": null}","{'refrigerator': 0.6769, 'dishwasher': 0.1834, 'oven': 0.158, 'sink': 0.184, 'coffee machine': 0.094, 'stove': 0.3157}","{'refrigerator': 352.02, 'dishwasher': 358.88, 'oven': 329.35, 'sink': 325.78, 'coffee machine': 32.64, 'stove': 333.97}",[],cabinet door,"{'oven': 2, 'coffee machine': 1}","Container id 17, is a ""cabinet door"" below the countertop. Additionally, it is the 2nd closest to the oven, and the closest to the coffee machine."
18627,18,images/kitchen/18_segmented_sun_auhdmjbjkxwrixim.jpg,"[[662, 88], [583, 90], [584, 186], [667, 183]]",cabinet door,0.308,"[[0, 382], [1107, 382], [1107, 808], [0, 808]]",above,1.167,98.0,84.0,"{""above"": null, ""below"": null, ""left"": 18615, ""right"": 18620, ""top_left"": null, ""top_right"": null, ""bottom_left"": null, ""bottom_right"": null}","{""above"": null, ""below"": null, ""left"": null, ""right"": null, ""top_left"": null, ""top_right"": null, ""bottom_left"": null, ""bottom_right"": null}","{'refrigerator': 0.3097, 'dishwasher': 0.3796, 'oven': 0.3628, 'sink': 0.3363, 'coffee machine': 0.4907, 'stove': 0.2123}","{'refrigerator': 39.5, 'dishwasher': 130.8, 'oven': 144.55, 'sink': 146.12, 'coffee machine': 135.87, 'stove': 134.11}",[],cabinet door,{},"Container id 18, is a ""cabinet door"" above the countertop."
18970,1,images/kitchen/33_segmented_sun_awbppqusbpubsfeq.jpg,"[[144, 152], [144, 201], [187, 201], [188, 152]]",cabinet door,0.393,"[[0, 307], [800, 307], [800, 533], [0, 533]]",above,1.114,49.0,44.0,"{""above"": null, ""below"": null, ""left"": null, ""right"": 19000, ""top_left"": null, ""top_right"": null, ""bottom_left"": null, ""bottom_right"": null}","{""above"": null, ""below"": ""microwave"", ""left"": null, ""right"": null, ""top_left"": null, ""top_right"": null, ""bottom_left"": null, ""bottom_right"": null}","{'dishwasher': 0.61, 'refrigerator': 0.545, 'microwave': 0.0604, 'dish': 0.2805, 'coffee machine': 0.5015, 'sink': 0.5342, 'oven': 0.5703, 'toaster': 0.173, 'stove': 0.2033}","{'dishwasher': 26.29, 'refrigerator': 17.86, 'microwave': 67.19, 'dish': 41.03, 'coffee machine': 14.84, 'sink': 18.5, 'oven': 14.39, 'toaster': 81.09, 'stove': 133.5}",[],cabinet door,"{'microwave': 2, 'stove': 1}","Container id 1, is a ""cabinet door"" above the countertop. Additionally, it is the 2nd closest to the microwave, and the closest to the stove."
18971,2,images/kitchen/33_segmented_sun_awbppqusbpubsfeq.jpg,"[[342, 158], [342, 219], [380, 219], [380, 158]]",cabinet door,0.393,"[[0, 307], [800, 307], [800, 533], [0, 533]]",above,1.605,61.0,38.0,"{""above"": null, ""below"": null, ""left"": 18972, ""right"": 18987, ""top_left"": null, ""top_right"": null, ""bottom_left"": null, ""bottom_right"": null}","{""above"": null, ""below"": null, ""left"": null, ""right"": null, ""top_left"": null, ""top_right"": null, ""bottom_left"": null, ""bottom_right"": null}","{'dishwasher': 0.4297, 'refrigerator': 0.3515, 'microwave': 0.1848, 'dish': 0.1719, 'coffee machine': 0.3046, 'sink': 0.3417, 'oven': 0.3725, 'toaster': 0.2371, 'stove': 0.3686}","{'dishwasher': 36.86, 'refrigerator': 26.11, 'microwave': 166.49, 'dish': 87.17, 'coffee machine': 22.38, 'sink': 27.36, 'oven': 20.31, 'toaster': 138.05, 'stove': 158.52}",[],cabinet door,{},"Container id 2, is a ""cabinet door"" above the countertop."
18972,3,images/kitchen/33_segmented_sun_awbppqusbpubsfeq.jpg,"[[294, 157], [293, 266], [339, 270], [340, 158]]",cabinet door,0.373,"[[0, 307], [800, 307], [800, 533], [0, 533]]",above,2.404,113.0,47.0,"{""above"": null, ""below"": null, ""left"": 18990, ""right"": 18971, ""top_left"": null, ""top_right"": null, ""bottom_left"": null, ""bottom_right"": null}","{""above"": null, ""below"": null, ""left"": null, ""right"": null, ""top_left"": null, ""top_right"": null, ""bottom_left"": null, ""bottom_right"": null}","{'dishwasher': 0.4541, 'refrigerator': 0.3844, 'microwave': 0.1346, 'dish': 0.1563, 'coffee machine': 0.3403, 'sink': 0.3738, 'oven': 0.4091, 'toaster': 0.1862, 'stove': 0.3164}","{'dishwasher': 30.79, 'refrigerator': 19.68, 'microwave': 172.34, 'dish': 69.48, 'coffee machine': 15.47, 'sink': 20.65, 'oven': 14.74, 'toaster': 134.3, 'stove': 159.7}",[],cabinet door,{},"Container id 3, is a ""cabinet door"" above the countertop."
18973,4,images/kitchen/33_segmented_sun_awbppqusbpubsfeq.jpg,"[[530, 343], [530, 395], [544, 408], [574, 408], [574, 343]]",cabinet door,0.362,"[[0, 307], [800, 307], [800, 533], [0, 533]]",below,1.477,65.0,44.0,"{""above"": 18991, ""below"": null, ""left"": 18982, ""right"": 18985, ""top_left"": 18983, ""top_right"": null, ""bottom_left"": null, ""bottom_right"": null}","{""above"": null, ""below"": null, ""left"": null, ""right"": null, ""top_left"": null, ""top_right"": null, ""bottom_left"": null, ""bottom_right"": null}","{'dishwasher': 0.1582, 'refrigerator': 0.1265, 'microwave': 0.4075, 'dish': 0.1904, 'coffee machine': 0.1183, 'sink': 0.1143, 'oven': 0.1673, 'toaster': 0.3755, 'stove': 0.5438}","{'dishwasher': 21.94, 'refrigerator': 339.69, 'microwave': 202.42, 'dish': 188.13, 'coffee machine': 315.7, 'sink': 338.66, 'oven': 335.54, 'toaster': 186.13, 'stove': 186.72}",[],cabinet door,{},"Container id 4, is a ""cabinet door"" below the countertop."
18974,5,images/kitchen/33_segmented_sun_awbppqusbpubsfeq.jpg,"[[245, 157], [244, 267], [289, 268], [291, 158]]",cabinet door,0.371,"[[0, 307], [800, 307], [800, 533], [0, 533]]",above,2.362,111.0,47.0,"{""above"": null, ""below"": null, ""left"": 18978, ""right"": 18990, ""top_left"": null, ""top_right"": null, ""bottom_left"": null, ""bottom_right"": null}","{""above"": null, ""below"": null, ""left"": ""microwave"", ""right"": null, ""top_left"": null, ""top_right"": null, ""bottom_left"": ""toaster"", ""bottom_right"": null}","{'dishwasher': 0.4989, 'refrigerator': 0.433, 'microwave': 0.0842, 'dish': 0.181, 'coffee machine': 0.3899, 'sink': 0.4222, 'oven': 0.4589, 'toaster': 0.155, 'stove': 0.269}","{'dishwasher': 27.81, 'refrigerator': 17.43, 'microwave': 167.51, 'dish': 54.14, 'coffee machine': 13.5, 'sink': 18.23, 'oven': 13.14, 'toaster': 120.55, 'stove': 155.86}",[],cabinet door,{},"Container id 5, is a ""cabinet door"" above the countertop."
18975,6,images/kitchen/33_segmented_sun_awbppqusbpubsfeq.jpg,"[[561, 262], [560, 262], [557, 266], [552, 266], [552, 267], [559, 267], [560, 268], [562, 267]]",cabinet door,0.422,"[[0, 307], [800, 307], [800, 533], [0, 533]]",above,0.6,6.0,10.0,"{""above"": null, ""below"": null, ""left"": null, ""right"": null, ""top_left"": null, ""top_right"": null, ""bottom_left"": null, ""bottom_right"": null}","{""above"": null, ""below"": null, ""left"": null, ""right"": null, ""top_left"": null, ""top_right"": null, ""bottom_left"": null, ""bottom_right"": null}","{'dishwasher': 0.2254, 'refrigerator': 0.1335, 'microwave': 0.3863, 'dish': 0.2165, 'coffee machine': 0.0848, 'sink': 0.125, 'oven': 0.1526, 'toaster': 0.3891, 'stove': 0.5506}","{'dishwasher': 51.93, 'refrigerator': 33.9, 'microwave': 185.51, 'dish': 155.03, 'coffee machine': 24.95, 'sink': 37.89, 'oven': 18.76, 'toaster': 168.4, 'stove': 174.29}",[],cabinet door,{'coffee machine': 2},"Container id 6, is a ""cabinet door"" above the countertop. Additionally, it is the 2nd closest to the coffee machine."
18976,7,images/kitchen/33_segmented_sun_awbppqusbpubsfeq.jpg,"[[563, 177], [563, 180], [564, 180], [564, 178]]",cabinet door,0.385,"[[0, 307], [800, 307], [800, 533], [0, 533]]",above,3.0,3.0,1.0,"{""above"": null, ""below"": null, ""left"": null, ""right"": null, ""top_left"": null, ""top_right"": null, ""bottom_left"": null, ""bottom_right"": null}","{""above"": null, ""below"": null, ""left"": null, ""right"": null, ""top_left"": null, ""top_right"": null, ""bottom_left"": null, ""bottom_right"": null}","{'dishwasher': 0.2991, 'refrigerator': 0.1954, 'microwave': 0.394, 'dish': 0.2719, 'coffee machine': 0.1447, 'sink': 0.1912, 'oven': 0.1967, 'toaster': 0.4221, 'stove': 0.5724}","{'dishwasher': 63.57, 'refrigerator': 57.51, 'microwave': 172.22, 'dish': 138.04, 'coffee machine': 60.63, 'sink': 60.96, 'oven': 45.16, 'toaster': 156.46, 'stove': 165.31}",[],cabinet door,{},"Container id 7, is a ""cabinet door"" above the countertop."
18977,8,images/kitchen/33_segmented_sun_awbppqusbpubsfeq.jpg,"[[566, 157], [503, 156], [500, 270], [536, 269], [536, 163], [559, 162], [564, 175]]",drawer,0.384,"[[0, 307], [800, 307], [800, 533], [0, 533]]",above,1.727,114.0,66.0,"{""above"": null, ""below"": 18999, ""left"": 18994, ""right"": 18976, ""top_left"": null, ""top_right"": null, ""bottom_left"": 18980, ""bottom_right"": null}","{""above"": null, ""below"": null, ""left"": null, ""right"": null, ""top_left"": null, ""top_right"": null, ""bottom_left"": null, ""bottom_right"": null}","{'dishwasher': 0.2992, 'refrigerator': 0.1996, 'microwave': 0.3656, 'dish': 0.242, 'coffee machine': 0.1481, 'sink': 0.1936, 'oven': 0.2071, 'toaster': 0.3916, 'stove': 0.5427}","{'dishwasher': 57.68, 'refrigerator': 48.67, 'microwave': 173.98, 'dish': 136.43, 'coffee machine': 48.65, 'sink': 51.83, 'oven': 36.95, 'toaster': 156.9, 'stove': 166.12}",[],drawer,{},"Container id 8, is a ""drawer"" above the countertop."
18978,9,images/kitchen/33_segmented_sun_awbppqusbpubsfeq.jpg,"[[190, 152], [190, 201], [235, 201], [238, 154]]",cabinet door,0.335,"[[0, 307], [800, 307], [800, 533], [0, 533]]",above,1.021,49.0,48.0,"{""above"": null, ""below"": null, ""left"": 19000, ""right"": null, ""top_left"": null, ""top_right"": null, ""bottom_left"": null, ""bottom_right"": 18974}","{""above"": null, ""below"": ""microwave"", ""left"": null, ""right"": null, ""top_left"": null, ""top_right"": null, ""bottom_left"": null, ""bottom_right"": null}","{'dishwasher': 0.5659, 'refrigerator': 0.498, 'microwave': 0.061, 'dish': 0.245, 'coffee machine': 0.4538, 'sink': 0.4874, 'oven': 0.5225, 'toaster': 0.1719, 'stove': 0.2397}","{'dishwasher': 28.46, 'refrigerator': 19.55, 'microwave': 115.25, 'dish': 48.54, 'coffee machine': 16.38, 'sink': 20.28, 'oven': 15.69, 'toaster': 97.56, 'stove': 142.19}",[],cabinet door,{},"Container id 9, is a ""cabinet door"" above the countertop."
18979,10,images/kitchen/33_segmented_sun_awbppqusbpubsfeq.jpg,"[[723, 382], [725, 409], [799, 443], [799, 409]]",cabinet door,0.404,"[[0, 307], [800, 307], [800, 533], [0, 533]]",below,0.803,61.0,76.0,"{""above"": null, ""below"": 18989, ""left"": null, ""right"": null, ""top_left"": null, ""top_right"": null, ""bottom_left"": null, ""bottom_right"": null}","{""above"": null, ""below"": null, ""left"": ""dishwasher"", ""right"": null, ""top_left"": ""refrigerator"", ""top_right"": null, ""bottom_left"": null, ""bottom_right"": null}","{'dishwasher': 0.0775, 'refrigerator': 0.1267, 'microwave': 0.6253, 'dish': 0.4125, 'coffee machine': 0.1775, 'sink': 0.1353, 'oven': 0.1221, 'toaster': 0.5974, 'stove': 0.7657}","{'dishwasher': 159.98, 'refrigerator': 217.14, 'microwave': 197.5, 'dish': 188.3, 'coffee machine': 220.48, 'sink': 213.25, 'oven': 236.55, 'toaster': 186.99, 'stove': 187.22}",[],cabinet door,{},"Container id 10, is a ""cabinet door"" below the countertop."
18980,11,images/kitchen/33_segmented_sun_awbppqusbpubsfeq.jpg,"[[504, 157], [502, 267], [532, 270], [534, 158]]",cabinet door,0.381,"[[0, 307], [800, 307], [800, 533], [0, 533]]",above,3.531,113.0,32.0,"{""above"": null, ""below"": null, ""left"": 18994, ""right"": 18999, ""top_left"": null, ""top_right"": 18977, ""bottom_left"": null, ""bottom_right"": null}","{""above"": null, ""below"": null, ""left"": null, ""right"": null, ""top_left"": null, ""top_right"": null, ""bottom_left"": null, ""bottom_right"": null}","{'dishwasher': 0.2941, 'refrigerator': 0.1997, 'microwave': 0.3435, 'dish': 0.2129, 'coffee machine': 0.149, 'sink': 0.1922, 'oven': 0.213, 'toaster': 0.3648, 'stove': 0.518}","{'dishwasher': 52.15, 'refrigerator': 40.31, 'microwave': 177.05, 'dish': 136.65, 'coffee machine': 37.41, 'sink': 43.18, 'oven': 29.17, 'toaster': 158.62, 'stove': 167.8}",[],cabinet door,{},"Container id 11, is a ""cabinet door"" above the countertop."
18981,12,images/kitchen/33_segmented_sun_awbppqusbpubsfeq.jpg,"[[569, 168], [568, 268], [634, 268], [636, 170]]",drawer,0.398,"[[0, 307], [800, 307], [800, 533], [0, 533]]",above,1.471,100.0,68.0,"{""above"": null, ""below"": null, ""left"": 18988, ""right"": null, ""top_left"": 18976, ""top_right"": null, ""bottom_left"": 18975, ""bottom_right"": null}","{""above"": null, ""below"": ""coffee machine"", ""left"": null, ""right"": null, ""top_left"": null, ""top_right"": null, ""bottom_left"": null, ""bottom_right"": null}","{'dishwasher': 0.245, 'refrigerator': 0.1396, 'microwave': 0.4303, 'dish': 0.2798, 'coffee machine': 0.0903, 'sink': 0.1365, 'oven': 0.1393, 'toaster': 0.4453, 'stove': 0.6025}","{'dishwasher': 67.6, 'refrigerator': 62.17, 'microwave': 178.41, 'dish': 149.87, 'coffee machine': 69.79, 'sink': 67.15, 'oven': 44.77, 'toaster': 163.4, 'stove': 170.08}",[],drawer,{},"Container id 12, is a ""drawer"" above the countertop."
18982,13,images/kitchen/33_segmented_sun_awbppqusbpubsfeq.jpg,"[[476, 345], [477, 358], [498, 362], [527, 390], [527, 344]]",cabinet door,0.359,"[[0, 307], [800, 307], [800, 533], [0, 533]]",below,0.902,46.0,51.0,"{""above"": 18983, ""below"": null, ""left"": null, ""right"": 18973, ""top_left"": null, ""top_right"": null, ""bottom_left"": null, ""bottom_right"": null}","{""above"": null, ""below"": null, ""left"": null, ""right"": null, ""top_left"": null, ""top_right"": null, ""bottom_left"": null, ""bottom_right"": null}","{'dishwasher': 0.2135, 'refrigerator': 0.1716, 'microwave': 0.3522, 'dish': 0.1373, 'coffee machine': 0.1496, 'sink': 0.1592, 'oven': 0.2095, 'toaster': 0.3226, 'stove': 0.4906}","{'dishwasher': 21.87, 'refrigerator': 352.13, 'microwave': 202.54, 'dish': 182.74, 'coffee machine': 335.42, 'sink': 352.35, 'oven': 346.5, 'toaster': 183.51, 'stove': 185.05}",[],cabinet door,{},"Container id 13, is a ""cabinet door"" below the countertop."
18983,14,images/kitchen/33_segmented_sun_awbppqusbpubsfeq.jpg,"[[475, 330], [476, 342], [528, 341], [526, 326], [486, 326]]",cabinet door,0.32,"[[0, 307], [800, 307], [800, 533], [0, 533]]",below,0.302,16.0,53.0,"{""above"": null, ""below"": 18982, ""left"": null, ""right"": 18991, ""top_left"": null, ""top_right"": null, ""bottom_left"": null, ""bottom_right"": null}","{""above"": null, ""below"": null, ""left"": null, ""right"": null, ""top_left"": null, ""top_right"": null, ""bottom_left"": null, ""bottom_right"": null}","{'dishwasher': 0.228, 'refrigerator': 0.1729, 'microwave': 0.3398, 'dish': 0.1359, 'coffee machine': 0.1431, 'sink': 0.1609, 'oven': 0.2077, 'toaster': 0.3192, 'stove': 0.486}","{'dishwasher': 28.11, 'refrigerator': 1.45, 'microwave': 198.38, 'dish': 170.97, 'coffee machine': 346.12, 'sink': 2.38, 'oven': 354.19, 'toaster': 178.54, 'stove': 181.81}",[],cabinet door,{},"Container id 14, is a ""cabinet door"" below the countertop."
18984,15,images/kitchen/33_segmented_sun_awbppqusbpubsfeq.jpg,"[[422, 158], [422, 219], [460, 219], [460, 159]]",drawer,0.352,"[[0, 307], [800, 307], [800, 533], [0, 533]]",above,1.605,61.0,38.0,"{""above"": null, ""below"": null, ""left"": 18987, ""right"": 18994, ""top_left"": null, ""top_right"": null, ""bottom_left"": null, ""bottom_right"": null}","{""above"": null, ""below"": null, ""left"": null, ""right"": null, ""top_left"": null, ""top_right"": null, ""bottom_left"": null, ""bottom_right"": null}","{'dishwasher': 0.3663, 'refrigerator': 0.279, 'microwave': 0.2664, 'dish': 0.187, 'coffee machine': 0.2297, 'sink': 0.2703, 'oven': 0.2957, 'toaster': 0.304, 'stove': 0.447}","{'dishwasher': 44.65, 'refrigerator': 33.6, 'microwave': 170.73, 'dish': 113.56, 'coffee machine': 30.25, 'sink': 35.44, 'oven': 25.87, 'toaster': 148.64, 'stove': 162.46}",[],drawer,{},"Container id 15, is a ""drawer"" above the countertop."
18985,16,images/kitchen/33_segmented_sun_awbppqusbpubsfeq.jpg,"[[581, 344], [580, 407], [600, 423], [603, 354]]",cabinet door,0.376,"[[0, 307], [800, 307], [800, 533], [0, 533]]",below,3.435,79.0,23.0,"{""above"": null, ""below"": null, ""left"": 18973, ""right"": 18997, ""top_left"": 18991, ""top_right"": 19002, ""bottom_left"": null, ""bottom_right"": null}","{""above"": null, ""below"": null, ""left"": null, ""right"": ""refrigerator"", ""top_left"": null, ""top_right"": null, ""bottom_left"": null, ""bottom_right"": null}","{'dishwasher': 0.1188, 'refrigerator': 0.0895, 'microwave': 0.4478, 'dish': 0.2327, 'coffee machine': 0.0953, 'sink': 0.078, 'oven': 0.1315, 'toaster': 0.4178, 'stove': 0.5861}","{'dishwasher': 28.36, 'refrigerator': 328.6, 'microwave': 200.68, 'dish': 187.32, 'coffee machine': 296.43, 'sink': 325.4, 'oven': 326.81, 'toaster': 185.88, 'stove': 186.5}",[],cabinet door,{},"Container id 16, is a ""cabinet door"" below the countertop."
18986,17,images/kitchen/33_segmented_sun_awbppqusbpubsfeq.jpg,"[[723, 382], [723, 529], [799, 531], [799, 409]]",cabinet door,0.321,"[[0, 307], [800, 307], [800, 533], [0, 533]]",below,1.961,149.0,76.0,"{""above"": 18989, ""below"": null, ""left"": null, ""right"": null, ""top_left"": null, ""top_right"": null, ""bottom_left"": null, ""bottom_right"": null}","{""above"": null, ""below"": null, ""left"": ""dishwasher"", ""right"": null, ""top_left"": ""refrigerator"", ""top_right"": null, ""bottom_left"": null, ""bottom_right"": null}","{'dishwasher': 0.0774, 'refrigerator': 0.1648, 'microwave': 0.6431, 'dish': 0.4232, 'coffee machine': 0.2162, 'sink': 0.1707, 'oven': 0.1697, 'toaster': 0.6059, 'stove': 0.7739}","{'dishwasher': 200.87, 'refrigerator': 232.42, 'microwave': 202.12, 'dish': 195.58, 'coffee machine': 231.54, 'sink': 228.71, 'oven': 246.82, 'toaster': 192.08, 'stove': 191.2}",[],cabinet door,{},"Container id 17, is a ""cabinet door"" below the countertop."
18987,18,images/kitchen/33_segmented_sun_awbppqusbpubsfeq.jpg,"[[382, 158], [382, 219], [420, 219], [420, 158]]",drawer,0.36,"[[0, 307], [800, 307], [800, 533], [0, 533]]",above,1.605,61.0,38.0,"{""above"": null, ""below"": null, ""left"": 18971, ""right"": 18984, ""top_left"": null, ""top_right"": null, ""bottom_left"": null, ""bottom_right"": null}","{""above"": null, ""below"": null, ""left"": null, ""right"": null, ""top_left"": null, ""top_right"": null, ""bottom_left"": null, ""bottom_right"": null}","{'dishwasher': 0.3972, 'refrigerator': 0.3147, 'microwave': 0.2255, 'dish': 0.1748, 'coffee machine': 0.2666, 'sink': 0.3053, 'oven': 0.3338, 'toaster': 0.2695, 'stove': 0.4076}","{'dishwasher': 40.46, 'refrigerator': 29.45, 'microwave': 168.96, 'dish': 100.92, 'coffee machine': 25.79, 'sink': 30.95, 'oven': 22.79, 'toaster': 143.98, 'stove': 160.66}",[],drawer,{},"Container id 18, is a ""drawer"" above the countertop."
18988,19,images/kitchen/33_segmented_sun_awbppqusbpubsfeq.jpg,"[[569, 173], [568, 268], [595, 268], [596, 175]]",cabinet door,0.389,"[[0, 307], [800, 307], [800, 533], [0, 533]]",above,3.393,95.0,28.0,"{""above"": null, ""below"": null, ""left"": 18999, ""right"": null, ""top_left"": 18976, ""top_right"": null, ""bottom_left"": 18975, ""bottom_right"": null}","{""above"": null, ""below"": null, ""left"": null, ""right"": null, ""top_left"": null, ""top_right"": null, ""bottom_left"": null, ""bottom_right"": ""coffee machine""}","{'dishwasher': 0.2512, 'refrigerator': 0.1482, 'microwave': 0.4097, 'dish': 0.2608, 'coffee machine': 0.0971, 'sink': 0.1435, 'oven': 0.1529, 'toaster': 0.4249, 'stove': 0.5818}","{'dishwasher': 63.04, 'refrigerator': 54.66, 'microwave': 178.69, 'dish': 148.1, 'coffee machine': 57.8, 'sink': 59.16, 'oven': 38.65, 'toaster': 162.94, 'stove': 169.99}",[],cabinet door,{},"Container id 19, is a ""cabinet door"" above the countertop."
18989,20,images/kitchen/33_segmented_sun_awbppqusbpubsfeq.jpg,"[[723, 410], [725, 440], [799, 481], [799, 445]]",drawer,0.367,"[[0, 307], [800, 307], [800, 533], [0, 533]]",below,0.934,71.0,76.0,"{""above"": 18979, ""below"": null, ""left"": null, ""right"": null, ""top_left"": null, ""top_right"": null, ""bottom_left"": null, ""bottom_right"": null}","{""above"": null, ""below"": null, ""left"": ""dishwasher"", ""right"": null, ""top_left"": null, ""top_right"": null, ""bottom_left"": null, ""bottom_right"": null}","{'dishwasher': 0.0733, 'refrigerator': 0.1502, 'microwave': 0.6365, 'dish': 0.4188, 'coffee machine': 0.2016, 'sink': 0.157, 'oven': 0.1522, 'toaster': 0.6026, 'stove': 0.7708}","{'dishwasher': 186.32, 'refrigerator': 227.72, 'microwave': 200.47, 'dish': 192.99, 'coffee machine': 227.98, 'sink': 223.87, 'oven': 243.75, 'toaster': 190.26, 'stove': 189.77}",[],drawer,{'dishwasher': 2},"Container id 20, is a ""drawer"" below the countertop. Additionally, it is the 2nd closest to the dishwasher."
18990,21,images/kitchen/33_segmented_sun_awbppqusbpubsfeq.jpg,"[[244, 157], [245, 269], [339, 270], [340, 158]]",drawer,0.35,"[[0, 307], [800, 307], [800, 533], [0, 533]]",above,1.177,113.0,96.0,"{""above"": null, ""below"": null, ""left"": 18974, ""right"": 18972, ""top_left"": null, ""top_right"": null, ""bottom_left"": null, ""bottom_right"": null}","{""above"": null, ""below"": null, ""left"": ""microwave"", ""right"": null, ""top_left"": null, ""top_right"": null, ""bottom_left"": ""toaster"", ""bottom_right"": null}","{'dishwasher': 0.4758, 'refrigerator': 0.4082, 'microwave': 0.1093, 'dish': 0.1663, 'coffee machine': 0.3647, 'sink': 0.3974, 'oven': 0.4336, 'toaster': 0.1687, 'stove': 0.2923}","{'dishwasher': 29.14, 'refrigerator': 18.37, 'microwave': 170.96, 'dish': 61.14, 'coffee machine': 14.28, 'sink': 19.24, 'oven': 13.78, 'toaster': 128.28, 'stove': 158.11}",[],drawer,{},"Container id 21, is a ""drawer"" above the countertop."
18991,22,images/kitchen/33_segmented_sun_awbppqusbpubsfeq.jpg,"[[529, 327], [530, 342], [574, 341], [573, 326]]",cabinet door,0.371,"[[0, 307], [800, 307], [800, 533], [0, 533]]",below,0.356,16.0,45.0,"{""above"": null, ""below"": 18973, ""left"": 18983, ""right"": null, ""top_left"": null, ""top_right"": null, ""bottom_left"": 18982, ""bottom_right"": null}","{""above"": null, ""below"": null, ""left"": null, ""right"": null, ""top_left"": null, ""top_right"": null, ""bottom_left"": null, ""bottom_right"": null}","{'dishwasher': 0.1803, 'refrigerator': 0.1175, 'microwave': 0.3931, 'dish': 0.1908, 'coffee machine': 0.0907, 'sink': 0.1054, 'oven': 0.1528, 'toaster': 0.3746, 'stove': 0.5414}","{'dishwasher': 36.14, 'refrigerator': 1.62, 'microwave': 195.98, 'dish': 173.9, 'coffee machine': 337.04, 'sink': 3.07, 'oven': 351.7, 'toaster': 178.91, 'stove': 181.73}",[],cabinet door,{},"Container id 22, is a ""cabinet door"" below the countertop."
18992,23,images/kitchen/33_segmented_sun_awbppqusbpubsfeq.jpg,"[[257, 326], [256, 333], [258, 341], [277, 340], [277, 326]]",drawer,0.389,"[[0, 307], [800, 307], [800, 533], [0, 533]]",below,0.714,15.0,21.0,"{""above"": null, ""below"": null, ""left"": null, ""right"": 18996, ""top_left"": null, ""top_right"": null, ""bottom_left"": null, ""bottom_right"": null}","{""above"": null, ""below"": null, ""left"": null, ""right"": null, ""top_left"": null, ""top_right"": null, ""bottom_left"": null, ""bottom_right"": null}","{'dishwasher': 0.4564, 'refrigerator': 0.4155, 'microwave': 0.1338, 'dish': 0.1104, 'coffee machine': 0.3831, 'sink': 0.4034, 'oven': 0.4497, 'toaster': 0.0769, 'stove': 0.2437}","{'dishwasher': 13.58, 'refrigerator': 0.57, 'microwave': 233.36, 'dish': 11.03, 'coffee machine': 354.83, 'sink': 0.92, 'oven': 357.3, 'toaster': 174.07, 'stove': 183.66}",[],drawer,{'toaster': 2},"Container id 23, is a ""drawer"" below the countertop. Additionally, it is the 2nd closest to the toaster."
18993,24,images/kitchen/33_segmented_sun_awbppqusbpubsfeq.jpg,"[[236, 326], [236, 341], [250, 341], [251, 326]]",drawer,0.367,"[[0, 307], [800, 307], [800, 533], [0, 533]]",below,1.0,15.0,15.0,"{""above"": null, ""below"": null, ""left"": null, ""right"": null, ""top_left"": null, ""top_right"": null, ""bottom_left"": null, ""bottom_right"": null}","{""above"": null, ""below"": null, ""left"": null, ""right"": null, ""top_left"": null, ""top_right"": null, ""bottom_left"": null, ""bottom_right"": null}","{'dishwasher': 0.4784, 'refrigerator': 0.4381, 'microwave': 0.1219, 'dish': 0.1326, 'coffee machine': 0.4056, 'sink': 0.426, 'oven': 0.4723, 'toaster': 0.0544, 'stove': 0.2211}","{'dishwasher': 12.91, 'refrigerator': 0.5, 'microwave': 242.01, 'dish': 9.03, 'coffee machine': 355.07, 'sink': 0.83, 'oven': 357.39, 'toaster': 171.93, 'stove': 184.11}",[],drawer,"{'toaster': 1, 'stove': 2}","Container id 24, is a ""drawer"" below the countertop. Additionally, it is the closest to the toaster, and the 2nd closest to the stove."
18994,25,images/kitchen/33_segmented_sun_awbppqusbpubsfeq.jpg,"[[463, 158], [462, 218], [500, 219], [499, 159]]",cabinet door,0.315,"[[0, 307], [800, 307], [800, 533], [0, 533]]",above,1.605,61.0,38.0,"{""above"": null, ""below"": null, ""left"": 19001, ""right"": 18980, ""top_left"": null, ""top_right"": null, ""bottom_left"": null, ""bottom_right"": null}","{""above"": null, ""below"": null, ""left"": null, ""right"": null, ""top_left"": null, ""top_right"": null, ""bottom_left"": null, ""bottom_right"": null}","{'dishwasher': 0.3382, 'refrigerator': 0.2456, 'microwave': 0.3076, 'dish': 0.2074, 'coffee machine': 0.1951, 'sink': 0.2378, 'oven': 0.2591, 'toaster': 0.3403, 'stove': 0.4869}","{'dishwasher': 49.65, 'refrigerator': 39.04, 'microwave': 171.93, 'dish': 124.13, 'coffee machine': 36.49, 'sink': 41.31, 'oven': 29.94, 'toaster': 152.25, 'stove': 163.91}",[],cabinet door,{},"Container id 25, is a ""cabinet door"" above the countertop."
18995,26,images/kitchen/33_segmented_sun_awbppqusbpubsfeq.jpg,"[[321, 326], [323, 342], [360, 339], [360, 328], [357, 326]]",cabinet door,0.327,"[[0, 307], [800, 307], [800, 533], [0, 533]]",below,0.41,16.0,39.0,"{""above"": null, ""below"": null, ""left"": 18996, ""right"": null, ""top_left"": null, ""top_right"": null, ""bottom_left"": null, ""bottom_right"": null}","{""above"": null, ""below"": null, ""left"": null, ""right"": null, ""top_left"": null, ""top_right"": null, ""bottom_left"": null, ""bottom_right"": ""dish""}","{'dishwasher': 0.3771, 'refrigerator': 0.3331, 'microwave': 0.194, 'dish': 0.0341, 'coffee machine': 0.301, 'sink': 0.321, 'oven': 0.3674, 'toaster': 0.1591, 'stove': 0.3259}","{'dishwasher': 16.68, 'refrigerator': 0.89, 'microwave': 213.24, 'dish': 40.47, 'coffee machine': 353.61, 'sink': 1.34, 'oven': 356.85, 'toaster': 176.76, 'stove': 182.55}",[],cabinet door,{'dish': 1},"Container id 26, is a ""cabinet door"" below the countertop. Additionally, it is the closest to the dish."
18996,27,images/kitchen/33_segmented_sun_awbppqusbpubsfeq.jpg,"[[279, 326], [279, 341], [319, 341], [319, 326]]",cabinet door,0.336,"[[0, 307], [800, 307], [800, 533], [0, 533]]",below,0.375,15.0,40.0,"{""above"": null, ""below"": null, ""left"": 18992, ""right"": 18995, ""top_left"": null, ""top_right"": null, ""bottom_left"": null, ""bottom_right"": null}","{""above"": null, ""below"": null, ""left"": null, ""right"": null, ""top_left"": null, ""top_right"": null, ""bottom_left"": null, ""bottom_right"": null}","{'dishwasher': 0.4221, 'refrigerator': 0.3801, 'microwave': 0.1577, 'dish': 0.0759, 'coffee machine': 0.3479, 'sink': 0.368, 'oven': 0.4144, 'toaster': 0.1121, 'stove': 0.279}","{'dishwasher': 14.67, 'refrigerator': 0.58, 'microwave': 223.06, 'dish': 15.91, 'coffee machine': 354.25, 'sink': 0.96, 'oven': 357.02, 'toaster': 176.1, 'stove': 183.26}",[],cabinet door,{'dish': 2},"Container id 27, is a ""cabinet door"" below the countertop. Additionally, it is the 2nd closest to the dish."
18997,28,images/kitchen/33_segmented_sun_awbppqusbpubsfeq.jpg,"[[604, 355], [602, 426], [626, 446], [629, 373], [625, 364]]",cabinet door,0.322,"[[0, 307], [800, 307], [800, 533], [0, 533]]",below,3.37,91.0,27.0,"{""above"": 19002, ""below"": null, ""left"": 18985, ""right"": null, ""top_left"": null, ""top_right"": null, ""bottom_left"": null, ""bottom_right"": 18998}","{""above"": ""coffee machine"", ""below"": null, ""left"": null, ""right"": ""dishwasher"", ""top_left"": null, ""top_right"": ""refrigerator"", ""bottom_left"": null, ""bottom_right"": null}","{'dishwasher': 0.0895, 'refrigerator': 0.0759, 'microwave': 0.4773, 'dish': 0.2612, 'coffee machine': 0.0977, 'sink': 0.0667, 'oven': 0.1174, 'toaster': 0.4461, 'stove': 0.6145}","{'dishwasher': 30.32, 'refrigerator': 310.33, 'microwave': 200.78, 'dish': 189.0, 'coffee machine': 278.91, 'sink': 303.64, 'oven': 314.86, 'toaster': 186.96, 'stove': 187.25}",[],cabinet door,"{'refrigerator': 2, 'sink': 2, 'oven': 2}","Container id 28, is a ""cabinet door"" below the countertop. Additionally, it is the 2nd closest to the refrigerator, the 2nd closest to the sink, and the 2nd closest to the oven."
18998,29,images/kitchen/33_segmented_sun_awbppqusbpubsfeq.jpg,"[[632, 367], [628, 449], [658, 477], [660, 381]]",cabinet door,0.308,"[[0, 307], [800, 307], [800, 533], [0, 533]]",below,3.438,110.0,32.0,"{""above"": null, ""below"": null, ""left"": null, ""right"": null, ""top_left"": 18997, ""top_right"": null, ""bottom_left"": null, ""bottom_right"": null}","{""above"": ""sink"", ""below"": null, ""left"": null, ""right"": ""dishwasher"", ""top_left"": null, ""top_right"": ""refrigerator"", ""bottom_left"": null, ""bottom_right"": null}","{'dishwasher': 0.0523, 'refrigerator': 0.0871, 'microwave': 0.5135, 'dish': 0.2943, 'coffee machine': 0.124, 'sink': 0.0827, 'oven': 0.1227, 'toaster': 0.4781, 'stove': 0.6464}","{'dishwasher': 20.69, 'refrigerator': 283.75, 'microwave': 202.45, 'dish': 193.28, 'coffee machine': 263.86, 'sink': 275.93, 'oven': 296.33, 'toaster': 189.73, 'stove': 189.28}",[],cabinet door,{'dishwasher': 1},"Container id 29, is a ""cabinet door"" below the countertop. Additionally, it is the closest to the dishwasher."
18999,30,images/kitchen/33_segmented_sun_awbppqusbpubsfeq.jpg,"[[536, 157], [536, 268], [564, 270], [566, 157]]",drawer,0.317,"[[0, 307], [800, 307], [800, 533], [0, 533]]",above,3.767,113.0,30.0,"{""above"": 18977, ""below"": 18975, ""left"": 18980, ""right"": 18988, ""top_left"": null, ""top_right"": null, ""bottom_left"": null, ""bottom_right"": null}","{""above"": null, ""below"": null, ""left"": null, ""right"": null, ""top_left"": null, ""top_right"": null, ""bottom_left"": null, ""bottom_right"": null}","{'dishwasher': 0.2747, 'refrigerator': 0.1753, 'microwave': 0.3772, 'dish': 0.2386, 'coffee machine': 0.1238, 'sink': 0.1691, 'oven': 0.1842, 'toaster': 0.3964, 'stove': 0.5511}","{'dishwasher': 57.72, 'refrigerator': 47.48, 'microwave': 177.31, 'dish': 142.23, 'coffee machine': 46.96, 'sink': 51.05, 'oven': 34.3, 'toaster': 160.4, 'stove': 168.54}",[],drawer,{},"Container id 30, is a ""drawer"" above the countertop."
19000,31,images/kitchen/33_segmented_sun_awbppqusbpubsfeq.jpg,"[[143, 151], [145, 202], [236, 201], [237, 151]]",cabinet door,0.32,"[[0, 307], [800, 307], [800, 533], [0, 533]]",above,0.543,51.0,94.0,"{""above"": null, ""below"": null, ""left"": 18970, ""right"": 18978, ""top_left"": null, ""top_right"": null, ""bottom_left"": null, ""bottom_right"": 18974}","{""above"": null, ""below"": ""microwave"", ""left"": null, ""right"": null, ""top_left"": null, ""top_right"": null, ""bottom_left"": null, ""bottom_right"": null}","{'dishwasher': 0.5874, 'refrigerator': 0.5209, 'microwave': 0.056, 'dish': 0.262, 'coffee machine': 0.477, 'sink': 0.5102, 'oven': 0.5458, 'toaster': 0.1712, 'stove': 0.2218}","{'dishwasher': 27.42, 'refrigerator': 18.75, 'microwave': 92.13, 'dish': 44.73, 'coffee machine': 15.66, 'sink': 19.44, 'oven': 15.09, 'toaster': 89.56, 'stove': 138.23}",[],cabinet door,{'microwave': 1},"Container id 31, is a ""cabinet door"" above the countertop. Additionally, it is the closest to the microwave."
19001,32,images/kitchen/33_segmented_sun_awbppqusbpubsfeq.jpg,"[[422, 158], [422, 219], [500, 219], [498, 158]]",drawer,0.308,"[[0, 307], [800, 307], [800, 533], [0, 533]]",above,0.782,61.0,78.0,"{""above"": null, ""below"": null, ""left"": 18984, ""right"": 18994, ""top_left"": null, ""top_right"": null, ""bottom_left"": null, ""bottom_right"": null}","{""above"": null, ""below"": null, ""left"": null, ""right"": null, ""top_left"": null, ""top_right"": null, ""bottom_left"": null, ""bottom_right"": null}","{'dishwasher': 0.3524, 'refrigerator': 0.2625, 'microwave': 0.2865, 'dish': 0.1962, 'coffee machine': 0.2126, 'sink': 0.2542, 'oven': 0.2777, 'toaster': 0.3216, 'stove': 0.4665}","{'dishwasher': 47.0, 'refrigerator': 36.1, 'microwave': 171.33, 'dish': 118.97, 'coffee machine': 33.07, 'sink': 38.14, 'oven': 27.75, 'toaster': 150.48, 'stove': 163.18}",[],drawer,{},"Container id 32, is a ""drawer"" above the countertop."
19002,33,images/kitchen/33_segmented_sun_awbppqusbpubsfeq.jpg,"[[581, 329], [581, 342], [660, 377], [659, 356]]",drawer,0.331,"[[0, 307], [800, 307], [800, 533], [0, 533]]",below,0.608,48.0,79.0,"{""above"": null, ""below"": 18997, ""left"": 18991, ""right"": null, ""top_left"": null, ""top_right"": null, ""bottom_left"": 18985, ""bottom_right"": null}","{""above"": ""coffee machine"", ""below"": null, ""left"": null, ""right"": ""sink"", ""top_left"": null, ""top_right"": ""oven"", ""bottom_left"": null, ""bottom_right"": ""dishwasher""}","{'dishwasher': 0.1156, 'refrigerator': 0.0481, 'microwave': 0.4667, 'dish': 0.2612, 'coffee machine': 0.0544, 'sink': 0.0359, 'oven': 0.089, 'toaster': 0.4461, 'stove': 0.6137}","{'dishwasher': 50.11, 'refrigerator': 342.64, 'microwave': 195.65, 'dish': 179.43, 'coffee machine': 282.71, 'sink': 340.38, 'oven': 333.48, 'toaster': 181.36, 'stove': 183.18}",[],drawer,"{'refrigerator': 1, 'coffee machine': 1, 'sink': 1, 'oven': 1}","Container id 33, is a ""drawer"" below the countertop. Additionally, it is the closest to the refrigerator, the closest to the coffee machine, the closest to the sink, and the closest to the oven."
19366,1,images/kitchen/17_segmented_sun_aiolecljpamcnixg.jpg,"[[591, 354], [594, 377], [658, 375], [658, 353]]",drawer,0.426,"[[0, 297], [800, 297], [800, 533], [0, 533]]",below,0.358,24.0,67.0,"{""above"": null, ""below"": 19377, ""left"": null, ""right"": null, ""top_left"": null, ""top_right"": null, ""bottom_left"": null, ""bottom_right"": null}","{""above"": ""sink"", ""below"": null, ""left"": null, ""right"": null, ""top_left"": null, ""top_right"": null, ""bottom_left"": null, ""bottom_right"": null}","{'stove': 0.5245, 'sink': 0.0376}","{'stove': 173.27, 'sink': 299.4}",[],drawer,{'sink': 1},"Container id 1, is a ""drawer"" below the countertop. Additionally, it is the closest to the sink."
19367,2,images/kitchen/17_segmented_sun_aiolecljpamcnixg.jpg,"[[510, 354], [511, 377], [578, 374], [576, 353]]",drawer,0.416,"[[0, 297], [800, 297], [800, 533], [0, 533]]",below,0.353,24.0,68.0,"{""above"": null, ""below"": 19375, ""left"": null, ""right"": null, ""top_left"": null, ""top_right"": null, ""bottom_left"": null, ""bottom_right"": null}","{""above"": null, ""below"": null, ""left"": null, ""right"": null, ""top_left"": null, ""top_right"": null, ""bottom_left"": null, ""bottom_right"": null}","{'stove': 0.4404, 'sink': 0.1082}","{'stove': 171.94, 'sink': 342.52}",[],drawer,{},"Container id 2, is a ""drawer"" below the countertop."
19368,3,images/kitchen/17_segmented_sun_aiolecljpamcnixg.jpg,"[[276, 72], [280, 160], [255, 170], [255, 253], [316, 255], [314, 82]]",cabinet door,0.377,"[[0, 297], [800, 297], [800, 533], [0, 533]]",above,3.0,183.0,61.0,"{""above"": null, ""below"": null, ""left"": null, ""right"": 19371, ""top_left"": null, ""top_right"": null, ""bottom_left"": 19373, ""bottom_right"": null}","{""above"": null, ""below"": null, ""left"": null, ""right"": null, ""top_left"": null, ""top_right"": null, ""bottom_left"": null, ""bottom_right"": null}","{'stove': 0.3152, 'sink': 0.4135}","{'stove': 121.45, 'sink': 24.99}",[],cabinet door,{},"Container id 3, is a ""cabinet door"" above the countertop."
19369,4,images/kitchen/17_segmented_sun_aiolecljpamcnixg.jpg,"[[746, 350], [745, 397], [799, 397], [799, 349]]",cabinet door,0.433,"[[0, 297], [800, 297], [800, 533], [0, 533]]",below,0.889,48.0,54.0,"{""above"": null, ""below"": null, ""left"": 19372, ""right"": null, ""top_left"": null, ""top_right"": null, ""bottom_left"": null, ""bottom_right"": null}","{""above"": null, ""below"": null, ""left"": null, ""right"": null, ""top_left"": null, ""top_right"": null, ""bottom_left"": null, ""bottom_right"": null}","{'stove': 0.6758, 'sink': 0.1407}","{'stove': 175.53, 'sink': 197.2}",[],cabinet door,{},"Container id 4, is a ""cabinet door"" below the countertop."
19370,5,images/kitchen/17_segmented_sun_aiolecljpamcnixg.jpg,"[[339, 343], [340, 451], [386, 452], [387, 344]]",cabinet door,0.362,"[[0, 297], [800, 297], [800, 533], [0, 533]]",below,2.271,109.0,48.0,"{""above"": null, ""below"": null, ""left"": null, ""right"": 19376, ""top_left"": null, ""top_right"": null, ""bottom_left"": null, ""bottom_right"": null}","{""above"": null, ""below"": null, ""left"": null, ""right"": null, ""top_left"": null, ""top_right"": null, ""bottom_left"": null, ""bottom_right"": null}","{'stove': 0.2495, 'sink': 0.2988}","{'stove': 173.69, 'sink': 347.08}",[],cabinet door,{'stove': 2},"Container id 5, is a ""cabinet door"" below the countertop. Additionally, it is the 2nd closest to the stove."
19371,6,images/kitchen/17_segmented_sun_aiolecljpamcnixg.jpg,"[[339, 94], [340, 242], [386, 246], [393, 224], [402, 245], [447, 245], [449, 89]]",cabinet door,0.393,"[[0, 297], [800, 297], [800, 533], [0, 533]]",above,1.427,157.0,110.0,"{""above"": null, ""below"": 19380, ""left"": 19368, ""right"": null, ""top_left"": 19381, ""top_right"": 19382, ""bottom_left"": null, ""bottom_right"": null}","{""above"": null, ""below"": null, ""left"": null, ""right"": null, ""top_left"": null, ""top_right"": null, ""bottom_left"": null, ""bottom_right"": null}","{'stove': 0.3656, 'sink': 0.2951}","{'stove': 139.98, 'sink': 28.51}",[],cabinet door,{},"Container id 6, is a ""cabinet door"" above the countertop."
19372,7,images/kitchen/17_segmented_sun_aiolecljpamcnixg.jpg,"[[739, 353], [672, 351], [671, 373], [735, 376]]",drawer,0.429,"[[0, 297], [800, 297], [800, 533], [0, 533]]",below,0.368,25.0,68.0,"{""above"": null, ""below"": null, ""left"": null, ""right"": 19369, ""top_left"": null, ""top_right"": null, ""bottom_left"": null, ""bottom_right"": null}","{""above"": null, ""below"": null, ""left"": null, ""right"": null, ""top_left"": ""sink"", ""top_right"": null, ""bottom_left"": null, ""bottom_right"": null}","{'stove': 0.6063, 'sink': 0.0709}","{'stove': 174.03, 'sink': 206.1}",[],drawer,{'sink': 2},"Container id 7, is a ""drawer"" below the countertop. Additionally, it is the 2nd closest to the sink."
19373,8,images/kitchen/17_segmented_sun_aiolecljpamcnixg.jpg,"[[214, 187], [200, 198], [200, 255], [251, 257], [251, 196]]",cabinet door,0.35,"[[0, 297], [800, 297], [800, 533], [0, 533]]",above,1.373,70.0,51.0,"{""above"": null, ""below"": null, ""left"": null, ""right"": null, ""top_left"": null, ""top_right"": 19368, ""bottom_left"": null, ""bottom_right"": null}","{""above"": null, ""below"": null, ""left"": null, ""right"": null, ""top_left"": null, ""top_right"": null, ""bottom_left"": null, ""bottom_right"": null}","{'stove': 0.2369, 'sink': 0.4527}","{'stove': 115.66, 'sink': 15.28}",[],cabinet door,{'stove': 1},"Container id 8, is a ""cabinet door"" above the countertop. Additionally, it is the closest to the stove."
19374,9,images/kitchen/17_segmented_sun_aiolecljpamcnixg.jpg,"[[577, 408], [510, 408], [509, 439], [574, 440]]",drawer,0.362,"[[0, 297], [800, 297], [800, 533], [0, 533]]",below,0.471,32.0,68.0,"{""above"": 19375, ""below"": 19379, ""left"": null, ""right"": 19377, ""top_left"": null, ""top_right"": null, ""bottom_left"": null, ""bottom_right"": null}","{""above"": null, ""below"": null, ""left"": null, ""right"": null, ""top_left"": null, ""top_right"": null, ""bottom_left"": null, ""bottom_right"": null}","{'stove': 0.4348, 'sink': 0.1407}","{'stove': 179.99, 'sink': 318.0}",[],drawer,{},"Container id 9, is a ""drawer"" below the countertop."
19375,10,images/kitchen/17_segmented_sun_aiolecljpamcnixg.jpg,"[[510, 380], [510, 403], [577, 402], [577, 380]]",drawer,0.387,"[[0, 297], [800, 297], [800, 533], [0, 533]]",below,0.343,23.0,67.0,"{""above"": 19367, ""below"": 19374, ""left"": null, ""right"": null, ""top_left"": null, ""top_right"": null, ""bottom_left"": null, ""bottom_right"": 19377}","{""above"": null, ""below"": null, ""left"": null, ""right"": null, ""top_left"": null, ""top_right"": null, ""bottom_left"": null, ""bottom_right"": null}","{'stove': 0.4371, 'sink': 0.1198}","{'stove': 175.55, 'sink': 329.76}",[],drawer,{},"Container id 10, is a ""drawer"" below the countertop."
19376,11,images/kitchen/17_segmented_sun_aiolecljpamcnixg.jpg,"[[401, 344], [401, 452], [448, 452], [450, 344]]",cabinet door,0.362,"[[0, 297], [800, 297], [800, 533], [0, 533]]",below,2.204,108.0,49.0,"{""above"": null, ""below"": null, ""left"": 19370, ""right"": null, ""top_left"": null, ""top_right"": null, ""bottom_left"": null, ""bottom_right"": null}","{""above"": null, ""below"": null, ""left"": null, ""right"": null, ""top_left"": null, ""top_right"": null, ""bottom_left"": null, ""bottom_right"": null}","{'stove': 0.3137, 'sink': 0.2366}","{'stove': 175.08, 'sink': 343.46}",[],cabinet door,{},"Container id 11, is a ""cabinet door"" below the countertop."
19377,12,images/kitchen/17_segmented_sun_aiolecljpamcnixg.jpg,"[[591, 381], [588, 474], [630, 475], [625, 426], [607, 403], [657, 398], [658, 382]]",cabinet door,0.373,"[[0, 297], [800, 297], [800, 533], [0, 533]]",below,1.343,94.0,70.0,"{""above"": 19366, ""below"": null, ""left"": 19374, ""right"": null, ""top_left"": 19367, ""top_right"": 19372, ""bottom_left"": null, ""bottom_right"": null}","{""above"": null, ""below"": null, ""left"": null, ""right"": null, ""top_left"": null, ""top_right"": null, ""bottom_left"": null, ""bottom_right"": null}","{'stove': 0.5178, 'sink': 0.0926}","{'stove': 179.54, 'sink': 283.45}",[],cabinet door,{},"Container id 12, is a ""cabinet door"" below the countertop."
19378,13,images/kitchen/17_segmented_sun_aiolecljpamcnixg.jpg,"[[338, 343], [338, 471], [451, 471], [450, 343]]",cabinet door,0.309,"[[0, 297], [800, 297], [800, 533], [0, 533]]",below,1.133,128.0,113.0,"{""above"": null, ""below"": null, ""left"": 19370, ""right"": 19376, ""top_left"": null, ""top_right"": null, ""bottom_left"": null, ""bottom_right"": null}","{""above"": null, ""below"": null, ""left"": null, ""right"": null, ""top_left"": null, ""top_right"": null, ""bottom_left"": null, ""bottom_right"": null}","{'stove': 0.2811, 'sink': 0.2699}","{'stove': 176.42, 'sink': 343.49}",[],cabinet door,{},"Container id 13, is a ""cabinet door"" below the countertop."
19379,14,images/kitchen/17_segmented_sun_aiolecljpamcnixg.jpg,"[[508, 445], [508, 475], [576, 474], [576, 444]]",drawer,0.347,"[[0, 297], [800, 297], [800, 533], [0, 533]]",below,0.456,31.0,68.0,"{""above"": 19374, ""below"": null, ""left"": null, ""right"": null, ""top_left"": null, ""top_right"": 19377, ""bottom_left"": null, ""bottom_right"": null}","{""above"": null, ""below"": null, ""left"": null, ""right"": null, ""top_left"": null, ""top_right"": null, ""bottom_left"": null, ""bottom_right"": null}","{'stove': 0.4358, 'sink': 0.1682}","{'stove': 184.88, 'sink': 308.66}",[],drawer,{},"Container id 14, is a ""drawer"" below the countertop."
19380,15,images/kitchen/17_segmented_sun_aiolecljpamcnixg.jpg,"[[385, 241], [384, 242], [385, 243]]",cabinet door,0.339,"[[0, 297], [800, 297], [800, 533], [0, 533]]",above,2.0,2.0,1.0,"{""above"": null, ""below"": null, ""left"": null, ""right"": null, ""top_left"": null, ""top_right"": null, ""bottom_left"": null, ""bottom_right"": null}","{""above"": null, ""below"": null, ""left"": null, ""right"": null, ""top_left"": null, ""top_right"": null, ""bottom_left"": null, ""bottom_right"": null}","{'stove': 0.3301, 'sink': 0.285}","{'stove': 145.04, 'sink': 19.45}",[],cabinet door,{},"Container id 15, is a ""cabinet door"" above the countertop."
19381,16,images/kitchen/17_segmented_sun_aiolecljpamcnixg.jpg,"[[343, 99], [343, 241], [382, 242], [382, 95]]",cabinet door,0.341,"[[0, 297], [800, 297], [800, 533], [0, 533]]",above,3.769,147.0,39.0,"{""above"": null, ""below"": 19380, ""left"": null, ""right"": null, ""top_left"": null, ""top_right"": null, ""bottom_left"": null, ""bottom_right"": null}","{""above"": null, ""below"": null, ""left"": null, ""right"": null, ""top_left"": null, ""top_right"": null, ""bottom_left"": null, ""bottom_right"": null}","{'stove': 0.3625, 'sink': 0.338}","{'stove': 133.06, 'sink': 30.31}",[],cabinet door,{},"Container id 16, is a ""cabinet door"" above the countertop."
19382,17,images/kitchen/17_segmented_sun_aiolecljpamcnixg.jpg,"[[409, 93], [406, 241], [443, 243], [445, 95]]",drawer,0.322,"[[0, 297], [800, 297], [800, 533], [0, 533]]",above,3.846,150.0,39.0,"{""above"": null, ""below"": null, ""left"": null, ""right"": null, ""top_left"": null, ""top_right"": null, ""bottom_left"": null, ""bottom_right"": null}","{""above"": null, ""below"": null, ""left"": null, ""right"": null, ""top_left"": null, ""top_right"": null, ""bottom_left"": null, ""bottom_right"": null}","{'stove': 0.4111, 'sink': 0.2839}","{'stove': 139.65, 'sink': 37.26}",[],drawer,{},"Container id 17, is a ""drawer"" above the countertop."
19383,1,images/kitchen/19_segmented_sun_ahljzhgcdpomplvg.jpg,"[[908, 78], [813, 96], [814, 247], [911, 238]]",cabinet door,0.587,"[[0, 360], [1024, 360], [1024, 683], [0, 683]]",above,1.724,169.0,98.0,"{""above"": null, ""below"": null, ""left"": 19384, ""right"": 19389, ""top_left"": null, ""top_right"": null, ""bottom_left"": null, ""bottom_right"": null}","{""above"": null, ""below"": null, ""left"": null, ""right"": null, ""top_left"": null, ""top_right"": null, ""bottom_left"": null, ""bottom_right"": null}","{'refrigerator': 0.6624, 'microwave': 0.3012, 'dish': 0.3581, 'sink': 0.1801, 'oven': 0.167}","{'refrigerator': 161.39, 'microwave': 165.67, 'dish': 153.43, 'sink': 84.82, 'oven': 107.73}",[],cabinet door,{},"Container id 1, is a ""cabinet door"" above the countertop."
19384,2,images/kitchen/19_segmented_sun_ahljzhgcdpomplvg.jpg,"[[794, 99], [712, 114], [713, 254], [796, 247]]",cabinet door,0.576,"[[0, 360], [1024, 360], [1024, 683], [0, 683]]",above,1.845,155.0,84.0,"{""above"": null, ""below"": null, ""left"": 19385, ""right"": 19383, ""top_left"": null, ""top_right"": null, ""bottom_left"": null, ""bottom_right"": null}","{""above"": null, ""below"": null, ""left"": null, ""right"": null, ""top_left"": null, ""top_right"": null, ""bottom_left"": null, ""bottom_right"": null}","{'refrigerator': 0.5761, 'microwave': 0.2139, 'dish': 0.2764, 'sink': 0.1976, 'oven': 0.1524}","{'refrigerator': 159.66, 'microwave': 162.77, 'dish': 147.38, 'sink': 58.32, 'oven': 76.07}",[],cabinet door,{},"Container id 2, is a ""cabinet door"" above the countertop."
19385,3,images/kitchen/19_segmented_sun_ahljzhgcdpomplvg.jpg,"[[698, 115], [634, 128], [638, 289], [700, 284]]",cabinet door,0.561,"[[0, 360], [1024, 360], [1024, 683], [0, 683]]",above,2.636,174.0,66.0,"{""above"": null, ""below"": null, ""left"": 19386, ""right"": 19384, ""top_left"": null, ""top_right"": null, ""bottom_left"": null, ""bottom_right"": null}","{""above"": null, ""below"": null, ""left"": null, ""right"": null, ""top_left"": null, ""top_right"": null, ""bottom_left"": null, ""bottom_right"": null}","{'refrigerator': 0.5032, 'microwave': 0.1409, 'dish': 0.2072, 'sink': 0.228, 'oven': 0.166}","{'refrigerator': 159.1, 'microwave': 162.37, 'dish': 141.75, 'sink': 40.3, 'oven': 50.0}",[],cabinet door,{},"Container id 3, is a ""cabinet door"" above the countertop."
19386,4,images/kitchen/19_segmented_sun_ahljzhgcdpomplvg.jpg,"[[618, 130], [563, 141], [567, 292], [623, 286]]",cabinet door,0.545,"[[0, 360], [1024, 360], [1024, 683], [0, 683]]",above,2.7,162.0,60.0,"{""above"": null, ""below"": null, ""left"": 19388, ""right"": 19385, ""top_left"": null, ""top_right"": null, ""bottom_left"": null, ""bottom_right"": null}","{""above"": null, ""below"": null, ""left"": ""microwave"", ""right"": null, ""top_left"": null, ""top_right"": null, ""bottom_left"": null, ""bottom_right"": null}","{'refrigerator': 0.4444, 'microwave': 0.0818, 'dish': 0.1587, 'sink': 0.2736, 'oven': 0.2063}","{'refrigerator': 157.11, 'microwave': 153.94, 'dish': 129.99, 'sink': 30.96, 'oven': 35.73}",[],cabinet door,{},"Container id 4, is a ""cabinet door"" above the countertop."
19387,5,images/kitchen/19_segmented_sun_ahljzhgcdpomplvg.jpg,"[[68, 112], [67, 190], [137, 202], [137, 129]]",cabinet door,0.558,"[[0, 360], [1024, 360], [1024, 683], [0, 683]]",above,1.286,90.0,70.0,"{""above"": null, ""below"": null, ""left"": 19392, ""right"": null, ""top_left"": null, ""top_right"": null, ""bottom_left"": null, ""bottom_right"": 19395}","{""above"": null, ""below"": null, ""left"": null, ""right"": null, ""top_left"": null, ""top_right"": null, ""bottom_left"": null, ""bottom_right"": null}","{'refrigerator': 0.217, 'microwave': 0.3346, 'dish': 0.3396, 'sink': 0.6595, 'oven': 0.5894}","{'refrigerator': 92.88, 'microwave': 13.8, 'dish': 29.16, 'sink': 16.26, 'oven': 16.19}",[],cabinet door,{},"Container id 5, is a ""cabinet door"" above the countertop."
19388,6,images/kitchen/19_segmented_sun_ahljzhgcdpomplvg.jpg,"[[554, 142], [506, 149], [506, 215], [554, 210]]",cabinet door,0.558,"[[0, 360], [1024, 360], [1024, 683], [0, 683]]",above,1.521,73.0,48.0,"{""above"": null, ""below"": null, ""left"": 19390, ""right"": 19386, ""top_left"": null, ""top_right"": null, ""bottom_left"": null, ""bottom_right"": null}","{""above"": null, ""below"": ""microwave"", ""left"": null, ""right"": null, ""top_left"": null, ""top_right"": null, ""bottom_left"": null, ""bottom_right"": null}","{'refrigerator': 0.4104, 'microwave': 0.0669, 'dish': 0.1571, 'sink': 0.3312, 'oven': 0.2636}","{'refrigerator': 150.86, 'microwave': 109.7, 'dish': 108.94, 'sink': 30.43, 'oven': 34.03}",[],cabinet door,{},"Container id 6, is a ""cabinet door"" above the countertop."
19389,7,images/kitchen/19_segmented_sun_ahljzhgcdpomplvg.jpg,"[[1023, 54], [920, 73], [922, 277], [1023, 275]]",cabinet door,0.559,"[[0, 360], [1024, 360], [1024, 683], [0, 683]]",above,2.165,223.0,103.0,"{""above"": null, ""below"": null, ""left"": 19383, ""right"": null, ""top_left"": null, ""top_right"": null, ""bottom_left"": null, ""bottom_right"": null}","{""above"": null, ""below"": null, ""left"": null, ""right"": null, ""top_left"": null, ""top_right"": null, ""bottom_left"": null, ""bottom_right"": null}","{'refrigerator': 0.7469, 'microwave': 0.3881, 'dish': 0.4388, 'sink': 0.1901, 'oven': 0.2093}","{'refrigerator': 163.88, 'microwave': 169.54, 'dish': 159.16, 'sink': 112.76, 'oven': 132.22}",[],cabinet door,{},"Container id 7, is a ""cabinet door"" above the countertop."
19390,8,images/kitchen/19_segmented_sun_ahljzhgcdpomplvg.jpg,"[[497, 150], [453, 157], [454, 221], [498, 216]]",cabinet door,0.544,"[[0, 360], [1024, 360], [1024, 683], [0, 683]]",above,1.578,71.0,45.0,"{""above"": null, ""below"": null, ""left"": null, ""right"": 19388, ""top_left"": null, ""top_right"": null, ""bottom_left"": 19400, ""bottom_right"": null}","{""above"": null, ""below"": ""microwave"", ""left"": null, ""right"": null, ""top_left"": null, ""top_right"": null, ""bottom_left"": null, ""bottom_right"": null}","{'refrigerator': 0.3693, 'microwave': 0.0613, 'dish': 0.143, 'sink': 0.3675, 'oven': 0.2986}","{'refrigerator': 148.28, 'microwave': 69.22, 'dish': 92.69, 'sink': 26.17, 'oven': 28.36}",[],cabinet door,"{'microwave': 2, 'dish': 2}","Container id 8, is a ""cabinet door"" above the countertop. Additionally, it is the 2nd closest to the microwave, and the 2nd closest to the dish."
19391,9,images/kitchen/19_segmented_sun_ahljzhgcdpomplvg.jpg,"[[804, 442], [802, 566], [907, 584], [908, 450]]",cabinet door,0.533,"[[0, 360], [1024, 360], [1024, 683], [0, 683]]",below,1.34,142.0,106.0,"{""above"": null, ""below"": null, ""left"": 19396, ""right"": 19397, ""top_left"": 19399, ""top_right"": null, ""bottom_left"": null, ""bottom_right"": null}","{""above"": null, ""below"": null, ""left"": null, ""right"": null, ""top_left"": null, ""top_right"": null, ""bottom_left"": null, ""bottom_right"": null}","{'refrigerator': 0.6265, 'microwave': 0.3533, 'dish': 0.3376, 'sink': 0.1038, 'oven': 0.1301}","{'refrigerator': 186.37, 'microwave': 215.74, 'dish': 200.96, 'sink': 281.86, 'oven': 249.4}",[],cabinet door,{},"Container id 9, is a ""cabinet door"" below the countertop."
19392,10,images/kitchen/19_segmented_sun_ahljzhgcdpomplvg.jpg,"[[0, 92], [0, 180], [51, 188], [51, 106]]",cabinet door,0.535,"[[0, 360], [1024, 360], [1024, 683], [0, 683]]",above,1.882,96.0,51.0,"{""above"": null, ""below"": null, ""left"": null, ""right"": 19387, ""top_left"": null, ""top_right"": null, ""bottom_left"": null, ""bottom_right"": null}","{""above"": null, ""below"": null, ""left"": null, ""right"": null, ""top_left"": null, ""top_right"": null, ""bottom_left"": null, ""bottom_right"": null}","{'refrigerator': 0.236, 'microwave': 0.3984, 'dish': 0.4011, 'sink': 0.7231, 'oven': 0.653}","{'refrigerator': 77.41, 'microwave': 13.56, 'dish': 26.51, 'sink': 15.91, 'oven': 15.81}",[],cabinet door,{},"Container id 10, is a ""cabinet door"" above the countertop."
19393,11,images/kitchen/19_segmented_sun_ahljzhgcdpomplvg.jpg,"[[218, 152], [218, 298], [270, 302], [273, 166]]",cabinet door,0.54,"[[0, 360], [1024, 360], [1024, 683], [0, 683]]",above,2.727,150.0,55.0,"{""above"": null, ""below"": null, ""left"": 19395, ""right"": null, ""top_left"": null, ""top_right"": null, ""bottom_left"": null, ""bottom_right"": null}","{""above"": null, ""below"": null, ""left"": null, ""right"": null, ""top_left"": null, ""top_right"": null, ""bottom_left"": null, ""bottom_right"": null}","{'refrigerator': 0.2032, 'microwave': 0.2103, 'dish': 0.2103, 'sink': 0.5326, 'oven': 0.4626}","{'refrigerator': 128.57, 'microwave': 5.99, 'dish': 30.75, 'sink': 13.77, 'oven': 13.31}",[],cabinet door,{},"Container id 11, is a ""cabinet door"" above the countertop."
19394,12,images/kitchen/19_segmented_sun_ahljzhgcdpomplvg.jpg,"[[211, 226], [213, 226]]",cabinet door,0.526,"[[0, 360], [1024, 360], [1024, 683], [0, 683]]",above,0.0,0.0,2.0,"{""above"": null, ""below"": null, ""left"": null, ""right"": null, ""top_left"": null, ""top_right"": null, ""bottom_left"": null, ""bottom_right"": null}","{""above"": null, ""below"": null, ""left"": null, ""right"": null, ""top_left"": null, ""top_right"": null, ""bottom_left"": null, ""bottom_right"": null}","{'refrigerator': 0.1901, 'microwave': 0.2371, 'dish': 0.2349, 'sink': 0.5591, 'oven': 0.4892}","{'refrigerator': 121.75, 'microwave': 6.0, 'dish': 28.03, 'sink': 13.4, 'oven': 12.91}",[],cabinet door,{},"Container id 12, is a ""cabinet door"" above the countertop."
19395,13,images/kitchen/19_segmented_sun_ahljzhgcdpomplvg.jpg,"[[151, 132], [150, 209], [182, 216], [184, 283], [207, 294], [208, 152]]",cabinet door,0.513,"[[0, 360], [1024, 360], [1024, 683], [0, 683]]",above,2.793,162.0,58.0,"{""above"": null, ""below"": null, ""left"": null, ""right"": 19393, ""top_left"": 19387, ""top_right"": null, ""bottom_left"": null, ""bottom_right"": null}","{""above"": null, ""below"": null, ""left"": null, ""right"": null, ""top_left"": null, ""top_right"": null, ""bottom_left"": null, ""bottom_right"": null}","{'refrigerator': 0.1866, 'microwave': 0.2638, 'dish': 0.2621, 'sink': 0.5864, 'oven': 0.5164}","{'refrigerator': 113.48, 'microwave': 7.46, 'dish': 27.21, 'sink': 13.72, 'oven': 13.3}",[],cabinet door,{'refrigerator': 2},"Container id 13, is a ""cabinet door"" above the countertop. Additionally, it is the 2nd closest to the refrigerator."
19396,14,images/kitchen/19_segmented_sun_ahljzhgcdpomplvg.jpg,"[[706, 437], [705, 551], [784, 564], [786, 442]]",cabinet door,0.491,"[[0, 360], [1024, 360], [1024, 683], [0, 683]]",below,1.568,127.0,81.0,"{""above"": 19399, ""below"": null, ""left"": null, ""right"": 19391, ""top_left"": null, ""top_right"": null, ""bottom_left"": null, ""bottom_right"": null}","{""above"": null, ""below"": null, ""left"": null, ""right"": null, ""top_left"": null, ""top_right"": null, ""bottom_left"": null, ""bottom_right"": null}","{'refrigerator': 0.5366, 'microwave': 0.2786, 'dish': 0.2517, 'sink': 0.1438, 'oven': 0.1202}","{'refrigerator': 186.39, 'microwave': 224.88, 'dish': 206.17, 'sink': 320.33, 'oven': 291.25}",[],cabinet door,{'oven': 2},"Container id 14, is a ""cabinet door"" below the countertop. Additionally, it is the 2nd closest to the oven."
19397,15,images/kitchen/19_segmented_sun_ahljzhgcdpomplvg.jpg,"[[931, 451], [929, 585], [1023, 602], [1023, 457]]",drawer,0.549,"[[0, 360], [1024, 360], [1024, 683], [0, 683]]",below,1.606,151.0,94.0,"{""above"": 19398, ""below"": null, ""left"": 19391, ""right"": null, ""top_left"": 19399, ""top_right"": null, ""bottom_left"": null, ""bottom_right"": null}","{""above"": null, ""below"": null, ""left"": null, ""right"": null, ""top_left"": null, ""top_right"": null, ""bottom_left"": null, ""bottom_right"": null}","{'refrigerator': 0.7256, 'microwave': 0.4423, 'dish': 0.4341, 'sink': 0.1363, 'oven': 0.196}","{'refrigerator': 186.35, 'microwave': 209.4, 'dish': 197.63, 'sink': 235.5, 'oven': 222.58}",[],drawer,{},"Container id 15, is a ""drawer"" below the countertop."
19398,16,images/kitchen/19_segmented_sun_ahljzhgcdpomplvg.jpg,"[[928, 410], [931, 442], [1023, 448], [1023, 411]]",drawer,0.433,"[[0, 360], [1024, 360], [1024, 683], [0, 683]]",below,0.4,38.0,95.0,"{""above"": null, ""below"": 19397, ""left"": null, ""right"": null, ""top_left"": null, ""top_right"": null, ""bottom_left"": null, ""bottom_right"": null}","{""above"": null, ""below"": null, ""left"": null, ""right"": null, ""top_left"": null, ""top_right"": null, ""bottom_left"": null, ""bottom_right"": null}","{'refrigerator': 0.721, 'microwave': 0.4095, 'dish': 0.417, 'sink': 0.0843, 'oven': 0.1541}","{'refrigerator': 180.18, 'microwave': 199.86, 'dish': 187.37, 'sink': 204.03, 'oven': 200.75}",[],drawer,{'sink': 2},"Container id 16, is a ""drawer"" below the countertop. Additionally, it is the 2nd closest to the sink."
19399,17,images/kitchen/19_segmented_sun_ahljzhgcdpomplvg.jpg,"[[695, 394], [695, 415], [725, 429], [909, 439], [904, 406]]",cabinet door,0.324,"[[0, 360], [1024, 360], [1024, 683], [0, 683]]",below,0.21,45.0,214.0,"{""above"": null, ""below"": 19396, ""left"": null, ""right"": 19398, ""top_left"": null, ""top_right"": null, ""bottom_left"": null, ""bottom_right"": 19391}","{""above"": ""oven"", ""below"": null, ""left"": null, ""right"": null, ""top_left"": null, ""top_right"": ""oven"", ""bottom_left"": null, ""bottom_right"": null}","{'refrigerator': 0.5661, 'microwave': 0.2644, 'dish': 0.2624, 'sink': 0.0819, 'oven': 0.0468}","{'refrigerator': 179.31, 'microwave': 209.47, 'dish': 189.75, 'sink': 342.03, 'oven': 283.34}",[],cabinet door,"{'sink': 1, 'oven': 1}","Container id 17, is a ""cabinet door"" below the countertop. Additionally, it is the closest to the sink, and the closest to the oven."
19400,18,images/kitchen/19_segmented_sun_ahljzhgcdpomplvg.jpg,"[[448, 158], [424, 163], [429, 303], [449, 301], [442, 286]]",drawer,0.36,"[[0, 360], [1024, 360], [1024, 683], [0, 683]]",above,5.8,145.0,25.0,"{""above"": null, ""below"": null, ""left"": null, ""right"": null, ""top_left"": null, ""top_right"": 19390, ""bottom_left"": null, ""bottom_right"": null}","{""above"": null, ""below"": null, ""left"": null, ""right"": ""microwave"", ""top_left"": null, ""top_right"": null, ""bottom_left"": null, ""bottom_right"": ""dish""}","{'refrigerator': 0.3205, 'microwave': 0.0532, 'dish': 0.1, 'sink': 0.3783, 'oven': 0.3083}","{'refrigerator': 152.39, 'microwave': 12.62, 'dish': 76.45, 'sink': 17.92, 'oven': 18.18}",[],drawer,"{'microwave': 1, 'dish': 1}","Container id 18, is a ""drawer"" above the countertop. Additionally, it is the closest to the microwave, and the closest to the dish."
19401,19,images/kitchen/19_segmented_sun_ahljzhgcdpomplvg.jpg,"[[305, 384], [185, 390], [183, 409], [302, 401]]",cabinet door,0.387,"[[0, 360], [1024, 360], [1024, 683], [0, 683]]",below,0.205,25.0,122.0,"{""above"": null, ""below"": null, ""left"": null, ""right"": null, ""top_left"": null, ""top_right"": null, ""bottom_left"": null, ""bottom_right"": null}","{""above"": null, ""below"": null, ""left"": null, ""right"": null, ""top_left"": null, ""top_right"": null, ""bottom_left"": null, ""bottom_right"": null}","{'refrigerator': 0.128, 'microwave': 0.2386, 'dish': 0.1837, 'sink': 0.5182, 'oven': 0.4519}","{'refrigerator': 169.4, 'microwave': 331.65, 'dish': 351.32, 'sink': 359.06, 'oven': 356.35}",[],cabinet door,{'refrigerator': 1},"Container id 19, is a ""cabinet door"" below the countertop. Additionally, it is the closest to the refrigerator."
19537,1,images/kitchen/4_segmented_sun_aohalqjxiodeyhwm.jpg,"[[538, 129], [530, 295], [701, 340], [710, 198]]",cabinet door,0.448,"[[0, 788], [900, 788], [900, 1344], [0, 1344]]",above,1.172,211.0,180.0,"{""above"": null, ""below"": null, ""left"": 19538, ""right"": null, ""top_left"": null, ""top_right"": null, ""bottom_left"": null, ""bottom_right"": null}","{""above"": null, ""below"": null, ""left"": null, ""right"": null, ""top_left"": null, ""top_right"": null, ""bottom_left"": null, ""bottom_right"": null}","{'refrigerator': 0.3074, 'oven': 0.6323}","{'refrigerator': 91.17, 'oven': 114.69}",[],cabinet door,"{'refrigerator': 1, 'oven': 2}","Container id 1, is a ""cabinet door"" above the countertop. Additionally, it is the closest to the refrigerator, and the 2nd closest to the oven."
19538,2,images/kitchen/4_segmented_sun_aohalqjxiodeyhwm.jpg,"[[313, 39], [306, 248], [379, 321], [302, 338], [299, 463], [508, 462], [521, 131]]",cabinet door,0.346,"[[0, 788], [900, 788], [900, 1344], [0, 1344]]",above,1.91,424.0,222.0,"{""above"": null, ""below"": null, ""left"": null, ""right"": 19537, ""top_left"": 19539, ""top_right"": null, ""bottom_left"": null, ""bottom_right"": null}","{""above"": null, ""below"": null, ""left"": null, ""right"": null, ""top_left"": null, ""top_right"": null, ""bottom_left"": null, ""bottom_right"": ""refrigerator""}","{'refrigerator': 0.3145, 'oven': 0.558}","{'refrigerator': 62.6, 'oven': 101.69}",[],cabinet door,"{'refrigerator': 2, 'oven': 1}","Container id 2, is a ""cabinet door"" above the countertop. Additionally, it is the 2nd closest to the refrigerator, and the closest to the oven."
19539,3,images/kitchen/4_segmented_sun_aohalqjxiodeyhwm.jpg,"[[87, 0], [115, 40], [202, 71], [156, 213], [287, 238], [291, 24]]",cabinet door,0.377,"[[0, 788], [900, 788], [900, 1344], [0, 1344]]",above,1.167,238.0,204.0,"{""above"": null, ""below"": null, ""left"": 19540, ""right"": null, ""top_left"": null, ""top_right"": null, ""bottom_left"": null, ""bottom_right"": 19538}","{""above"": null, ""below"": null, ""left"": null, ""right"": null, ""top_left"": null, ""top_right"": null, ""bottom_left"": null, ""bottom_right"": null}","{'refrigerator': 0.4732, 'oven': 0.6628}","{'refrigerator': 56.73, 'oven': 89.84}",[],cabinet door,{},"Container id 3, is a ""cabinet door"" above the countertop."
19540,4,images/kitchen/4_segmented_sun_aohalqjxiodeyhwm.jpg,"[[42, 0], [38, 24], [0, 34], [3, 179], [143, 209], [169, 161], [170, 73], [99, 44], [71, 0]]",cabinet door,0.358,"[[0, 788], [900, 788], [900, 1344], [0, 1344]]",above,1.229,209.0,170.0,"{""above"": null, ""below"": null, ""left"": null, ""right"": 19539, ""top_left"": null, ""top_right"": null, ""bottom_left"": null, ""bottom_right"": null}","{""above"": null, ""below"": null, ""left"": null, ""right"": null, ""top_left"": null, ""top_right"": null, ""bottom_left"": null, ""bottom_right"": null}","{'refrigerator': 0.5212, 'oven': 0.677}","{'refrigerator': 51.23, 'oven': 84.19}",[],cabinet door,{},"Container id 4, is a ""cabinet door"" above the countertop."
19644,1,images/kitchen/9_segmented_sun_abdzsryntppucwqi.jpg,"[[267, 167], [269, 250], [320, 256], [318, 169]]",drawer,0.501,"[[0, 145], [449, 145], [449, 306], [0, 306]]",below,1.679,89.0,53.0,"{""above"": null, ""below"": null, ""left"": 19645, ""right"": null, ""top_left"": null, ""top_right"": null, ""bottom_left"": null, ""bottom_right"": null}","{""above"": ""microwave"", ""below"": null, ""left"": null, ""right"": ""refrigerator"", ""top_left"": ""coffee machine"", ""top_right"": null, ""bottom_left"": null, ""bottom_right"": null}","{'refrigerator': 0.1621, 'toaster': 0.1946, 'microwave': 0.1257, 'coffee machine': 0.1712, 'dish rack': 0.3142, 'dishwasher': 0.1635, 'sink': 0.3141, 'electronic kettle': 0.2435}","{'refrigerator': 340.95, 'toaster': 219.24, 'microwave': 271.89, 'coffee machine': 228.74, 'dish rack': 196.91, 'dishwasher': 186.63, 'sink': 194.39, 'electronic kettle': 193.77}",[],drawer,"{'refrigerator': 1, 'microwave': 1}","Container id 1, is a ""drawer"" below the countertop. Additionally, it is the closest to the refrigerator, and the closest to the microwave."
19645,2,images/kitchen/9_segmented_sun_abdzsryntppucwqi.jpg,"[[229, 166], [230, 227], [245, 237], [236, 246], [265, 250], [264, 168]]",cabinet door,0.435,"[[0, 145], [449, 145], [449, 306], [0, 306]]",below,2.333,84.0,36.0,"{""above"": null, ""below"": null, ""left"": null, ""right"": 19644, ""top_left"": null, ""top_right"": null, ""bottom_left"": null, ""bottom_right"": null}","{""above"": ""coffee machine"", ""below"": null, ""left"": ""dishwasher"", ""right"": null, ""top_left"": ""toaster"", ""top_right"": ""microwave"", ""bottom_left"": null, ""bottom_right"": null}","{'refrigerator': 0.2507, 'toaster': 0.1461, 'microwave': 0.1644, 'coffee machine': 0.1402, 'dish rack': 0.2339, 'dishwasher': 0.0782, 'sink': 0.2319, 'electronic kettle': 0.1617}","{'refrigerator': 345.58, 'toaster': 245.24, 'microwave': 304.74, 'coffee machine': 260.41, 'dish rack': 205.56, 'dishwasher': 201.28, 'sink': 202.19, 'electronic kettle': 204.67}",[],cabinet door,"{'dishwasher': 2, 'electronic kettle': 2}","Container id 2, is a ""cabinet door"" below the countertop. Additionally, it is the 2nd closest to the dishwasher, and the 2nd closest to the electronic kettle."
19646,3,images/kitchen/9_segmented_sun_abdzsryntppucwqi.jpg,"[[444, 8], [381, 17], [379, 80], [442, 76]]",cabinet door,0.358,"[[0, 145], [449, 145], [449, 306], [0, 306]]",above,1.108,72.0,65.0,"{""above"": null, ""below"": null, ""left"": 19649, ""right"": null, ""top_left"": null, ""top_right"": null, ""bottom_left"": null, ""bottom_right"": null}","{""above"": null, ""below"": null, ""left"": null, ""right"": null, ""top_left"": null, ""top_right"": null, ""bottom_left"": null, ""bottom_right"": null}","{'refrigerator': 0.2592, 'toaster': 0.41, 'microwave': 0.2779, 'coffee machine': 0.3738, 'dish rack': 0.5598, 'dishwasher': 0.4748, 'sink': 0.5683, 'electronic kettle': 0.5161}","{'refrigerator': 104.28, 'toaster': 153.8, 'microwave': 140.04, 'coffee machine': 152.01, 'dish rack': 157.67, 'dishwasher': 143.07, 'sink': 156.56, 'electronic kettle': 151.52}",[],cabinet door,{},"Container id 3, is a ""cabinet door"" above the countertop."
19647,4,images/kitchen/9_segmented_sun_abdzsryntppucwqi.jpg,"[[286, 37], [251, 43], [253, 110], [287, 109]]",cabinet door,0.388,"[[0, 145], [449, 145], [449, 306], [0, 306]]",above,2.028,73.0,36.0,"{""above"": null, ""below"": null, ""left"": 19651, ""right"": 19650, ""top_left"": null, ""top_right"": null, ""bottom_left"": null, ""bottom_right"": null}","{""above"": null, ""below"": ""coffee machine"", ""left"": null, ""right"": null, ""top_left"": null, ""top_right"": null, ""bottom_left"": ""coffee machine"", ""bottom_right"": ""microwave""}","{'refrigerator': 0.2791, 'toaster': 0.1653, 'microwave': 0.1335, 'coffee machine': 0.1391, 'dish rack': 0.301, 'dishwasher': 0.2593, 'sink': 0.3113, 'electronic kettle': 0.2713}","{'refrigerator': 44.87, 'toaster': 129.94, 'microwave': 68.57, 'coffee machine': 119.41, 'dish rack': 148.25, 'dishwasher': 117.02, 'sink': 146.51, 'electronic kettle': 135.0}",[],cabinet door,{},"Container id 4, is a ""cabinet door"" above the countertop."
19648,5,images/kitchen/9_segmented_sun_abdzsryntppucwqi.jpg,"[[215, 47], [187, 51], [191, 114], [218, 113]]",cabinet door,0.378,"[[0, 145], [449, 145], [449, 306], [0, 306]]",above,2.161,67.0,31.0,"{""above"": null, ""below"": null, ""left"": null, ""right"": 19651, ""top_left"": null, ""top_right"": null, ""bottom_left"": null, ""bottom_right"": null}","{""above"": null, ""below"": ""toaster"", ""left"": null, ""right"": null, ""top_left"": null, ""top_right"": null, ""bottom_left"": null, ""bottom_right"": ""coffee machine""}","{'refrigerator': 0.3698, 'toaster': 0.1159, 'microwave': 0.2047, 'coffee machine': 0.1218, 'dish rack': 0.1982, 'dishwasher': 0.2191, 'sink': 0.2107, 'electronic kettle': 0.1928}","{'refrigerator': 30.01, 'toaster': 81.92, 'microwave': 33.26, 'coffee machine': 63.64, 'dish rack': 132.37, 'dishwasher': 88.8, 'sink': 130.65, 'electronic kettle': 111.12}",[],cabinet door,"{'toaster': 1, 'coffee machine': 2, 'dish rack': 2, 'sink': 2}","Container id 5, is a ""cabinet door"" above the countertop. Additionally, it is the closest to the toaster, the 2nd closest to the coffee machine, the 2nd closest to the dish rack, and the 2nd closest to the sink."
19649,6,images/kitchen/9_segmented_sun_abdzsryntppucwqi.jpg,"[[377, 17], [320, 24], [321, 84], [377, 80]]",cabinet door,0.375,"[[0, 145], [449, 145], [449, 306], [0, 306]]",above,1.175,67.0,57.0,"{""above"": null, ""below"": null, ""left"": 19650, ""right"": 19646, ""top_left"": null, ""top_right"": null, ""bottom_left"": null, ""bottom_right"": null}","{""above"": null, ""below"": null, ""left"": null, ""right"": null, ""top_left"": null, ""top_right"": null, ""bottom_left"": null, ""bottom_right"": null}","{'refrigerator': 0.2456, 'toaster': 0.3043, 'microwave': 0.1938, 'coffee machine': 0.2703, 'dish rack': 0.45, 'dishwasher': 0.3807, 'sink': 0.4594, 'electronic kettle': 0.4119}","{'refrigerator': 77.89, 'toaster': 146.05, 'microwave': 120.22, 'coffee machine': 142.55, 'dish rack': 153.37, 'dishwasher': 133.92, 'sink': 152.09, 'electronic kettle': 145.19}",[],cabinet door,{},"Container id 6, is a ""cabinet door"" above the countertop."
19650,7,images/kitchen/9_segmented_sun_abdzsryntppucwqi.jpg,"[[315, 33], [288, 36], [290, 109], [316, 107]]",cabinet door,0.388,"[[0, 145], [449, 145], [449, 306], [0, 306]]",above,2.714,76.0,28.0,"{""above"": null, ""below"": null, ""left"": 19647, ""right"": 19649, ""top_left"": null, ""top_right"": null, ""bottom_left"": null, ""bottom_right"": null}","{""above"": null, ""below"": ""microwave"", ""left"": null, ""right"": null, ""top_left"": null, ""top_right"": null, ""bottom_left"": ""coffee machine"", ""bottom_right"": null}","{'refrigerator': 0.2453, 'toaster': 0.2135, 'microwave': 0.1312, 'coffee machine': 0.1815, 'dish rack': 0.357, 'dishwasher': 0.297, 'sink': 0.3666, 'electronic kettle': 0.3211}","{'refrigerator': 56.01, 'toaster': 141.41, 'microwave': 95.23, 'coffee machine': 135.32, 'dish rack': 152.5, 'dishwasher': 126.94, 'sink': 150.91, 'electronic kettle': 141.87}",[],cabinet door,"{'refrigerator': 2, 'microwave': 2}","Container id 7, is a ""cabinet door"" above the countertop. Additionally, it is the 2nd closest to the refrigerator, and the 2nd closest to the microwave."
19651,8,images/kitchen/9_segmented_sun_abdzsryntppucwqi.jpg,"[[248, 42], [217, 47], [221, 113], [250, 110]]",cabinet door,0.381,"[[0, 145], [449, 145], [449, 306], [0, 306]]",above,2.152,71.0,33.0,"{""above"": null, ""below"": null, ""left"": 19648, ""right"": 19647, ""top_left"": null, ""top_right"": null, ""bottom_left"": null, ""bottom_right"": null}","{""above"": null, ""below"": ""coffee machine"", ""left"": null, ""right"": null, ""top_left"": null, ""top_right"": null, ""bottom_left"": ""toaster"", ""bottom_right"": ""coffee machine""}","{'refrigerator': 0.3248, 'toaster': 0.1276, 'microwave': 0.164, 'coffee machine': 0.1152, 'dish rack': 0.2445, 'dishwasher': 0.2311, 'sink': 0.2558, 'electronic kettle': 0.2251}","{'refrigerator': 36.01, 'toaster': 108.85, 'microwave': 46.14, 'coffee machine': 91.7, 'dish rack': 141.42, 'dishwasher': 103.23, 'sink': 139.59, 'electronic kettle': 124.34}",[],cabinet door,"{'toaster': 2, 'coffee machine': 1}","Container id 8, is a ""cabinet door"" above the countertop. Additionally, it is the 2nd closest to the toaster, and the closest to the coffee machine."
19652,9,images/kitchen/9_segmented_sun_abdzsryntppucwqi.jpg,"[[185, 177], [149, 186], [150, 220], [187, 223]]",cabinet door,0.324,"[[0, 145], [449, 145], [449, 306], [0, 306]]",below,1.211,46.0,38.0,"{""above"": null, ""below"": null, ""left"": null, ""right"": null, ""top_left"": null, ""top_right"": null, ""bottom_left"": null, ""bottom_right"": null}","{""above"": ""electronic kettle"", ""below"": null, ""left"": null, ""right"": ""dishwasher"", ""top_left"": ""sink"", ""top_right"": null, ""bottom_left"": null, ""bottom_right"": null}","{'refrigerator': 0.3864, 'toaster': 0.1337, 'microwave': 0.2596, 'coffee machine': 0.1632, 'dish rack': 0.1019, 'dishwasher': 0.0691, 'sink': 0.0953, 'electronic kettle': 0.0417}","{'refrigerator': 354.6, 'toaster': 307.14, 'microwave': 335.16, 'coffee machine': 316.58, 'dish rack': 227.26, 'dishwasher': 358.09, 'sink': 220.18, 'electronic kettle': 263.03}",[],cabinet door,"{'dish rack': 1, 'dishwasher': 1, 'sink': 1, 'electronic kettle': 1}","Container id 9, is a ""cabinet door"" below the countertop. Additionally, it is the closest to the dish rack, the closest to the dishwasher, the closest to the sink, and the closest to the electronic kettle."
19672,1,images/kitchen/17_segmented_sun_agorklincwxrdtga.jpg,"[[2018, 1858], [1802, 1894], [1840, 2020], [1806, 2069], [1812, 2256], [2024, 2198]]",cabinet door,0.472,"[[0, 1580], [4032, 1580], [4032, 2656], [0, 2656]]",below,1.793,398.0,222.0,"{""above"": 19682, ""below"": null, ""left"": 19675, ""right"": 19681, ""top_left"": 19680, ""top_right"": null, ""bottom_left"": null, ""bottom_right"": null}","{""above"": null, ""below"": null, ""left"": null, ""right"": null, ""top_left"": null, ""top_right"": null, ""bottom_left"": null, ""bottom_right"": null}","{'stove': 0.2561, 'sink': 0.155, 'refrigerator': 0.101, 'oven': 0.1151, 'coffee machine': 0.1172}","{'stove': 192.91, 'sink': 325.11, 'refrigerator': 295.87, 'oven': 289.63, 'coffee machine': 298.66}",[],cabinet door,{},"Container id 1, is a ""cabinet door"" below the countertop."
19673,2,images/kitchen/17_segmented_sun_agorklincwxrdtga.jpg,"[[1511, 1803], [1203, 1840], [1201, 1962], [1509, 1914]]",drawer,0.48,"[[0, 1580], [4032, 1580], [4032, 2656], [0, 2656]]",below,0.513,159.0,310.0,"{""above"": null, ""below"": 19674, ""left"": null, ""right"": 19680, ""top_left"": null, ""top_right"": null, ""bottom_left"": null, ""bottom_right"": 19675}","{""above"": null, ""below"": null, ""left"": null, ""right"": null, ""top_left"": null, ""top_right"": null, ""bottom_left"": null, ""bottom_right"": null}","{'stove': 0.142, 'sink': 0.2424, 'refrigerator': 0.1632, 'oven': 0.1651, 'coffee machine': 0.1789}","{'stove': 188.97, 'sink': 347.23, 'refrigerator': 340.01, 'oven': 333.64, 'coffee machine': 337.73}",[],drawer,{'stove': 2},"Container id 2, is a ""drawer"" below the countertop. Additionally, it is the 2nd closest to the stove."
19674,3,images/kitchen/17_segmented_sun_agorklincwxrdtga.jpg,"[[1510, 1939], [1202, 1988], [1207, 2417], [1513, 2334]]",cabinet door,0.482,"[[0, 1580], [4032, 1580], [4032, 2656], [0, 2656]]",below,1.537,478.0,311.0,"{""above"": 19673, ""below"": null, ""left"": null, ""right"": 19675, ""top_left"": null, ""top_right"": 19680, ""bottom_left"": null, ""bottom_right"": null}","{""above"": null, ""below"": null, ""left"": null, ""right"": null, ""top_left"": ""stove"", ""top_right"": null, ""bottom_left"": null, ""bottom_right"": null}","{'stove': 0.1629, 'sink': 0.2619, 'refrigerator': 0.1919, 'oven': 0.1988, 'coffee machine': 0.2088}","{'stove': 210.28, 'sink': 334.3, 'refrigerator': 322.87, 'oven': 317.9, 'coffee machine': 322.26}",[],cabinet door,{},"Container id 3, is a ""cabinet door"" below the countertop."
19675,4,images/kitchen/17_segmented_sun_agorklincwxrdtga.jpg,"[[1791, 1893], [1538, 1934], [1542, 2329], [1796, 2260]]",cabinet door,0.464,"[[0, 1580], [4032, 1580], [4032, 2656], [0, 2656]]",below,1.69,436.0,258.0,"{""above"": 19680, ""below"": null, ""left"": 19674, ""right"": 19672, ""top_left"": 19673, ""top_right"": 19682, ""bottom_left"": null, ""bottom_right"": null}","{""above"": null, ""below"": null, ""left"": null, ""right"": null, ""top_left"": null, ""top_right"": null, ""bottom_left"": null, ""bottom_right"": null}","{'stove': 0.2158, 'sink': 0.199, 'refrigerator': 0.1356, 'oven': 0.146, 'coffee machine': 0.1526}","{'stove': 198.53, 'sink': 329.83, 'refrigerator': 311.04, 'oven': 304.91, 'coffee machine': 311.53}",[],cabinet door,{},"Container id 4, is a ""cabinet door"" below the countertop."
19676,5,images/kitchen/17_segmented_sun_agorklincwxrdtga.jpg,"[[1693, 933], [1700, 1380], [1893, 1401], [1902, 962]]",cabinet door,0.49,"[[0, 1580], [4032, 1580], [4032, 2656], [0, 2656]]",above,2.239,468.0,209.0,"{""above"": null, ""below"": null, ""left"": null, ""right"": null, ""top_left"": null, ""top_right"": null, ""bottom_left"": null, ""bottom_right"": null}","{""above"": null, ""below"": null, ""left"": null, ""right"": null, ""top_left"": null, ""top_right"": null, ""bottom_left"": null, ""bottom_right"": null}","{'stove': 0.2632, 'sink': 0.1727, 'refrigerator': 0.1105, 'oven': 0.0931, 'coffee machine': 0.1087}","{'stove': 151.63, 'sink': 32.84, 'refrigerator': 55.84, 'oven': 52.55, 'coffee machine': 46.96}",[],cabinet door,{},"Container id 5, is a ""cabinet door"" above the countertop."
19677,6,images/kitchen/17_segmented_sun_agorklincwxrdtga.jpg,"[[1165, 884], [1136, 1389], [1394, 1389], [1396, 906]]",cabinet door,0.458,"[[0, 1580], [4032, 1580], [4032, 2656], [0, 2656]]",above,1.942,505.0,260.0,"{""above"": null, ""below"": null, ""left"": null, ""right"": null, ""top_left"": null, ""top_right"": null, ""bottom_left"": null, ""bottom_right"": null}","{""above"": null, ""below"": null, ""left"": null, ""right"": null, ""top_left"": null, ""top_right"": null, ""bottom_left"": null, ""bottom_right"": null}","{'stove': 0.1795, 'sink': 0.2724, 'refrigerator': 0.1963, 'oven': 0.1833, 'coffee machine': 0.2016}","{'stove': 133.28, 'sink': 21.37, 'refrigerator': 29.62, 'oven': 25.7, 'coffee machine': 24.95}",[],cabinet door,{},"Container id 6, is a ""cabinet door"" above the countertop."
19678,7,images/kitchen/17_segmented_sun_agorklincwxrdtga.jpg,"[[2588, 1009], [2584, 1382], [2782, 1384], [2781, 1047]]",cabinet door,0.424,"[[0, 1580], [4032, 1580], [4032, 2656], [0, 2656]]",above,1.894,375.0,198.0,"{""above"": null, ""below"": null, ""left"": null, ""right"": null, ""top_left"": null, ""top_right"": null, ""bottom_left"": null, ""bottom_right"": null}","{""above"": null, ""below"": null, ""left"": null, ""right"": null, ""top_left"": null, ""top_right"": null, ""bottom_left"": null, ""bottom_right"": null}","{'stove': 0.4316, 'sink': 0.0943, 'refrigerator': 0.1477, 'oven': 0.1433, 'coffee machine': 0.131}","{'stove': 164.2, 'sink': 114.15, 'refrigerator': 145.42, 'oven': 152.43, 'coffee machine': 146.72}",[],cabinet door,{},"Container id 7, is a ""cabinet door"" above the countertop."
19679,8,images/kitchen/17_segmented_sun_agorklincwxrdtga.jpg,"[[2845, 1626], [2814, 1614], [2630, 1639], [2625, 1722], [2840, 1697]]",drawer,0.525,"[[0, 1580], [4032, 1580], [4032, 2656], [0, 2656]]",below,0.491,108.0,220.0,"{""above"": null, ""below"": null, ""left"": null, ""right"": null, ""top_left"": null, ""top_right"": null, ""bottom_left"": null, ""bottom_right"": null}","{""above"": null, ""below"": null, ""left"": null, ""right"": null, ""top_left"": null, ""top_right"": null, ""bottom_left"": null, ""bottom_right"": null}","{'stove': 0.4298, 'sink': 0.0531, 'refrigerator': 0.1359, 'oven': 0.1436, 'coffee machine': 0.1254}","{'stove': 176.87, 'sink': 188.63, 'refrigerator': 184.31, 'oven': 191.12, 'coffee machine': 190.19}",[],drawer,{'sink': 2},"Container id 8, is a ""drawer"" below the countertop. Additionally, it is the 2nd closest to the sink."
19680,9,images/kitchen/17_segmented_sun_agorklincwxrdtga.jpg,"[[1783, 1768], [1547, 1790], [1538, 1904], [1781, 1869]]",drawer,0.458,"[[0, 1580], [4032, 1580], [4032, 2656], [0, 2656]]",below,0.555,136.0,245.0,"{""above"": null, ""below"": 19675, ""left"": 19673, ""right"": 19682, ""top_left"": null, ""top_right"": null, ""bottom_left"": null, ""bottom_right"": 19672}","{""above"": null, ""below"": null, ""left"": null, ""right"": null, ""top_left"": null, ""top_right"": null, ""bottom_left"": null, ""bottom_right"": null}","{'stove': 0.2041, 'sink': 0.1784, 'refrigerator': 0.1011, 'oven': 0.1057, 'coffee machine': 0.1174}","{'stove': 183.48, 'sink': 345.78, 'refrigerator': 332.88, 'oven': 323.05, 'coffee machine': 330.38}",[],drawer,{},"Container id 9, is a ""drawer"" below the countertop."
19681,10,images/kitchen/17_segmented_sun_agorklincwxrdtga.jpg,"[[2135, 1840], [2061, 1862], [2071, 2193], [2178, 2152], [2171, 1876]]",cabinet door,0.462,"[[0, 1580], [4032, 1580], [4032, 2656], [0, 2656]]",below,3.017,353.0,117.0,"{""above"": 19688, ""below"": null, ""left"": 19672, ""right"": null, ""top_left"": null, ""top_right"": null, ""bottom_left"": null, ""bottom_right"": null}","{""above"": null, ""below"": null, ""left"": null, ""right"": null, ""top_left"": null, ""top_right"": null, ""bottom_left"": null, ""bottom_right"": null}","{'stove': 0.3024, 'sink': 0.108, 'refrigerator': 0.0777, 'oven': 0.0956, 'coffee machine': 0.0897}","{'stove': 188.34, 'sink': 315.84, 'refrigerator': 265.92, 'oven': 263.42, 'coffee machine': 274.23}",[],cabinet door,{},"Container id 10, is a ""cabinet door"" below the countertop."
19682,11,images/kitchen/17_segmented_sun_agorklincwxrdtga.jpg,"[[2018, 1737], [1805, 1757], [1801, 1863], [2016, 1836]]",drawer,0.446,"[[0, 1580], [4032, 1580], [4032, 2656], [0, 2656]]",below,0.581,126.0,217.0,"{""above"": null, ""below"": 19672, ""left"": 19680, ""right"": null, ""top_left"": null, ""top_right"": null, ""bottom_left"": null, ""bottom_right"": null}","{""above"": null, ""below"": null, ""left"": null, ""right"": null, ""top_left"": null, ""top_right"": null, ""bottom_left"": null, ""bottom_right"": null}","{'stove': 0.2551, 'sink': 0.1271, 'refrigerator': 0.0548, 'oven': 0.0655, 'coffee machine': 0.0719}","{'stove': 181.18, 'sink': 343.22, 'refrigerator': 314.78, 'oven': 300.47, 'coffee machine': 314.93}",[],drawer,{'oven': 2},"Container id 11, is a ""drawer"" below the countertop. Additionally, it is the 2nd closest to the oven."
19683,12,images/kitchen/17_segmented_sun_agorklincwxrdtga.jpg,"[[227, 2145], [0, 2180], [0, 2655], [226, 2650]]",cabinet door,0.381,"[[0, 1580], [4032, 1580], [4032, 2656], [0, 2656]]",below,2.247,510.0,227.0,"{""above"": 19684, ""below"": null, ""left"": null, ""right"": null, ""top_left"": null, ""top_right"": null, ""bottom_left"": null, ""bottom_right"": null}","{""above"": null, ""below"": null, ""left"": null, ""right"": null, ""top_left"": null, ""top_right"": null, ""bottom_left"": null, ""bottom_right"": null}","{'stove': 0.176, 'sink': 0.52, 'refrigerator': 0.4427, 'oven': 0.4446, 'coffee machine': 0.4585}","{'stove': 311.7, 'sink': 341.75, 'refrigerator': 338.1, 'oven': 335.75, 'coffee machine': 337.28}",[],cabinet door,{},"Container id 12, is a ""cabinet door"" below the countertop."
19684,13,images/kitchen/17_segmented_sun_agorklincwxrdtga.jpg,"[[230, 1959], [0, 1996], [0, 2149], [227, 2113]]",drawer,0.368,"[[0, 1580], [4032, 1580], [4032, 2656], [0, 2656]]",below,0.826,190.0,230.0,"{""above"": null, ""below"": 19683, ""left"": null, ""right"": null, ""top_left"": null, ""top_right"": null, ""bottom_left"": null, ""bottom_right"": null}","{""above"": null, ""below"": null, ""left"": null, ""right"": null, ""top_left"": null, ""top_right"": null, ""bottom_left"": null, ""bottom_right"": null}","{'stove': 0.1306, 'sink': 0.5017, 'refrigerator': 0.4207, 'oven': 0.4197, 'coffee machine': 0.4353}","{'stove': 333.5, 'sink': 349.7, 'refrigerator': 347.38, 'oven': 344.88, 'coffee machine': 346.19}",[],drawer,{'stove': 1},"Container id 13, is a ""drawer"" below the countertop. Additionally, it is the closest to the stove."
19685,14,images/kitchen/17_segmented_sun_agorklincwxrdtga.jpg,"[[3489, 1525], [3390, 1534], [3393, 1673], [3492, 1682]]",cabinet door,0.307,"[[0, 1580], [4032, 1580], [4032, 2656], [0, 2656]]",below,1.539,157.0,102.0,"{""above"": null, ""below"": null, ""left"": null, ""right"": null, ""top_left"": null, ""top_right"": null, ""bottom_left"": null, ""bottom_right"": null}","{""above"": null, ""below"": null, ""left"": null, ""right"": null, ""top_left"": null, ""top_right"": null, ""bottom_left"": null, ""bottom_right"": null}","{'stove': 0.5732, 'sink': 0.1955, 'refrigerator': 0.2785, 'oven': 0.2844, 'coffee machine': 0.2665}","{'stove': 176.49, 'sink': 178.93, 'refrigerator': 179.71, 'oven': 183.24, 'coffee machine': 182.27}",[],cabinet door,{},"Container id 14, is a ""cabinet door"" below the countertop."
19686,15,images/kitchen/17_segmented_sun_agorklincwxrdtga.jpg,"[[2939, 879], [2936, 1066], [3038, 1080], [3041, 899]]",cabinet door,0.309,"[[0, 1580], [4032, 1580], [4032, 2656], [0, 2656]]",above,1.914,201.0,105.0,"{""above"": null, ""below"": null, ""left"": null, ""right"": null, ""top_left"": null, ""top_right"": null, ""bottom_left"": null, ""bottom_right"": null}","{""above"": null, ""below"": null, ""left"": null, ""right"": null, ""top_left"": null, ""top_right"": null, ""bottom_left"": null, ""bottom_right"": null}","{'stove': 0.5057, 'sink': 0.1671, 'refrigerator': 0.2261, 'oven': 0.2211, 'coffee machine': 0.2093}","{'stove': 161.08, 'sink': 127.49, 'refrigerator': 144.8, 'oven': 149.32, 'coffee machine': 145.56}",[],cabinet door,{},"Container id 15, is a ""cabinet door"" above the countertop."
19687,16,images/kitchen/17_segmented_sun_agorklincwxrdtga.jpg,"[[2403, 1688], [2218, 1710], [2214, 1784], [2400, 1762]]",cabinet door,0.311,"[[0, 1580], [4032, 1580], [4032, 2656], [0, 2656]]",below,0.508,96.0,189.0,"{""above"": null, ""below"": null, ""left"": null, ""right"": null, ""top_left"": null, ""top_right"": null, ""bottom_left"": null, ""bottom_right"": null}","{""above"": null, ""below"": null, ""left"": null, ""right"": null, ""top_left"": null, ""top_right"": null, ""bottom_left"": null, ""bottom_right"": null}","{'stove': 0.3377, 'sink': 0.0457, 'refrigerator': 0.0511, 'oven': 0.0658, 'coffee machine': 0.0496}","{'stove': 178.7, 'sink': 328.67, 'refrigerator': 210.63, 'oven': 221.39, 'coffee machine': 230.06}",[],cabinet door,"{'sink': 1, 'refrigerator': 2, 'coffee machine': 2}","Container id 16, is a ""cabinet door"" below the countertop. Additionally, it is the closest to the sink, the 2nd closest to the refrigerator, and the 2nd closest to the coffee machine."
19688,17,images/kitchen/17_segmented_sun_agorklincwxrdtga.jpg,"[[2160, 1719], [2063, 1732], [2068, 1829], [2136, 1813], [2163, 1791]]",drawer,0.396,"[[0, 1580], [4032, 1580], [4032, 2656], [0, 2656]]",below,1.1,110.0,100.0,"{""above"": null, ""below"": 19681, ""left"": null, ""right"": null, ""top_left"": null, ""top_right"": null, ""bottom_left"": null, ""bottom_right"": null}","{""above"": null, ""below"": null, ""left"": null, ""right"": null, ""top_left"": null, ""top_right"": null, ""bottom_left"": null, ""bottom_right"": null}","{'stove': 0.2981, 'sink': 0.0849, 'refrigerator': 0.0348, 'oven': 0.0529, 'coffee machine': 0.0471}","{'stove': 180.16, 'sink': 337.69, 'refrigerator': 262.64, 'oven': 259.23, 'coffee machine': 279.4}",[],drawer,"{'refrigerator': 1, 'oven': 1, 'coffee machine': 1}","Container id 17, is a ""drawer"" below the countertop. Additionally, it is the closest to the refrigerator, the closest to the oven, and the closest to the coffee machine."
20127,1,images/kitchen/8_segmented_sun_afkaeizmulcsokfj.jpg,"[[1, 26], [1, 120], [41, 119], [42, 33]]",cabinet door,0.47,"[[0, 166], [250, 166], [250, 333], [0, 333]]",above,2.293,94.0,41.0,"{""above"": null, ""below"": null, ""left"": null, ""right"": 20128, ""top_left"": null, ""top_right"": null, ""bottom_left"": null, ""bottom_right"": null}","{""above"": null, ""below"": null, ""left"": null, ""right"": null, ""top_left"": null, ""top_right"": null, ""bottom_left"": null, ""bottom_right"": null}","{'dishwasher': 0.4528, 'microwave': 0.3863, 'oven': 0.582, 'sink': 0.2595, 'stove': 0.2238, 'electronic kettle': 0.2814, 'refrigerator': 0.537}","{'dishwasher': 60.44, 'microwave': 8.92, 'oven': 44.96, 'sink': 86.74, 'stove': 88.31, 'electronic kettle': 99.7, 'refrigerator': 94.77}",[],cabinet door,{'stove': 2},"Container id 1, is a ""cabinet door"" above the countertop. Additionally, it is the 2nd closest to the stove."
20128,2,images/kitchen/8_segmented_sun_afkaeizmulcsokfj.jpg,"[[46, 33], [48, 118], [92, 118], [92, 33]]",cabinet door,0.469,"[[0, 166], [250, 166], [250, 333], [0, 333]]",above,1.848,85.0,46.0,"{""above"": null, ""below"": null, ""left"": 20127, ""right"": 20131, ""top_left"": null, ""top_right"": null, ""bottom_left"": null, ""bottom_right"": null}","{""above"": null, ""below"": null, ""left"": null, ""right"": null, ""top_left"": null, ""top_right"": null, ""bottom_left"": null, ""bottom_right"": null}","{'dishwasher': 0.4059, 'microwave': 0.2719, 'oven': 0.5048, 'sink': 0.2759, 'stove': 0.2468, 'electronic kettle': 0.3198, 'refrigerator': 0.5564}","{'dishwasher': 74.65, 'microwave': 12.2, 'oven': 54.1, 'sink': 111.5, 'stove': 116.27, 'electronic kettle': 120.71, 'refrigerator': 106.77}",[],cabinet door,{},"Container id 2, is a ""cabinet door"" above the countertop."
20129,3,images/kitchen/8_segmented_sun_afkaeizmulcsokfj.jpg,"[[153, 31], [154, 80], [187, 80], [188, 32]]",cabinet door,0.438,"[[0, 166], [250, 166], [250, 333], [0, 333]]",above,1.4,49.0,35.0,"{""above"": null, ""below"": null, ""left"": 20131, ""right"": 20130, ""top_left"": null, ""top_right"": null, ""bottom_left"": null, ""bottom_right"": null}","{""above"": null, ""below"": ""microwave"", ""left"": null, ""right"": null, ""top_left"": null, ""top_right"": null, ""bottom_left"": null, ""bottom_right"": null}","{'dishwasher': 0.4592, 'microwave': 0.1074, 'oven': 0.4594, 'sink': 0.4589, 'stove': 0.4427, 'electronic kettle': 0.5183, 'refrigerator': 0.7064}","{'dishwasher': 107.11, 'microwave': 77.55, 'oven': 83.32, 'sink': 138.49, 'stove': 142.62, 'electronic kettle': 141.54, 'refrigerator': 124.79}",[],cabinet door,{'microwave': 1},"Container id 3, is a ""cabinet door"" above the countertop. Additionally, it is the closest to the microwave."
20130,4,images/kitchen/8_segmented_sun_afkaeizmulcsokfj.jpg,"[[198, 29], [197, 79], [232, 82], [232, 28]]",cabinet door,0.438,"[[0, 166], [250, 166], [250, 333], [0, 333]]",above,1.543,54.0,35.0,"{""above"": null, ""below"": null, ""left"": 20129, ""right"": null, ""top_left"": null, ""top_right"": null, ""bottom_left"": null, ""bottom_right"": null}","{""above"": null, ""below"": null, ""left"": null, ""right"": null, ""top_left"": null, ""top_right"": null, ""bottom_left"": ""microwave"", ""bottom_right"": null}","{'dishwasher': 0.5035, 'microwave': 0.1362, 'oven': 0.4623, 'sink': 0.5448, 'stove': 0.5326, 'electronic kettle': 0.6068, 'refrigerator': 0.7743}","{'dishwasher': 118.64, 'microwave': 127.61, 'oven': 96.56, 'sink': 145.68, 'stove': 149.32, 'electronic kettle': 147.57, 'refrigerator': 131.13}",[],cabinet door,{'microwave': 2},"Container id 4, is a ""cabinet door"" above the countertop. Additionally, it is the 2nd closest to the microwave."
20131,5,images/kitchen/8_segmented_sun_afkaeizmulcsokfj.jpg,"[[145, 30], [101, 35], [103, 116], [147, 113]]",cabinet door,0.497,"[[0, 166], [250, 166], [250, 333], [0, 333]]",above,1.87,86.0,46.0,"{""above"": null, ""below"": null, ""left"": 20128, ""right"": 20129, ""top_left"": null, ""top_right"": null, ""bottom_left"": null, ""bottom_right"": null}","{""above"": null, ""below"": null, ""left"": null, ""right"": ""microwave"", ""top_left"": null, ""top_right"": null, ""bottom_left"": null, ""bottom_right"": null}","{'dishwasher': 0.3969, 'microwave': 0.1485, 'oven': 0.4454, 'sink': 0.3496, 'stove': 0.3299, 'electronic kettle': 0.406, 'refrigerator': 0.6114}","{'dishwasher': 93.38, 'microwave': 24.79, 'oven': 68.24, 'sink': 131.57, 'stove': 136.72, 'electronic kettle': 136.44, 'refrigerator': 118.46}",[],cabinet door,{},"Container id 5, is a ""cabinet door"" above the countertop."
20132,6,images/kitchen/8_segmented_sun_afkaeizmulcsokfj.jpg,"[[73, 216], [35, 222], [38, 290], [75, 279]]",cabinet door,0.356,"[[0, 166], [250, 166], [250, 333], [0, 333]]",below,1.85,74.0,40.0,"{""above"": null, ""below"": null, ""left"": 20133, ""right"": null, ""top_left"": null, ""top_right"": null, ""bottom_left"": null, ""bottom_right"": null}","{""above"": null, ""below"": null, ""left"": null, ""right"": ""dishwasher"", ""top_left"": null, ""top_right"": null, ""bottom_left"": null, ""bottom_right"": null}","{'dishwasher': 0.1452, 'microwave': 0.473, 'oven': 0.3305, 'sink': 0.1795, 'stove': 0.2154, 'electronic kettle': 0.1966, 'refrigerator': 0.1671}","{'dishwasher': 347.34, 'microwave': 309.35, 'oven': 357.5, 'sink': 248.12, 'stove': 249.61, 'electronic kettle': 228.96, 'refrigerator': 139.08}",[],cabinet door,"{'dishwasher': 1, 'oven': 2, 'sink': 1, 'stove': 1, 'electronic kettle': 1, 'refrigerator': 2}","Container id 6, is a ""cabinet door"" below the countertop. Additionally, it is the closest to the dishwasher, the 2nd closest to the oven, the closest to the sink, the closest to the stove, the closest to the electronic kettle, and the 2nd closest to the refrigerator."
20133,7,images/kitchen/8_segmented_sun_afkaeizmulcsokfj.jpg,"[[25, 225], [3, 242], [10, 326], [31, 289]]",cabinet door,0.338,"[[0, 166], [250, 166], [250, 333], [0, 333]]",below,3.607,101.0,28.0,"{""above"": null, ""below"": null, ""left"": null, ""right"": 20132, ""top_left"": null, ""top_right"": null, ""bottom_left"": null, ""bottom_right"": null}","{""above"": ""electronic kettle"", ""below"": ""refrigerator"", ""left"": null, ""right"": null, ""top_left"": null, ""top_right"": null, ""bottom_left"": null, ""bottom_right"": null}","{'dishwasher': 0.2453, 'microwave': 0.5673, 'oven': 0.4256, 'sink': 0.213, 'stove': 0.2475, 'electronic kettle': 0.197, 'refrigerator': 0.0733}","{'dishwasher': 341.74, 'microwave': 313.6, 'oven': 351.97, 'sink': 276.57, 'stove': 273.76, 'electronic kettle': 258.93, 'refrigerator': 118.52}",[],cabinet door,"{'sink': 2, 'electronic kettle': 2, 'refrigerator': 1}","Container id 7, is a ""cabinet door"" below the countertop. Additionally, it is the 2nd closest to the sink, the 2nd closest to the electronic kettle, and the closest to the refrigerator."
20134,8,images/kitchen/8_segmented_sun_afkaeizmulcsokfj.jpg,"[[158, 261], [158, 285], [225, 285], [226, 261]]",drawer,0.418,"[[0, 166], [250, 166], [250, 333], [0, 333]]",below,0.353,24.0,68.0,"{""above"": null, ""below"": null, ""left"": null, ""right"": null, ""top_left"": null, ""top_right"": null, ""bottom_left"": null, ""bottom_right"": null}","{""above"": ""oven"", ""below"": null, ""left"": null, ""right"": null, ""top_left"": ""dishwasher"", ""top_right"": null, ""bottom_left"": null, ""bottom_right"": null}","{'dishwasher': 0.2037, 'microwave': 0.4178, 'oven': 0.0655, 'sink': 0.4507, 'stove': 0.4757, 'electronic kettle': 0.4985, 'refrigerator': 0.4578}","{'dishwasher': 204.0, 'microwave': 266.17, 'oven': 272.1, 'sink': 208.87, 'stove': 212.13, 'electronic kettle': 203.57, 'refrigerator': 172.67}",[],drawer,"{'dishwasher': 2, 'oven': 1}","Container id 8, is a ""drawer"" below the countertop. Additionally, it is the 2nd closest to the dishwasher, and the closest to the oven."
20238,1,images/kitchen/14_segmented_sun_adswmdfkombffqhi.jpg,"[[856, 6], [717, 17], [728, 311], [870, 294]]",cabinet door,0.55,"[[0, 454], [1024, 454], [1024, 768], [0, 768]]",above,1.993,305.0,153.0,"{""above"": null, ""below"": null, ""left"": 20242, ""right"": null, ""top_left"": null, ""top_right"": null, ""bottom_left"": null, ""bottom_right"": null}","{""above"": null, ""below"": null, ""left"": null, ""right"": null, ""top_left"": null, ""top_right"": null, ""bottom_left"": null, ""bottom_right"": null}","{'stove': 0.339, 'sink': 0.2513}","{'stove': 135.89, 'sink': 115.18}",[],cabinet door,{},"Container id 1, is a ""cabinet door"" above the countertop."
20239,2,images/kitchen/14_segmented_sun_adswmdfkombffqhi.jpg,"[[701, 485], [703, 721], [878, 755], [877, 488]]",cabinet door,0.48,"[[0, 454], [1024, 454], [1024, 768], [0, 768]]",below,1.525,270.0,177.0,"{""above"": null, ""below"": null, ""left"": 20240, ""right"": null, ""top_left"": null, ""top_right"": null, ""bottom_left"": null, ""bottom_right"": null}","{""above"": null, ""below"": null, ""left"": null, ""right"": null, ""top_left"": ""sink"", ""top_right"": null, ""bottom_left"": null, ""bottom_right"": null}","{'stove': 0.2691, 'sink': 0.1655}","{'stove': 206.42, 'sink': 230.79}",[],cabinet door,{},"Container id 2, is a ""cabinet door"" below the countertop."
20240,3,images/kitchen/14_segmented_sun_adswmdfkombffqhi.jpg,"[[598, 483], [599, 698], [698, 720], [695, 486]]",cabinet door,0.505,"[[0, 454], [1024, 454], [1024, 768], [0, 768]]",below,2.37,237.0,100.0,"{""above"": null, ""below"": null, ""left"": 20243, ""right"": 20239, ""top_left"": null, ""top_right"": null, ""bottom_left"": null, ""bottom_right"": null}","{""above"": ""sink"", ""below"": null, ""left"": null, ""right"": null, ""top_left"": ""stove"", ""top_right"": null, ""bottom_left"": null, ""bottom_right"": null}","{'stove': 0.1687, 'sink': 0.1163}","{'stove': 219.64, 'sink': 273.22}",[],cabinet door,{'sink': 1},"Container id 3, is a ""cabinet door"" below the countertop. Additionally, it is the closest to the sink."
20241,4,images/kitchen/14_segmented_sun_adswmdfkombffqhi.jpg,"[[615, 55], [545, 81], [549, 334], [627, 323]]",cabinet door,0.482,"[[0, 454], [1024, 454], [1024, 768], [0, 768]]",above,3.402,279.0,82.0,"{""above"": null, ""below"": null, ""left"": 20248, ""right"": 20242, ""top_left"": null, ""top_right"": null, ""bottom_left"": null, ""bottom_right"": null}","{""above"": null, ""below"": null, ""left"": null, ""right"": null, ""top_left"": null, ""top_right"": null, ""bottom_left"": null, ""bottom_right"": ""sink""}","{'stove': 0.219, 'sink': 0.2031}","{'stove': 111.51, 'sink': 73.96}",[],cabinet door,{},"Container id 4, is a ""cabinet door"" above the countertop."
20242,5,images/kitchen/14_segmented_sun_adswmdfkombffqhi.jpg,"[[709, 19], [621, 52], [631, 323], [723, 311]]",cabinet door,0.483,"[[0, 454], [1024, 454], [1024, 768], [0, 768]]",above,2.98,304.0,102.0,"{""above"": null, ""below"": null, ""left"": 20241, ""right"": 20238, ""top_left"": null, ""top_right"": null, ""bottom_left"": null, ""bottom_right"": null}","{""above"": null, ""below"": ""sink"", ""left"": null, ""right"": null, ""top_left"": null, ""top_right"": null, ""bottom_left"": null, ""bottom_right"": null}","{'stove': 0.266, 'sink': 0.2127}","{'stove': 123.87, 'sink': 93.19}",[],cabinet door,{},"Container id 5, is a ""cabinet door"" above the countertop."
20243,6,images/kitchen/14_segmented_sun_adswmdfkombffqhi.jpg,"[[510, 482], [513, 682], [593, 698], [593, 485]]",cabinet door,0.51,"[[0, 454], [1024, 454], [1024, 768], [0, 768]]",below,2.602,216.0,83.0,"{""above"": null, ""below"": null, ""left"": null, ""right"": 20240, ""top_left"": null, ""top_right"": null, ""bottom_left"": null, ""bottom_right"": null}","{""above"": null, ""below"": null, ""left"": null, ""right"": null, ""top_left"": ""stove"", ""top_right"": ""sink"", ""bottom_left"": null, ""bottom_right"": null}","{'stove': 0.1142, 'sink': 0.1352}","{'stove': 240.94, 'sink': 306.78}",[],cabinet door,"{'stove': 2, 'sink': 2}","Container id 6, is a ""cabinet door"" below the countertop. Additionally, it is the 2nd closest to the stove, and the 2nd closest to the sink."
20244,7,images/kitchen/14_segmented_sun_adswmdfkombffqhi.jpg,"[[256, 311], [217, 321], [224, 496], [267, 500]]",cabinet door,0.452,"[[0, 454], [1024, 454], [1024, 768], [0, 768]]",below,3.78,189.0,50.0,"{""above"": null, ""below"": null, ""left"": null, ""right"": null, ""top_left"": null, ""top_right"": 20247, ""bottom_left"": null, ""bottom_right"": 20246}","{""above"": null, ""below"": null, ""left"": null, ""right"": null, ""top_left"": null, ""top_right"": null, ""bottom_left"": null, ""bottom_right"": null}","{'stove': 0.192, 'sink': 0.3257}","{'stove': 12.21, 'sink': 5.66}",[],cabinet door,{},"Container id 7, is a ""cabinet door"" below the countertop."
20245,8,images/kitchen/14_segmented_sun_adswmdfkombffqhi.jpg,"[[433, 178], [384, 201], [384, 351], [438, 342]]",cabinet door,0.372,"[[0, 454], [1024, 454], [1024, 768], [0, 768]]",above,3.204,173.0,54.0,"{""above"": null, ""below"": 20251, ""left"": null, ""right"": 20250, ""top_left"": null, ""top_right"": null, ""bottom_left"": null, ""bottom_right"": 20249}","{""above"": null, ""below"": null, ""left"": null, ""right"": null, ""top_left"": null, ""top_right"": null, ""bottom_left"": null, ""bottom_right"": null}","{'stove': 0.1593, 'sink': 0.2383}","{'stove': 69.48, 'sink': 36.2}",[],cabinet door,{},"Container id 8, is a ""cabinet door"" above the countertop."
20246,9,images/kitchen/14_segmented_sun_adswmdfkombffqhi.jpg,"[[277, 488], [276, 489], [277, 490]]",cabinet door,0.411,"[[0, 454], [1024, 454], [1024, 768], [0, 768]]",below,2.0,2.0,1.0,"{""above"": null, ""below"": null, ""left"": null, ""right"": null, ""top_left"": null, ""top_right"": null, ""bottom_left"": null, ""bottom_right"": null}","{""above"": null, ""below"": null, ""left"": null, ""right"": null, ""top_left"": null, ""top_right"": null, ""bottom_left"": null, ""bottom_right"": null}","{'stove': 0.1615, 'sink': 0.298}","{'stove': 351.66, 'sink': 353.85}",[],cabinet door,{},"Container id 9, is a ""cabinet door"" below the countertop."
20247,10,images/kitchen/14_segmented_sun_adswmdfkombffqhi.jpg,"[[332, 249], [265, 268], [276, 484], [342, 459]]",cabinet door,0.347,"[[0, 454], [1024, 454], [1024, 768], [0, 768]]",below,3.052,235.0,77.0,"{""above"": null, ""below"": 20246, ""left"": null, ""right"": 20251, ""top_left"": null, ""top_right"": null, ""bottom_left"": 20244, ""bottom_right"": null}","{""above"": null, ""below"": null, ""left"": null, ""right"": ""stove"", ""top_left"": null, ""top_right"": null, ""bottom_left"": null, ""bottom_right"": null}","{'stove': 0.1569, 'sink': 0.2826}","{'stove': 27.9, 'sink': 13.29}",[],cabinet door,{},"Container id 10, is a ""cabinet door"" below the countertop."
20248,11,images/kitchen/14_segmented_sun_adswmdfkombffqhi.jpg,"[[538, 148], [449, 182], [445, 277], [541, 260]]",cabinet door,0.324,"[[0, 454], [1024, 454], [1024, 768], [0, 768]]",above,1.344,129.0,96.0,"{""above"": null, ""below"": 20250, ""left"": 20245, ""right"": 20241, ""top_left"": null, ""top_right"": null, ""bottom_left"": 20249, ""bottom_right"": null}","{""above"": null, ""below"": null, ""left"": null, ""right"": null, ""top_left"": null, ""top_right"": null, ""bottom_left"": null, ""bottom_right"": null}","{'stove': 0.1895, 'sink': 0.2209}","{'stove': 92.84, 'sink': 54.9}",[],cabinet door,{},"Container id 11, is a ""cabinet door"" above the countertop."
20249,12,images/kitchen/14_segmented_sun_adswmdfkombffqhi.jpg,"[[429, 178], [383, 202], [382, 350], [482, 350], [482, 327], [440, 316]]",cabinet door,0.368,"[[0, 454], [1024, 454], [1024, 768], [0, 768]]",above,1.72,172.0,100.0,"{""above"": null, ""below"": 20251, ""left"": null, ""right"": null, ""top_left"": 20245, ""top_right"": 20250, ""bottom_left"": null, ""bottom_right"": null}","{""above"": null, ""below"": null, ""left"": null, ""right"": null, ""top_left"": null, ""top_right"": null, ""bottom_left"": null, ""bottom_right"": null}","{'stove': 0.1394, 'sink': 0.2148}","{'stove': 74.32, 'sink': 35.84}",[],cabinet door,{},"Container id 12, is a ""cabinet door"" above the countertop."
20250,13,images/kitchen/14_segmented_sun_adswmdfkombffqhi.jpg,"[[538, 148], [447, 178], [443, 314], [542, 303]]",cabinet door,0.326,"[[0, 454], [1024, 454], [1024, 768], [0, 768]]",above,1.677,166.0,99.0,"{""above"": 20248, ""below"": null, ""left"": 20245, ""right"": 20241, ""top_left"": null, ""top_right"": null, ""bottom_left"": 20249, ""bottom_right"": null}","{""above"": null, ""below"": null, ""left"": null, ""right"": null, ""top_left"": null, ""top_right"": null, ""bottom_left"": null, ""bottom_right"": null}","{'stove': 0.1746, 'sink': 0.2093}","{'stove': 92.88, 'sink': 52.44}",[],cabinet door,{},"Container id 13, is a ""cabinet door"" above the countertop."
20251,14,images/kitchen/14_segmented_sun_adswmdfkombffqhi.jpg,"[[345, 247], [343, 453], [390, 452], [394, 420], [426, 416], [426, 360], [379, 350], [379, 255]]",drawer,0.391,"[[0, 454], [1024, 454], [1024, 768], [0, 768]]",above,2.482,206.0,83.0,"{""above"": 20249, ""below"": null, ""left"": 20247, ""right"": null, ""top_left"": null, ""top_right"": null, ""bottom_left"": null, ""bottom_right"": null}","{""above"": null, ""below"": null, ""left"": null, ""right"": null, ""top_left"": null, ""top_right"": null, ""bottom_left"": null, ""bottom_right"": ""stove""}","{'stove': 0.1027, 'sink': 0.2202}","{'stove': 43.11, 'sink': 16.28}",[],drawer,{'stove': 1},"Container id 14, is a ""drawer"" above the countertop. Additionally, it is the closest to the stove."
20477,1,images/kitchen/6_segmented_sun_aoqkmjxwlivgbkhq.jpg,"[[0, 0], [0, 453], [270, 445], [267, 3]]",cabinet door,0.625,"[[0, 673], [1186, 673], [1186, 881], [0, 881]]",above,1.678,453.0,270.0,"{""above"": null, ""below"": null, ""left"": null, ""right"": null, ""top_left"": null, ""top_right"": null, ""bottom_left"": null, ""bottom_right"": null}","{""above"": null, ""below"": null, ""left"": null, ""right"": null, ""top_left"": null, ""top_right"": null, ""bottom_left"": null, ""bottom_right"": null}",{'stove': 0.4481},{'stove': 46.19},[],cabinet door,{},"Container id 1, is a ""cabinet door"" above the countertop."
20478,2,images/kitchen/6_segmented_sun_aoqkmjxwlivgbkhq.jpg,"[[931, 0], [962, 210], [922, 439], [1185, 442], [1185, 0]]",cabinet door,0.546,"[[0, 673], [1186, 673], [1186, 881], [0, 881]]",above,1.681,442.0,263.0,"{""above"": null, ""below"": null, ""left"": null, ""right"": null, ""top_left"": null, ""top_right"": null, ""bottom_left"": null, ""bottom_right"": null}","{""above"": null, ""below"": null, ""left"": null, ""right"": null, ""top_left"": null, ""top_right"": null, ""bottom_left"": null, ""bottom_right"": null}",{'stove': 0.4452},{'stove': 132.52},[],cabinet door,{},"Container id 2, is a ""cabinet door"" above the countertop."
20479,3,images/kitchen/6_segmented_sun_aoqkmjxwlivgbkhq.jpg,"[[897, 792], [303, 790], [301, 873], [891, 877]]",drawer,0.495,"[[0, 673], [1186, 673], [1186, 881], [0, 881]]",below,0.146,87.0,596.0,"{""above"": null, ""below"": null, ""left"": 20480, ""right"": 20481, ""top_left"": null, ""top_right"": null, ""bottom_left"": null, ""bottom_right"": null}","{""above"": ""stove"", ""below"": null, ""left"": null, ""right"": null, ""top_left"": null, ""top_right"": null, ""bottom_left"": null, ""bottom_right"": null}",{'stove': 0.0881},{'stove': 267.58},[],drawer,{'stove': 1},"Container id 3, is a ""drawer"" below the countertop. Additionally, it is the closest to the stove."
20480,4,images/kitchen/6_segmented_sun_aoqkmjxwlivgbkhq.jpg,"[[0, 787], [0, 878], [281, 872], [276, 789]]",drawer,0.527,"[[0, 673], [1186, 673], [1186, 881], [0, 881]]",below,0.324,91.0,281.0,"{""above"": null, ""below"": null, ""left"": null, ""right"": null, ""top_left"": null, ""top_right"": null, ""bottom_left"": null, ""bottom_right"": null}","{""above"": null, ""below"": null, ""left"": null, ""right"": null, ""top_left"": null, ""top_right"": null, ""bottom_left"": null, ""bottom_right"": null}",{'stove': 0.3189},{'stove': 344.17},[],drawer,{'stove': 2},"Container id 4, is a ""drawer"" below the countertop. Additionally, it is the 2nd closest to the stove."
20481,5,images/kitchen/6_segmented_sun_aoqkmjxwlivgbkhq.jpg,"[[1185, 783], [914, 786], [910, 876], [1185, 878]]",drawer,0.495,"[[0, 673], [1186, 673], [1186, 881], [0, 881]]",below,0.345,95.0,275.0,"{""above"": null, ""below"": null, ""left"": null, ""right"": null, ""top_left"": null, ""top_right"": null, ""bottom_left"": null, ""bottom_right"": null}","{""above"": null, ""below"": null, ""left"": null, ""right"": null, ""top_left"": null, ""top_right"": null, ""bottom_left"": null, ""bottom_right"": null}",{'stove': 0.3205},{'stove': 195.65},[],drawer,{},"Container id 5, is a ""drawer"" below the countertop."
20482,6,images/kitchen/6_segmented_sun_aoqkmjxwlivgbkhq.jpg,"[[1185, 782], [914, 786], [910, 876], [1185, 878]]",cabinet door,0.344,"[[0, 673], [1186, 673], [1186, 881], [0, 881]]",below,0.349,96.0,275.0,"{""above"": null, ""below"": 20481, ""left"": null, ""right"": null, ""top_left"": null, ""top_right"": null, ""bottom_left"": null, ""bottom_right"": null}","{""above"": null, ""below"": null, ""left"": null, ""right"": null, ""top_left"": null, ""top_right"": null, ""bottom_left"": null, ""bottom_right"": null}",{'stove': 0.3205},{'stove': 195.62},[],cabinet door,{},"Container id 6, is a ""cabinet door"" below the countertop."
21417,1,images/kitchen/14_segmented_sun_axlhgujigbdqvdzl.jpg,"[[247, 32], [213, 48], [215, 125], [247, 125]]",cabinet door,0.55,"[[0, 163], [256, 163], [256, 256], [0, 256]]",above,2.735,93.0,34.0,"{""above"": null, ""below"": null, ""left"": 21424, ""right"": null, ""top_left"": null, ""top_right"": null, ""bottom_left"": null, ""bottom_right"": null}","{""above"": null, ""below"": null, ""left"": null, ""right"": null, ""top_left"": null, ""top_right"": null, ""bottom_left"": null, ""bottom_right"": null}","{'sink': 0.3916, 'dish': 0.5811}","{'sink': 142.02, 'dish': 173.24}",[],cabinet door,{},"Container id 1, is a ""cabinet door"" above the countertop."
21418,2,images/kitchen/14_segmented_sun_axlhgujigbdqvdzl.jpg,"[[77, 177], [77, 244], [133, 255], [133, 186]]",cabinet door,0.421,"[[0, 163], [256, 163], [256, 256], [0, 256]]",below,1.393,78.0,56.0,"{""above"": null, ""below"": null, ""left"": 21423, ""right"": 21425, ""top_left"": 21426, ""top_right"": null, ""bottom_left"": null, ""bottom_right"": null}","{""above"": ""sink"", ""below"": null, ""left"": null, ""right"": null, ""top_left"": null, ""top_right"": null, ""bottom_left"": null, ""bottom_right"": null}","{'sink': 0.132, 'dish': 0.3775}","{'sink': 286.73, 'dish': 232.38}",[],cabinet door,{},"Container id 2, is a ""cabinet door"" below the countertop."
21419,3,images/kitchen/14_segmented_sun_axlhgujigbdqvdzl.jpg,"[[98, 67], [70, 73], [71, 124], [98, 124]]",cabinet door,0.494,"[[0, 163], [256, 163], [256, 256], [0, 256]]",above,2.036,57.0,28.0,"{""above"": null, ""below"": null, ""left"": 21420, ""right"": 21427, ""top_left"": null, ""top_right"": null, ""bottom_left"": null, ""bottom_right"": null}","{""above"": null, ""below"": null, ""left"": null, ""right"": null, ""top_left"": null, ""top_right"": null, ""bottom_left"": null, ""bottom_right"": null}","{'sink': 0.2224, 'dish': 0.1754}","{'sink': 64.63, 'dish': 170.71}",[],cabinet door,{'dish': 2},"Container id 3, is a ""cabinet door"" above the countertop. Additionally, it is the 2nd closest to the dish."
21420,4,images/kitchen/14_segmented_sun_axlhgujigbdqvdzl.jpg,"[[68, 72], [47, 75], [48, 125], [69, 124]]",cabinet door,0.506,"[[0, 163], [256, 163], [256, 256], [0, 256]]",above,2.409,53.0,22.0,"{""above"": null, ""below"": null, ""left"": null, ""right"": 21419, ""top_left"": null, ""top_right"": null, ""bottom_left"": null, ""bottom_right"": null}","{""above"": null, ""below"": null, ""left"": ""dish"", ""right"": null, ""top_left"": null, ""top_right"": null, ""bottom_left"": null, ""bottom_right"": null}","{'sink': 0.2576, 'dish': 0.1031}","{'sink': 49.35, 'dish': 167.24}",[],cabinet door,{'dish': 1},"Container id 4, is a ""cabinet door"" above the countertop. Additionally, it is the closest to the dish."
21421,5,images/kitchen/14_segmented_sun_axlhgujigbdqvdzl.jpg,"[[147, 184], [147, 254], [159, 255], [156, 242], [164, 232], [164, 186]]",cabinet door,0.438,"[[0, 163], [256, 163], [256, 256], [0, 256]]",below,4.176,71.0,17.0,"{""above"": null, ""below"": null, ""left"": null, ""right"": null, ""top_left"": null, ""top_right"": 21428, ""bottom_left"": null, ""bottom_right"": null}","{""above"": null, ""below"": null, ""left"": null, ""right"": null, ""top_left"": ""sink"", ""top_right"": null, ""bottom_left"": null, ""bottom_right"": null}","{'sink': 0.1855, 'dish': 0.4948}","{'sink': 236.13, 'dish': 221.3}",[],cabinet door,{},"Container id 5, is a ""cabinet door"" below the countertop."
21422,6,images/kitchen/14_segmented_sun_axlhgujigbdqvdzl.jpg,"[[33, 168], [33, 176], [51, 180], [54, 179], [53, 169]]",drawer,0.444,"[[0, 163], [256, 163], [256, 256], [0, 256]]",below,0.571,12.0,21.0,"{""above"": null, ""below"": null, ""left"": null, ""right"": 21426, ""top_left"": null, ""top_right"": null, ""bottom_left"": null, ""bottom_right"": null}","{""above"": null, ""below"": null, ""left"": null, ""right"": null, ""top_left"": null, ""top_right"": null, ""bottom_left"": null, ""bottom_right"": null}","{'sink': 0.2047, 'dish': 0.1963}","{'sink': 356.4, 'dish': 250.93}",[],drawer,{},"Container id 6, is a ""drawer"" below the countertop."
21423,7,images/kitchen/14_segmented_sun_axlhgujigbdqvdzl.jpg,"[[77, 177], [77, 230], [102, 237], [102, 181]]",cabinet door,0.366,"[[0, 163], [256, 163], [256, 256], [0, 256]]",below,2.4,60.0,25.0,"{""above"": null, ""below"": null, ""left"": null, ""right"": 21418, ""top_left"": 21426, ""top_right"": null, ""bottom_left"": null, ""bottom_right"": null}","{""above"": null, ""below"": null, ""left"": null, ""right"": null, ""top_left"": null, ""top_right"": ""sink"", ""bottom_left"": null, ""bottom_right"": null}","{'sink': 0.1292, 'dish': 0.3316}","{'sink': 308.71, 'dish': 235.55}",[],cabinet door,{'sink': 2},"Container id 7, is a ""cabinet door"" below the countertop. Additionally, it is the 2nd closest to the sink."
21424,8,images/kitchen/14_segmented_sun_axlhgujigbdqvdzl.jpg,"[[208, 49], [156, 58], [158, 125], [210, 123]]",cabinet door,0.488,"[[0, 163], [256, 163], [256, 256], [0, 256]]",above,1.407,76.0,54.0,"{""above"": null, ""below"": null, ""left"": null, ""right"": 21417, ""top_left"": null, ""top_right"": null, ""bottom_left"": null, ""bottom_right"": null}","{""above"": null, ""below"": null, ""left"": null, ""right"": null, ""top_left"": null, ""top_right"": null, ""bottom_left"": null, ""bottom_right"": null}","{'sink': 0.2856, 'dish': 0.4488}","{'sink': 128.42, 'dish': 173.46}",[],cabinet door,{},"Container id 8, is a ""cabinet door"" above the countertop."
21425,9,images/kitchen/14_segmented_sun_axlhgujigbdqvdzl.jpg,"[[104, 182], [104, 238], [133, 247], [133, 187]]",cabinet door,0.374,"[[0, 163], [256, 163], [256, 256], [0, 256]]",below,2.241,65.0,29.0,"{""above"": null, ""below"": null, ""left"": 21423, ""right"": null, ""top_left"": null, ""top_right"": null, ""bottom_left"": null, ""bottom_right"": null}","{""above"": ""sink"", ""below"": null, ""left"": null, ""right"": null, ""top_left"": null, ""top_right"": null, ""bottom_left"": null, ""bottom_right"": null}","{'sink': 0.1208, 'dish': 0.3972}","{'sink': 270.33, 'dish': 227.63}",[],cabinet door,{'sink': 1},"Container id 9, is a ""cabinet door"" below the countertop. Additionally, it is the closest to the sink."
21426,10,images/kitchen/14_segmented_sun_axlhgujigbdqvdzl.jpg,"[[56, 170], [56, 181], [59, 184], [74, 187], [75, 177], [72, 174], [72, 171]]",drawer,0.406,"[[0, 163], [256, 163], [256, 256], [0, 256]]",below,0.895,17.0,19.0,"{""above"": null, ""below"": null, ""left"": 21429, ""right"": null, ""top_left"": null, ""top_right"": null, ""bottom_left"": null, ""bottom_right"": null}","{""above"": null, ""below"": null, ""left"": null, ""right"": null, ""top_left"": null, ""top_right"": null, ""bottom_left"": null, ""bottom_right"": null}","{'sink': 0.1466, 'dish': 0.2305}","{'sink': 351.37, 'dish': 237.61}",[],drawer,{},"Container id 10, is a ""drawer"" below the countertop."
21427,11,images/kitchen/14_segmented_sun_axlhgujigbdqvdzl.jpg,"[[103, 67], [103, 125], [114, 125], [114, 71]]",cabinet door,0.405,"[[0, 163], [256, 163], [256, 256], [0, 256]]",above,5.273,58.0,11.0,"{""above"": null, ""below"": null, ""left"": 21419, ""right"": null, ""top_left"": null, ""top_right"": null, ""bottom_left"": null, ""bottom_right"": null}","{""above"": null, ""below"": null, ""left"": null, ""right"": null, ""top_left"": null, ""top_right"": null, ""bottom_left"": null, ""bottom_right"": null}","{'sink': 0.2029, 'dish': 0.2417}","{'sink': 81.98, 'dish': 173.27}",[],cabinet door,{},"Container id 11, is a ""cabinet door"" above the countertop."
21428,12,images/kitchen/14_segmented_sun_axlhgujigbdqvdzl.jpg,"[[196, 190], [166, 186], [166, 228], [182, 209], [183, 202], [191, 199]]",cabinet door,0.352,"[[0, 163], [256, 163], [256, 256], [0, 256]]",below,1.4,42.0,30.0,"{""above"": null, ""below"": null, ""left"": null, ""right"": 21430, ""top_left"": null, ""top_right"": null, ""bottom_left"": 21421, ""bottom_right"": null}","{""above"": null, ""below"": null, ""left"": null, ""right"": null, ""top_left"": ""sink"", ""top_right"": null, ""bottom_left"": null, ""bottom_right"": null}","{'sink': 0.1933, 'dish': 0.5119}","{'sink': 207.76, 'dish': 210.87}",[],cabinet door,{},"Container id 12, is a ""cabinet door"" below the countertop."
21429,13,images/kitchen/14_segmented_sun_axlhgujigbdqvdzl.jpg,"[[28, 165], [29, 184], [41, 180], [75, 186], [72, 170]]",drawer,0.328,"[[0, 163], [256, 163], [256, 256], [0, 256]]",below,0.447,21.0,47.0,"{""above"": null, ""below"": null, ""left"": 21422, ""right"": 21426, ""top_left"": null, ""top_right"": null, ""bottom_left"": null, ""bottom_right"": 21423}","{""above"": null, ""below"": null, ""left"": null, ""right"": null, ""top_left"": null, ""top_right"": null, ""bottom_left"": null, ""bottom_right"": null}","{'sink': 0.1937, 'dish': 0.207}","{'sink': 354.07, 'dish': 248.54}",[],drawer,{},"Container id 13, is a ""drawer"" below the countertop."
21430,14,images/kitchen/14_segmented_sun_axlhgujigbdqvdzl.jpg,"[[196, 190], [174, 189], [174, 219], [182, 209], [183, 202], [191, 199]]",cabinet door,0.345,"[[0, 163], [256, 163], [256, 256], [0, 256]]",below,1.364,30.0,22.0,"{""above"": null, ""below"": null, ""left"": 21428, ""right"": null, ""top_left"": null, ""top_right"": null, ""bottom_left"": null, ""bottom_right"": null}","{""above"": null, ""below"": null, ""left"": null, ""right"": null, ""top_left"": null, ""top_right"": null, ""bottom_left"": null, ""bottom_right"": null}","{'sink': 0.1986, 'dish': 0.5169}","{'sink': 206.06, 'dish': 210.18}",[],cabinet door,{},"Container id 14, is a ""cabinet door"" below the countertop."
21455,1,images/kitchen/14_segmented_sun_aucefajtdpoipkjt.jpg,"[[954, 208], [960, 407], [940, 442], [1097, 445], [1098, 214]]",cabinet door,0.492,"[[0, 589], [2157, 589], [2157, 1535], [0, 1535]]",above,1.5,237.0,158.0,"{""above"": null, ""below"": null, ""left"": 21464, ""right"": 21457, ""top_left"": null, ""top_right"": null, ""bottom_left"": null, ""bottom_right"": null}","{""above"": null, ""below"": null, ""left"": null, ""right"": null, ""top_left"": null, ""top_right"": null, ""bottom_left"": null, ""bottom_right"": null}","{'oven': 0.2495, 'refrigerator': 0.3899}","{'oven': 44.7, 'refrigerator': 137.0}",[],cabinet door,{},"Container id 1, is a ""cabinet door"" above the countertop."
21456,2,images/kitchen/14_segmented_sun_aucefajtdpoipkjt.jpg,"[[516, 193], [518, 444], [693, 446], [689, 202]]",cabinet door,0.483,"[[0, 589], [2157, 589], [2157, 1535], [0, 1535]]",above,1.429,253.0,177.0,"{""above"": null, ""below"": null, ""left"": null, ""right"": 21461, ""top_left"": null, ""top_right"": null, ""bottom_left"": null, ""bottom_right"": null}","{""above"": null, ""below"": null, ""left"": null, ""right"": null, ""top_left"": null, ""top_right"": null, ""bottom_left"": null, ""bottom_right"": null}","{'oven': 0.3783, 'refrigerator': 0.3043}","{'oven': 29.07, 'refrigerator': 115.69}",[],cabinet door,{},"Container id 2, is a ""cabinet door"" above the countertop."
21457,3,images/kitchen/14_segmented_sun_aucefajtdpoipkjt.jpg,"[[1108, 211], [1102, 443], [1227, 449], [1229, 216]]",cabinet door,0.495,"[[0, 589], [2157, 589], [2157, 1535], [0, 1535]]",above,1.874,238.0,127.0,"{""above"": null, ""below"": null, ""left"": 21455, ""right"": null, ""top_left"": null, ""top_right"": null, ""bottom_left"": null, ""bottom_right"": null}","{""above"": null, ""below"": null, ""left"": null, ""right"": null, ""top_left"": null, ""top_right"": null, ""bottom_left"": null, ""bottom_right"": null}","{'oven': 0.2158, 'refrigerator': 0.4382}","{'oven': 56.8, 'refrigerator': 141.8}",[],cabinet door,{},"Container id 3, is a ""cabinet door"" above the countertop."
21458,4,images/kitchen/14_segmented_sun_aucefajtdpoipkjt.jpg,"[[1115, 613], [1043, 619], [1042, 852], [1117, 843]]",cabinet door,0.405,"[[0, 589], [2157, 589], [2157, 1535], [0, 1535]]",below,3.187,239.0,75.0,"{""above"": null, ""below"": null, ""left"": 21459, ""right"": null, ""top_left"": null, ""top_right"": null, ""bottom_left"": null, ""bottom_right"": null}","{""above"": null, ""below"": null, ""left"": ""oven"", ""right"": null, ""top_left"": null, ""top_right"": null, ""bottom_left"": null, ""bottom_right"": null}","{'oven': 0.1538, 'refrigerator': 0.3334}","{'oven': 10.77, 'refrigerator': 159.06}",[],cabinet door,{},"Container id 4, is a ""cabinet door"" below the countertop."
21459,5,images/kitchen/14_segmented_sun_aucefajtdpoipkjt.jpg,"[[978, 616], [968, 847], [1028, 853], [1035, 618]]",cabinet door,0.397,"[[0, 589], [2157, 589], [2157, 1535], [0, 1535]]",below,3.537,237.0,67.0,"{""above"": null, ""below"": null, ""left"": null, ""right"": 21458, ""top_left"": null, ""top_right"": null, ""bottom_left"": null, ""bottom_right"": null}","{""above"": null, ""below"": null, ""left"": ""oven"", ""right"": null, ""top_left"": null, ""top_right"": null, ""bottom_left"": null, ""bottom_right"": null}","{'oven': 0.1824, 'refrigerator': 0.3062}","{'oven': 8.86, 'refrigerator': 157.23}",[],cabinet door,{},"Container id 5, is a ""cabinet door"" below the countertop."
21460,6,images/kitchen/14_segmented_sun_aucefajtdpoipkjt.jpg,"[[702, 618], [535, 626], [542, 883], [709, 872]]",drawer,0.41,"[[0, 589], [2157, 589], [2157, 1535], [0, 1535]]",below,1.523,265.0,174.0,"{""above"": 21465, ""below"": null, ""left"": null, ""right"": null, ""top_left"": null, ""top_right"": null, ""bottom_left"": null, ""bottom_right"": 21467}","{""above"": null, ""below"": null, ""left"": null, ""right"": ""oven"", ""top_left"": null, ""top_right"": null, ""bottom_left"": null, ""bottom_right"": null}","{'oven': 0.3246, 'refrigerator': 0.1785}","{'oven': 3.88, 'refrigerator': 140.99}",[],drawer,{'refrigerator': 1},"Container id 6, is a ""drawer"" below the countertop. Additionally, it is the closest to the refrigerator."
21461,7,images/kitchen/14_segmented_sun_aucefajtdpoipkjt.jpg,"[[702, 199], [698, 341], [813, 342], [813, 205]]",cabinet door,0.403,"[[0, 589], [2157, 589], [2157, 1535], [0, 1535]]",above,1.243,143.0,115.0,"{""above"": null, ""below"": null, ""left"": 21456, ""right"": 21464, ""top_left"": null, ""top_right"": null, ""bottom_left"": null, ""bottom_right"": null}","{""above"": null, ""below"": null, ""left"": null, ""right"": null, ""top_left"": null, ""top_right"": null, ""bottom_left"": null, ""bottom_right"": null}","{'oven': 0.3399, 'refrigerator': 0.3488}","{'oven': 36.56, 'refrigerator': 122.9}",[],cabinet door,{},"Container id 7, is a ""cabinet door"" above the countertop."
21462,8,images/kitchen/14_segmented_sun_aucefajtdpoipkjt.jpg,"[[1222, 699], [1214, 879], [1263, 879], [1271, 719]]",cabinet door,0.336,"[[0, 589], [2157, 589], [2157, 1535], [0, 1535]]",below,3.158,180.0,57.0,"{""above"": 21466, ""below"": null, ""left"": 21463, ""right"": null, ""top_left"": null, ""top_right"": null, ""bottom_left"": null, ""bottom_right"": null}","{""above"": null, ""below"": null, ""left"": null, ""right"": null, ""top_left"": null, ""top_right"": null, ""bottom_left"": null, ""bottom_right"": null}","{'oven': 0.0896, 'refrigerator': 0.3851}","{'oven': 3.34, 'refrigerator': 165.62}",[],cabinet door,{'oven': 1},"Container id 8, is a ""cabinet door"" below the countertop. Additionally, it is the closest to the oven."
21463,9,images/kitchen/14_segmented_sun_aucefajtdpoipkjt.jpg,"[[1167, 679], [1156, 872], [1206, 883], [1215, 699]]",cabinet door,0.327,"[[0, 589], [2157, 589], [2157, 1535], [0, 1535]]",below,3.458,204.0,59.0,"{""above"": null, ""below"": null, ""left"": null, ""right"": 21462, ""top_left"": null, ""top_right"": 21466, ""bottom_left"": null, ""bottom_right"": null}","{""above"": null, ""below"": null, ""left"": null, ""right"": null, ""top_left"": null, ""top_right"": null, ""bottom_left"": null, ""bottom_right"": null}","{'oven': 0.1112, 'refrigerator': 0.3656}","{'oven': 4.79, 'refrigerator': 164.18}",[],cabinet door,{},"Container id 9, is a ""cabinet door"" below the countertop."
21464,10,images/kitchen/14_segmented_sun_aucefajtdpoipkjt.jpg,"[[832, 203], [829, 342], [932, 348], [938, 207]]",cabinet door,0.416,"[[0, 589], [2157, 589], [2157, 1535], [0, 1535]]",above,1.33,145.0,109.0,"{""above"": null, ""below"": null, ""left"": 21461, ""right"": 21455, ""top_left"": null, ""top_right"": null, ""bottom_left"": null, ""bottom_right"": null}","{""above"": null, ""below"": null, ""left"": null, ""right"": null, ""top_left"": null, ""top_right"": null, ""bottom_left"": null, ""bottom_right"": null}","{'oven': 0.3021, 'refrigerator': 0.3759}","{'oven': 41.77, 'refrigerator': 129.12}",[],cabinet door,{},"Container id 10, is a ""cabinet door"" above the countertop."
21465,11,images/kitchen/14_segmented_sun_aucefajtdpoipkjt.jpg,"[[545, 683], [551, 724], [706, 712], [702, 678]]",drawer,0.326,"[[0, 589], [2157, 589], [2157, 1535], [0, 1535]]",below,0.286,46.0,161.0,"{""above"": 21468, ""below"": 21460, ""left"": null, ""right"": null, ""top_left"": null, ""top_right"": null, ""bottom_left"": null, ""bottom_right"": null}","{""above"": null, ""below"": null, ""left"": null, ""right"": null, ""top_left"": null, ""top_right"": null, ""bottom_left"": null, ""bottom_right"": null}","{'oven': 0.3249, 'refrigerator': 0.1921}","{'oven': 7.25, 'refrigerator': 136.85}",[],drawer,{},"Container id 11, is a ""drawer"" below the countertop."
21466,12,images/kitchen/14_segmented_sun_aucefajtdpoipkjt.jpg,"[[1163, 628], [1165, 677], [1271, 712], [1264, 683], [1274, 659]]",drawer,0.308,"[[0, 589], [2157, 589], [2157, 1535], [0, 1535]]",below,0.757,84.0,111.0,"{""above"": null, ""below"": 21463, ""left"": null, ""right"": null, ""top_left"": null, ""top_right"": null, ""bottom_left"": null, ""bottom_right"": null}","{""above"": null, ""below"": null, ""left"": null, ""right"": null, ""top_left"": null, ""top_right"": null, ""bottom_left"": null, ""bottom_right"": null}","{'oven': 0.1081, 'refrigerator': 0.3938}","{'oven': 28.37, 'refrigerator': 158.9}",[],drawer,{'oven': 2},"Container id 12, is a ""drawer"" below the countertop. Additionally, it is the 2nd closest to the oven."
21467,13,images/kitchen/14_segmented_sun_aucefajtdpoipkjt.jpg,"[[705, 729], [547, 731], [547, 777], [702, 771]]",drawer,0.318,"[[0, 589], [2157, 589], [2157, 1535], [0, 1535]]",below,0.304,48.0,158.0,"{""above"": 21465, ""below"": null, ""left"": null, ""right"": null, ""top_left"": null, ""top_right"": null, ""bottom_left"": null, ""bottom_right"": null}","{""above"": null, ""below"": null, ""left"": null, ""right"": null, ""top_left"": null, ""top_right"": null, ""bottom_left"": null, ""bottom_right"": null}","{'oven': 0.3233, 'refrigerator': 0.1789}","{'oven': 3.74, 'refrigerator': 141.45}",[],drawer,{'refrigerator': 2},"Container id 13, is a ""drawer"" below the countertop. Additionally, it is the 2nd closest to the refrigerator."
21468,14,images/kitchen/14_segmented_sun_aucefajtdpoipkjt.jpg,"[[704, 630], [695, 619], [545, 627], [543, 662], [702, 666]]",drawer,0.345,"[[0, 589], [2157, 589], [2157, 1535], [0, 1535]]",below,0.292,47.0,161.0,"{""above"": null, ""below"": 21465, ""left"": null, ""right"": null, ""top_left"": null, ""top_right"": null, ""bottom_left"": null, ""bottom_right"": null}","{""above"": null, ""below"": null, ""left"": null, ""right"": null, ""top_left"": null, ""top_right"": null, ""bottom_left"": null, ""bottom_right"": null}","{'oven': 0.3241, 'refrigerator': 0.2109}","{'oven': 11.23, 'refrigerator': 133.3}",[],drawer,{},"Container id 14, is a ""drawer"" below the countertop."
21516,1,images/kitchen/6_segmented_sun_atdfrsodpyskmywe.jpg,"[[723, 402], [546, 411], [543, 526], [722, 494]]",drawer,0.414,"[[0, 381], [1024, 381], [1024, 683], [0, 683]]",below,0.689,124.0,180.0,"{""above"": 21519, ""below"": null, ""left"": null, ""right"": null, ""top_left"": null, ""top_right"": null, ""bottom_left"": null, ""bottom_right"": null}","{""above"": null, ""below"": null, ""left"": null, ""right"": null, ""top_left"": ""sink"", ""top_right"": null, ""bottom_left"": null, ""bottom_right"": null}",{'sink': 0.1048},{'sink': 218.47},[],drawer,{'sink': 2},"Container id 1, is a ""drawer"" below the countertop. Additionally, it is the 2nd closest to the sink."
21517,2,images/kitchen/6_segmented_sun_atdfrsodpyskmywe.jpg,"[[267, 228], [264, 365], [296, 371], [298, 233]]",cabinet door,0.382,"[[0, 381], [1024, 381], [1024, 683], [0, 683]]",above,4.206,143.0,34.0,"{""above"": null, ""below"": null, ""left"": 21518, ""right"": null, ""top_left"": null, ""top_right"": null, ""bottom_left"": null, ""bottom_right"": null}","{""above"": null, ""below"": null, ""left"": null, ""right"": null, ""top_left"": null, ""top_right"": null, ""bottom_left"": null, ""bottom_right"": null}",{'sink': 0.2139},{'sink': 17.4},[],cabinet door,{},"Container id 2, is a ""cabinet door"" above the countertop."
21518,3,images/kitchen/6_segmented_sun_atdfrsodpyskmywe.jpg,"[[220, 222], [216, 367], [250, 371], [252, 226]]",cabinet door,0.395,"[[0, 381], [1024, 381], [1024, 683], [0, 683]]",above,4.139,149.0,36.0,"{""above"": null, ""below"": null, ""left"": null, ""right"": 21517, ""top_left"": null, ""top_right"": null, ""bottom_left"": null, ""bottom_right"": null}","{""above"": null, ""below"": null, ""left"": null, ""right"": null, ""top_left"": null, ""top_right"": null, ""bottom_left"": null, ""bottom_right"": null}",{'sink': 0.251},{'sink': 15.3},[],cabinet door,{},"Container id 3, is a ""cabinet door"" above the countertop."
21519,4,images/kitchen/6_segmented_sun_atdfrsodpyskmywe.jpg,"[[725, 405], [545, 411], [543, 443], [725, 427]]",drawer,0.336,"[[0, 381], [1024, 381], [1024, 683], [0, 683]]",below,0.209,38.0,182.0,"{""above"": null, ""below"": 21516, ""left"": null, ""right"": null, ""top_left"": null, ""top_right"": null, ""bottom_left"": null, ""bottom_right"": null}","{""above"": null, ""below"": null, ""left"": null, ""right"": null, ""top_left"": ""sink"", ""top_right"": null, ""bottom_left"": null, ""bottom_right"": null}",{'sink': 0.0901},{'sink': 203.1},[],drawer,{'sink': 1},"Container id 4, is a ""drawer"" below the countertop. Additionally, it is the closest to the sink."
21520,5,images/kitchen/6_segmented_sun_atdfrsodpyskmywe.jpg,"[[338, 271], [338, 276], [339, 275], [339, 273], [338, 272]]",cabinet door,0.307,"[[0, 381], [1024, 381], [1024, 683], [0, 683]]",above,5.0,5.0,1.0,"{""above"": null, ""below"": null, ""left"": null, ""right"": null, ""top_left"": null, ""top_right"": null, ""bottom_left"": null, ""bottom_right"": null}","{""above"": null, ""below"": null, ""left"": null, ""right"": null, ""top_left"": null, ""top_right"": null, ""bottom_left"": null, ""bottom_right"": null}",{'sink': 0.1791},{'sink': 28.32},[],cabinet door,{},"Container id 5, is a ""cabinet door"" above the countertop."
21521,6,images/kitchen/6_segmented_sun_atdfrsodpyskmywe.jpg,"[[344, 231], [337, 338], [394, 340], [394, 233]]",drawer,0.32,"[[0, 381], [1024, 381], [1024, 683], [0, 683]]",above,1.912,109.0,57.0,"{""above"": null, ""below"": null, ""left"": 21520, ""right"": null, ""top_left"": null, ""top_right"": null, ""bottom_left"": null, ""bottom_right"": null}","{""above"": null, ""below"": null, ""left"": null, ""right"": null, ""top_left"": null, ""top_right"": null, ""bottom_left"": null, ""bottom_right"": null}",{'sink': 0.1539},{'sink': 29.24},[],drawer,{},"Container id 6, is a ""drawer"" above the countertop."
22116,1,images/kitchen/15_segmented_sun_avtqdvhwdfzykzby.jpg,"[[828, 734], [829, 895], [950, 915], [950, 745]]",cabinet door,0.492,"[[0, 608], [1420, 608], [1420, 960], [0, 960]]",below,1.484,181.0,122.0,"{""above"": null, ""below"": null, ""left"": null, ""right"": 22117, ""top_left"": null, ""top_right"": null, ""bottom_left"": null, ""bottom_right"": null}","{""above"": null, ""below"": null, ""left"": ""dishwasher"", ""right"": null, ""top_left"": null, ""top_right"": ""sink"", ""bottom_left"": null, ""bottom_right"": null}","{'oven': 0.276, 'coffee machine': 0.1595, 'dishwasher': 0.0877, 'sink': 0.1254, 'microwave': 0.3607}","{'oven': 206.75, 'coffee machine': 236.34, 'dishwasher': 197.11, 'sink': 295.1, 'microwave': 217.31}",[],cabinet door,{'sink': 2},"Container id 1, is a ""cabinet door"" below the countertop. Additionally, it is the 2nd closest to the sink."
22117,2,images/kitchen/15_segmented_sun_avtqdvhwdfzykzby.jpg,"[[954, 744], [954, 915], [1092, 937], [1092, 756]]",cabinet door,0.485,"[[0, 608], [1420, 608], [1420, 960], [0, 960]]",below,1.399,193.0,138.0,"{""above"": null, ""below"": null, ""left"": 22116, ""right"": null, ""top_left"": null, ""top_right"": null, ""bottom_left"": null, ""bottom_right"": null}","{""above"": ""sink"", ""below"": null, ""left"": null, ""right"": ""dishwasher"", ""top_left"": null, ""top_right"": null, ""bottom_left"": null, ""bottom_right"": null}","{'oven': 0.3509, 'coffee machine': 0.2187, 'dishwasher': 0.1656, 'sink': 0.1253, 'microwave': 0.4302}","{'oven': 202.35, 'coffee machine': 220.46, 'dishwasher': 192.2, 'sink': 258.57, 'microwave': 211.98}",[],cabinet door,{'sink': 1},"Container id 2, is a ""cabinet door"" below the countertop. Additionally, it is the closest to the sink."
22118,3,images/kitchen/15_segmented_sun_avtqdvhwdfzykzby.jpg,"[[706, 269], [606, 286], [612, 523], [728, 521], [739, 285]]",cabinet door,0.446,"[[0, 608], [1420, 608], [1420, 960], [0, 960]]",above,1.91,254.0,133.0,"{""above"": null, ""below"": null, ""left"": null, ""right"": null, ""top_left"": null, ""top_right"": null, ""bottom_left"": 22125, ""bottom_right"": null}","{""above"": null, ""below"": ""coffee machine"", ""left"": null, ""right"": null, ""top_left"": null, ""top_right"": null, ""bottom_left"": ""oven"", ""bottom_right"": null}","{'oven': 0.1833, 'coffee machine': 0.1318, 'dishwasher': 0.2373, 'sink': 0.2291, 'microwave': 0.1689}","{'oven': 132.29, 'coffee machine': 74.72, 'dishwasher': 80.48, 'sink': 39.68, 'microwave': 165.86}",[],cabinet door,{},"Container id 3, is a ""cabinet door"" above the countertop."
22119,4,images/kitchen/15_segmented_sun_avtqdvhwdfzykzby.jpg,"[[1213, 704], [1211, 956], [1295, 958], [1294, 711]]",cabinet door,0.442,"[[0, 608], [1420, 608], [1420, 960], [0, 960]]",below,3.024,254.0,84.0,"{""above"": null, ""below"": null, ""left"": null, ""right"": 22127, ""top_left"": null, ""top_right"": 22126, ""bottom_left"": null, ""bottom_right"": null}","{""above"": null, ""below"": null, ""left"": ""dishwasher"", ""right"": null, ""top_left"": null, ""top_right"": null, ""bottom_left"": null, ""bottom_right"": null}","{'oven': 0.4769, 'coffee machine': 0.3312, 'dishwasher': 0.2979, 'sink': 0.199, 'microwave': 0.5474}","{'oven': 195.83, 'coffee machine': 204.74, 'dishwasher': 186.1, 'sink': 216.88, 'microwave': 204.21}",[],cabinet door,{},"Container id 4, is a ""cabinet door"" below the countertop."
22120,5,images/kitchen/15_segmented_sun_avtqdvhwdfzykzby.jpg,"[[571, 668], [571, 705], [659, 712], [658, 671]]",drawer,0.455,"[[0, 608], [1420, 608], [1420, 960], [0, 960]]",below,0.5,44.0,88.0,"{""above"": null, ""below"": 22129, ""left"": null, ""right"": null, ""top_left"": null, ""top_right"": null, ""bottom_left"": null, ""bottom_right"": null}","{""above"": null, ""below"": null, ""left"": null, ""right"": null, ""top_left"": null, ""top_right"": null, ""bottom_left"": null, ""bottom_right"": null}","{'oven': 0.0981, 'coffee machine': 0.0904, 'dishwasher': 0.0923, 'sink': 0.2163, 'microwave': 0.1895}","{'oven': 208.32, 'coffee machine': 322.52, 'dishwasher': 34.24, 'sink': 350.46, 'microwave': 228.03}",[],drawer,"{'oven': 2, 'coffee machine': 1}","Container id 5, is a ""drawer"" below the countertop. Additionally, it is the 2nd closest to the oven, and the closest to the coffee machine."
22121,6,images/kitchen/15_segmented_sun_avtqdvhwdfzykzby.jpg,"[[541, 289], [458, 302], [463, 400], [545, 391]]",cabinet door,0.449,"[[0, 608], [1420, 608], [1420, 960], [0, 960]]",above,1.276,111.0,87.0,"{""above"": null, ""below"": null, ""left"": 22124, ""right"": null, ""top_left"": null, ""top_right"": null, ""bottom_left"": null, ""bottom_right"": null}","{""above"": null, ""below"": null, ""left"": null, ""right"": null, ""top_left"": null, ""top_right"": null, ""bottom_left"": null, ""bottom_right"": null}","{'oven': 0.1552, 'coffee machine': 0.2002, 'dishwasher': 0.2896, 'sink': 0.3241, 'microwave': 0.0851}","{'oven': 97.56, 'coffee machine': 46.56, 'dishwasher': 60.6, 'sink': 30.51, 'microwave': 135.63}",[],cabinet door,{'microwave': 2},"Container id 6, is a ""cabinet door"" above the countertop. Additionally, it is the 2nd closest to the microwave."
22122,7,images/kitchen/15_segmented_sun_avtqdvhwdfzykzby.jpg,"[[569, 752], [571, 789], [659, 799], [657, 759]]",drawer,0.425,"[[0, 608], [1420, 608], [1420, 960], [0, 960]]",below,0.522,47.0,90.0,"{""above"": 22130, ""below"": 22128, ""left"": null, ""right"": null, ""top_left"": null, ""top_right"": null, ""bottom_left"": null, ""bottom_right"": null}","{""above"": null, ""below"": null, ""left"": null, ""right"": ""dishwasher"", ""top_left"": null, ""top_right"": null, ""bottom_left"": null, ""bottom_right"": null}","{'oven': 0.1292, 'coffee machine': 0.1274, 'dishwasher': 0.0767, 'sink': 0.2304, 'microwave': 0.2289}","{'oven': 228.34, 'coffee machine': 304.5, 'dishwasher': 1.42, 'sink': 338.12, 'microwave': 236.51}",[],drawer,{'dishwasher': 1},"Container id 7, is a ""drawer"" below the countertop. Additionally, it is the closest to the dishwasher."
22123,8,images/kitchen/15_segmented_sun_avtqdvhwdfzykzby.jpg,"[[432, 707], [442, 743], [547, 752], [545, 715]]",drawer,0.358,"[[0, 608], [1420, 608], [1420, 960], [0, 960]]",below,0.391,45.0,115.0,"{""above"": null, ""below"": null, ""left"": null, ""right"": null, ""top_left"": null, ""top_right"": null, ""bottom_left"": null, ""bottom_right"": 22130}","{""above"": ""oven"", ""below"": null, ""left"": null, ""right"": null, ""top_left"": null, ""top_right"": null, ""bottom_left"": null, ""bottom_right"": null}","{'oven': 0.0715, 'coffee machine': 0.1637, 'dishwasher': 0.1509, 'sink': 0.2914, 'microwave': 0.1733}","{'oven': 258.35, 'coffee machine': 331.35, 'dishwasher': 10.86, 'sink': 348.25, 'microwave': 251.55}",[],drawer,{'oven': 1},"Container id 8, is a ""drawer"" below the countertop. Additionally, it is the closest to the oven."
22124,9,images/kitchen/15_segmented_sun_avtqdvhwdfzykzby.jpg,"[[452, 302], [379, 351], [380, 373], [430, 363], [421, 405], [458, 401]]",cabinet door,0.403,"[[0, 608], [1420, 608], [1420, 960], [0, 960]]",above,1.304,103.0,79.0,"{""above"": null, ""below"": null, ""left"": null, ""right"": 22121, ""top_left"": null, ""top_right"": null, ""bottom_left"": null, ""bottom_right"": null}","{""above"": null, ""below"": null, ""left"": null, ""right"": null, ""top_left"": null, ""top_right"": null, ""bottom_left"": null, ""bottom_right"": null}","{'oven': 0.1446, 'coffee machine': 0.2284, 'dishwasher': 0.3064, 'sink': 0.3609, 'microwave': 0.0494}","{'oven': 79.13, 'coffee machine': 35.77, 'dishwasher': 51.7, 'sink': 25.03, 'microwave': 105.4}",[],cabinet door,{'microwave': 1},"Container id 9, is a ""cabinet door"" above the countertop. Additionally, it is the closest to the microwave."
22125,10,images/kitchen/15_segmented_sun_avtqdvhwdfzykzby.jpg,"[[687, 295], [604, 308], [612, 521], [690, 519]]",cabinet door,0.317,"[[0, 608], [1420, 608], [1420, 960], [0, 960]]",above,2.628,226.0,86.0,"{""above"": null, ""below"": null, ""left"": null, ""right"": null, ""top_left"": null, ""top_right"": 22118, ""bottom_left"": null, ""bottom_right"": null}","{""above"": null, ""below"": null, ""left"": null, ""right"": null, ""top_left"": null, ""top_right"": null, ""bottom_left"": ""oven"", ""bottom_right"": ""coffee machine""}","{'oven': 0.1569, 'coffee machine': 0.1193, 'dishwasher': 0.2216, 'sink': 0.2314, 'microwave': 0.1479}","{'oven': 132.44, 'coffee machine': 64.07, 'dishwasher': 75.17, 'sink': 33.13, 'microwave': 171.66}",[],cabinet door,{},"Container id 10, is a ""cabinet door"" above the countertop."
22126,11,images/kitchen/15_segmented_sun_avtqdvhwdfzykzby.jpg,"[[1301, 712], [1305, 768], [1419, 797], [1419, 733]]",drawer,0.345,"[[0, 608], [1420, 608], [1420, 960], [0, 960]]",below,0.72,85.0,118.0,"{""above"": null, ""below"": 22127, ""left"": null, ""right"": null, ""top_left"": null, ""top_right"": null, ""bottom_left"": 22119, ""bottom_right"": null}","{""above"": null, ""below"": null, ""left"": null, ""right"": null, ""top_left"": null, ""top_right"": null, ""bottom_left"": null, ""bottom_right"": null}","{'oven': 0.5284, 'coffee machine': 0.3751, 'dishwasher': 0.3594, 'sink': 0.2337, 'microwave': 0.5896}","{'oven': 189.1, 'coffee machine': 194.21, 'dishwasher': 177.63, 'sink': 198.18, 'microwave': 197.57}",[],drawer,{},"Container id 11, is a ""drawer"" below the countertop."
22127,12,images/kitchen/15_segmented_sun_avtqdvhwdfzykzby.jpg,"[[1305, 772], [1305, 868], [1419, 914], [1419, 801]]",drawer,0.3,"[[0, 608], [1420, 608], [1420, 960], [0, 960]]",below,1.246,142.0,114.0,"{""above"": 22126, ""below"": null, ""left"": 22119, ""right"": null, ""top_left"": null, ""top_right"": null, ""bottom_left"": null, ""bottom_right"": null}","{""above"": null, ""below"": null, ""left"": null, ""right"": null, ""top_left"": null, ""top_right"": null, ""bottom_left"": null, ""bottom_right"": null}","{'oven': 0.5392, 'coffee machine': 0.3911, 'dishwasher': 0.3614, 'sink': 0.2544, 'microwave': 0.6072}","{'oven': 194.38, 'coffee machine': 201.35, 'dishwasher': 185.63, 'sink': 208.96, 'microwave': 202.08}",[],drawer,{},"Container id 12, is a ""drawer"" below the countertop."
22128,13,images/kitchen/15_segmented_sun_avtqdvhwdfzykzby.jpg,"[[570, 793], [572, 845], [660, 862], [657, 803]]",drawer,0.361,"[[0, 608], [1420, 608], [1420, 960], [0, 960]]",below,0.767,69.0,90.0,"{""above"": 22122, ""below"": null, ""left"": null, ""right"": null, ""top_left"": null, ""top_right"": null, ""bottom_left"": null, ""bottom_right"": null}","{""above"": null, ""below"": null, ""left"": null, ""right"": null, ""top_left"": null, ""top_right"": ""dishwasher"", ""bottom_left"": null, ""bottom_right"": null}","{'oven': 0.153, 'coffee machine': 0.1527, 'dishwasher': 0.0812, 'sink': 0.2427, 'microwave': 0.2545}","{'oven': 235.64, 'coffee machine': 298.02, 'dishwasher': 339.94, 'sink': 331.54, 'microwave': 240.13}",[],drawer,{},"Container id 13, is a ""drawer"" below the countertop."
22129,14,images/kitchen/15_segmented_sun_avtqdvhwdfzykzby.jpg,"[[570, 709], [571, 747], [659, 755], [658, 716]]",drawer,0.457,"[[0, 608], [1420, 608], [1420, 960], [0, 960]]",below,0.517,46.0,89.0,"{""above"": 22120, ""below"": 22130, ""left"": null, ""right"": null, ""top_left"": null, ""top_right"": null, ""bottom_left"": null, ""bottom_right"": null}","{""above"": null, ""below"": null, ""left"": null, ""right"": null, ""top_left"": null, ""top_right"": null, ""bottom_left"": null, ""bottom_right"": null}","{'oven': 0.112, 'coffee machine': 0.1075, 'dishwasher': 0.0811, 'sink': 0.222, 'microwave': 0.2086}","{'oven': 219.66, 'coffee machine': 311.96, 'dishwasher': 19.45, 'sink': 344.11, 'microwave': 232.64}",[],drawer,{'coffee machine': 2},"Container id 14, is a ""drawer"" below the countertop. Additionally, it is the 2nd closest to the coffee machine."
22130,15,images/kitchen/15_segmented_sun_avtqdvhwdfzykzby.jpg,"[[572, 666], [569, 839], [659, 862], [659, 673]]",drawer,0.353,"[[0, 608], [1420, 608], [1420, 960], [0, 960]]",below,2.178,196.0,90.0,"{""above"": 22129, ""below"": 22122, ""left"": 22123, ""right"": null, ""top_left"": null, ""top_right"": null, ""bottom_left"": null, ""bottom_right"": null}","{""above"": null, ""below"": null, ""left"": null, ""right"": ""dishwasher"", ""top_left"": ""oven"", ""top_right"": ""coffee machine"", ""bottom_left"": null, ""bottom_right"": null}","{'oven': 0.1232, 'coffee machine': 0.1202, 'dishwasher': 0.077, 'sink': 0.2269, 'microwave': 0.222}","{'oven': 225.53, 'coffee machine': 306.65, 'dishwasher': 7.84, 'sink': 340.09, 'microwave': 235.19}",[],drawer,{'dishwasher': 2},"Container id 15, is a ""drawer"" below the countertop. Additionally, it is the 2nd closest to the dishwasher."
22248,1,images/kitchen/21_segmented_sun_abvefvntluoxopow.jpg,"[[92, 149], [61, 158], [63, 199], [89, 190]]",cabinet door,0.449,"[[0, 104], [300, 104], [300, 200], [0, 200]]",below,1.613,50.0,31.0,"{""above"": 22261, ""below"": null, ""left"": 22254, ""right"": 22253, ""top_left"": null, ""top_right"": null, ""bottom_left"": null, ""bottom_right"": null}","{""above"": null, ""below"": null, ""left"": null, ""right"": null, ""top_left"": null, ""top_right"": null, ""bottom_left"": null, ""bottom_right"": null}","{'microwave': 0.49, 'oven': 0.1708, 'sink': 0.1522, 'stove': 0.2068, 'microwave toaster': 0.4152, 'coffee machine': 0.1863, 'toaster': 0.1526}","{'microwave': 339.18, 'oven': 334.83, 'sink': 271.68, 'stove': 308.46, 'microwave toaster': 331.11, 'coffee machine': 261.98, 'toaster': 268.7}",[],cabinet door,{},"Container id 1, is a ""cabinet door"" below the countertop."
22249,2,images/kitchen/21_segmented_sun_abvefvntluoxopow.jpg,"[[120, 30], [119, 54], [135, 55], [135, 33]]",cabinet door,0.481,"[[0, 104], [300, 104], [300, 200], [0, 200]]",above,1.562,25.0,16.0,"{""above"": null, ""below"": null, ""left"": 22250, ""right"": 22267, ""top_left"": null, ""top_right"": null, ""bottom_left"": null, ""bottom_right"": null}","{""above"": null, ""below"": null, ""left"": null, ""right"": null, ""top_left"": null, ""top_right"": null, ""bottom_left"": null, ""bottom_right"": null}","{'microwave': 0.3688, 'oven': 0.291, 'sink': 0.2517, 'stove': 0.2018, 'microwave toaster': 0.2753, 'coffee machine': 0.245, 'toaster': 0.2558}","{'microwave': 30.86, 'oven': 87.4, 'sink': 122.97, 'stove': 93.64, 'microwave toaster': 36.23, 'coffee machine': 133.11, 'toaster': 124.51}",[],cabinet door,{},"Container id 2, is a ""cabinet door"" above the countertop."
22250,3,images/kitchen/21_segmented_sun_abvefvntluoxopow.jpg,"[[101, 25], [100, 53], [117, 54], [117, 29]]",cabinet door,0.483,"[[0, 104], [300, 104], [300, 200], [0, 200]]",above,1.706,29.0,17.0,"{""above"": null, ""below"": null, ""left"": 22256, ""right"": 22249, ""top_left"": null, ""top_right"": null, ""bottom_left"": null, ""bottom_right"": null}","{""above"": null, ""below"": null, ""left"": null, ""right"": null, ""top_left"": null, ""top_right"": null, ""bottom_left"": null, ""bottom_right"": null}","{'microwave': 0.4172, 'oven': 0.3052, 'sink': 0.235, 'stove': 0.2126, 'microwave toaster': 0.3221, 'coffee machine': 0.2197, 'toaster': 0.2376}","{'microwave': 28.14, 'oven': 77.8, 'sink': 111.38, 'stove': 79.57, 'microwave toaster': 31.92, 'coffee machine': 121.91, 'toaster': 113.2}",[],cabinet door,{},"Container id 3, is a ""cabinet door"" above the countertop."
22251,4,images/kitchen/21_segmented_sun_abvefvntluoxopow.jpg,"[[192, 128], [191, 157], [207, 161], [209, 130]]",cabinet door,0.441,"[[0, 104], [300, 104], [300, 200], [0, 200]]",below,1.833,33.0,18.0,"{""above"": 22259, ""below"": null, ""left"": 22257, ""right"": null, ""top_left"": null, ""top_right"": null, ""bottom_left"": null, ""bottom_right"": null}","{""above"": null, ""below"": null, ""left"": null, ""right"": null, ""top_left"": null, ""top_right"": null, ""bottom_left"": null, ""bottom_right"": null}","{'microwave': 0.147, 'oven': 0.1882, 'sink': 0.345, 'stove': 0.2279, 'microwave toaster': 0.1193, 'coffee machine': 0.3822, 'toaster': 0.3529}","{'microwave': 321.78, 'oven': 176.79, 'sink': 191.53, 'stove': 200.2, 'microwave toaster': 280.16, 'coffee machine': 195.36, 'toaster': 191.33}",[],cabinet door,{},"Container id 4, is a ""cabinet door"" below the countertop."
22252,5,images/kitchen/21_segmented_sun_abvefvntluoxopow.jpg,"[[0, 5], [0, 37], [32, 39], [31, 12]]",cabinet door,0.456,"[[0, 104], [300, 104], [300, 200], [0, 200]]",above,1.062,34.0,32.0,"{""above"": null, ""below"": null, ""left"": null, ""right"": 22255, ""top_left"": null, ""top_right"": null, ""bottom_left"": null, ""bottom_right"": null}","{""above"": null, ""below"": null, ""left"": null, ""right"": null, ""top_left"": null, ""top_right"": null, ""bottom_left"": null, ""bottom_right"": null}","{'microwave': 0.6717, 'oven': 0.4725, 'sink': 0.3169, 'stove': 0.3918, 'microwave toaster': 0.5741, 'coffee machine': 0.2733, 'toaster': 0.3123}","{'microwave': 21.29, 'oven': 46.97, 'sink': 57.07, 'stove': 40.84, 'microwave toaster': 22.26, 'coffee machine': 58.75, 'toaster': 58.25}",[],cabinet door,{},"Container id 5, is a ""cabinet door"" above the countertop."
22253,6,images/kitchen/21_segmented_sun_abvefvntluoxopow.jpg,"[[115, 141], [95, 148], [96, 187], [116, 178]]",cabinet door,0.443,"[[0, 104], [300, 104], [300, 200], [0, 200]]",below,2.19,46.0,21.0,"{""above"": 22263, ""below"": null, ""left"": 22248, ""right"": null, ""top_left"": 22261, ""top_right"": null, ""bottom_left"": null, ""bottom_right"": null}","{""above"": null, ""below"": null, ""left"": null, ""right"": ""oven"", ""top_left"": null, ""top_right"": ""stove"", ""bottom_left"": null, ""bottom_right"": null}","{'microwave': 0.4039, 'oven': 0.0854, 'sink': 0.145, 'stove': 0.141, 'microwave toaster': 0.3304, 'coffee machine': 0.1887, 'toaster': 0.1496}","{'microwave': 338.95, 'oven': 329.36, 'sink': 238.07, 'stove': 289.68, 'microwave toaster': 328.73, 'coffee machine': 235.4, 'toaster': 235.57}",[],cabinet door,{'oven': 2},"Container id 6, is a ""cabinet door"" below the countertop. Additionally, it is the 2nd closest to the oven."
22254,7,images/kitchen/21_segmented_sun_abvefvntluoxopow.jpg,"[[58, 159], [16, 171], [18, 198], [59, 199]]",cabinet door,0.421,"[[0, 104], [300, 104], [300, 200], [0, 200]]",below,0.93,40.0,43.0,"{""above"": 22266, ""below"": null, ""left"": null, ""right"": 22248, ""top_left"": null, ""top_right"": null, ""bottom_left"": null, ""bottom_right"": null}","{""above"": null, ""below"": null, ""left"": null, ""right"": null, ""top_left"": null, ""top_right"": null, ""bottom_left"": null, ""bottom_right"": null}","{'microwave': 0.5978, 'oven': 0.2778, 'sink': 0.2062, 'stove': 0.2984, 'microwave toaster': 0.5201, 'coffee machine': 0.2212, 'toaster': 0.2024}","{'microwave': 340.89, 'oven': 340.19, 'sink': 302.64, 'stove': 322.08, 'microwave toaster': 334.72, 'coffee machine': 291.42, 'toaster': 300.69}",[],cabinet door,{},"Container id 7, is a ""cabinet door"" below the countertop."
22255,8,images/kitchen/21_segmented_sun_abvefvntluoxopow.jpg,"[[39, 14], [41, 41], [73, 43], [73, 20]]",cabinet door,0.444,"[[0, 104], [300, 104], [300, 200], [0, 200]]",above,0.853,29.0,34.0,"{""above"": null, ""below"": null, ""left"": 22252, ""right"": null, ""top_left"": null, ""top_right"": null, ""bottom_left"": null, ""bottom_right"": 22256}","{""above"": null, ""below"": null, ""left"": null, ""right"": null, ""top_left"": null, ""top_right"": null, ""bottom_left"": null, ""bottom_right"": null}","{'microwave': 0.5607, 'oven': 0.3892, 'sink': 0.2556, 'stove': 0.3012, 'microwave toaster': 0.4638, 'coffee machine': 0.2182, 'toaster': 0.2535}","{'microwave': 23.84, 'oven': 57.45, 'sink': 76.6, 'stove': 52.48, 'microwave toaster': 25.57, 'coffee machine': 82.42, 'toaster': 78.32}",[],cabinet door,{},"Container id 8, is a ""cabinet door"" above the countertop."
22256,9,images/kitchen/21_segmented_sun_abvefvntluoxopow.jpg,"[[76, 20], [75, 77], [95, 77], [97, 25]]",cabinet door,0.352,"[[0, 104], [300, 104], [300, 200], [0, 200]]",above,2.591,57.0,22.0,"{""above"": null, ""below"": null, ""left"": null, ""right"": 22250, ""top_left"": 22255, ""top_right"": null, ""bottom_left"": null, ""bottom_right"": null}","{""above"": null, ""below"": null, ""left"": null, ""right"": null, ""top_left"": null, ""top_right"": null, ""bottom_left"": ""coffee machine"", ""bottom_right"": null}","{'microwave': 0.4641, 'oven': 0.3007, 'sink': 0.1937, 'stove': 0.2094, 'microwave toaster': 0.3667, 'coffee machine': 0.1685, 'toaster': 0.1944}","{'microwave': 21.54, 'oven': 64.75, 'sink': 96.49, 'stove': 60.76, 'microwave toaster': 23.12, 'coffee machine': 108.1, 'toaster': 98.82}",[],cabinet door,{},"Container id 9, is a ""cabinet door"" above the countertop."
22257,10,images/kitchen/21_segmented_sun_abvefvntluoxopow.jpg,"[[174, 124], [174, 153], [188, 157], [190, 127]]",cabinet door,0.437,"[[0, 104], [300, 104], [300, 200], [0, 200]]",below,2.062,33.0,16.0,"{""above"": 22262, ""below"": null, ""left"": null, ""right"": 22251, ""top_left"": null, ""top_right"": 22259, ""bottom_left"": null, ""bottom_right"": null}","{""above"": null, ""below"": null, ""left"": null, ""right"": null, ""top_left"": null, ""top_right"": null, ""bottom_left"": null, ""bottom_right"": null}","{'microwave': 0.1846, 'oven': 0.1389, 'sink': 0.2934, 'stove': 0.177, 'microwave toaster': 0.1288, 'coffee machine': 0.3306, 'toaster': 0.3012}","{'microwave': 334.13, 'oven': 171.33, 'sink': 191.51, 'stove': 202.7, 'microwave toaster': 303.8, 'coffee machine': 195.95, 'toaster': 191.28}",[],cabinet door,{},"Container id 10, is a ""cabinet door"" below the countertop."
22258,11,images/kitchen/21_segmented_sun_abvefvntluoxopow.jpg,"[[216, 120], [216, 129], [247, 133], [247, 125]]",drawer,0.366,"[[0, 104], [300, 104], [300, 200], [0, 200]]",below,0.419,13.0,31.0,"{""above"": null, ""below"": null, ""left"": null, ""right"": null, ""top_left"": null, ""top_right"": null, ""bottom_left"": null, ""bottom_right"": null}","{""above"": ""microwave"", ""below"": null, ""left"": null, ""right"": null, ""top_left"": ""microwave toaster"", ""top_right"": null, ""bottom_left"": null, ""bottom_right"": null}","{'microwave': 0.0511, 'oven': 0.2821, 'sink': 0.4267, 'stove': 0.3035, 'microwave toaster': 0.0966, 'coffee machine': 0.4597, 'toaster': 0.4346}","{'microwave': 302.48, 'oven': 168.05, 'sink': 182.83, 'stove': 185.83, 'microwave toaster': 226.07, 'coffee machine': 186.67, 'toaster': 182.84}",[],drawer,{'microwave': 1},"Container id 11, is a ""drawer"" below the countertop. Additionally, it is the closest to the microwave."
22259,12,images/kitchen/21_segmented_sun_abvefvntluoxopow.jpg,"[[192, 115], [192, 123], [204, 124], [209, 126], [210, 125], [209, 118], [204, 116]]",drawer,0.373,"[[0, 104], [300, 104], [300, 200], [0, 200]]",below,0.611,11.0,18.0,"{""above"": null, ""below"": 22251, ""left"": 22262, ""right"": null, ""top_left"": null, ""top_right"": null, ""bottom_left"": 22257, ""bottom_right"": null}","{""above"": null, ""below"": null, ""left"": null, ""right"": null, ""top_left"": null, ""top_right"": null, ""bottom_left"": null, ""bottom_right"": null}","{'microwave': 0.1103, 'oven': 0.2101, 'sink': 0.3467, 'stove': 0.223, 'microwave toaster': 0.055, 'coffee machine': 0.379, 'toaster': 0.3547}","{'microwave': 345.73, 'oven': 159.28, 'sink': 180.85, 'stove': 183.83, 'microwave toaster': 283.04, 'coffee machine': 185.67, 'toaster': 180.9}",[],drawer,"{'microwave': 2, 'microwave toaster': 1}","Container id 12, is a ""drawer"" below the countertop. Additionally, it is the 2nd closest to the microwave, and the closest to the microwave toaster."
22260,13,images/kitchen/21_segmented_sun_abvefvntluoxopow.jpg,"[[167, 124], [154, 128], [155, 159], [167, 153]]",cabinet door,0.385,"[[0, 104], [300, 104], [300, 200], [0, 200]]",below,2.692,35.0,13.0,"{""above"": 22268, ""below"": null, ""left"": null, ""right"": null, ""top_left"": null, ""top_right"": null, ""bottom_left"": null, ""bottom_right"": null}","{""above"": null, ""below"": null, ""left"": ""oven"", ""right"": null, ""top_left"": ""stove"", ""top_right"": null, ""bottom_left"": null, ""bottom_right"": null}","{'microwave': 0.2385, 'oven': 0.0819, 'sink': 0.2378, 'stove': 0.127, 'microwave toaster': 0.1691, 'coffee machine': 0.2764, 'toaster': 0.2455}","{'microwave': 339.72, 'oven': 166.69, 'sink': 194.77, 'stove': 213.65, 'microwave toaster': 319.82, 'coffee machine': 199.64, 'toaster': 194.39}",[],cabinet door,{'oven': 1},"Container id 13, is a ""cabinet door"" below the countertop. Additionally, it is the closest to the oven."
22261,14,images/kitchen/21_segmented_sun_abvefvntluoxopow.jpg,"[[91, 132], [59, 138], [60, 150], [91, 142]]",drawer,0.386,"[[0, 104], [300, 104], [300, 200], [0, 200]]",below,0.562,18.0,32.0,"{""above"": null, ""below"": 22248, ""left"": 22266, ""right"": 22263, ""top_left"": null, ""top_right"": null, ""bottom_left"": null, ""bottom_right"": 22253}","{""above"": ""coffee machine"", ""below"": null, ""left"": null, ""right"": null, ""top_left"": ""sink"", ""top_right"": null, ""bottom_left"": null, ""bottom_right"": null}","{'microwave': 0.4679, 'oven': 0.1587, 'sink': 0.0597, 'stove': 0.1484, 'microwave toaster': 0.3818, 'coffee machine': 0.0944, 'toaster': 0.0596}","{'microwave': 350.0, 'oven': 7.33, 'sink': 276.96, 'stove': 332.3, 'microwave toaster': 343.62, 'coffee machine': 255.76, 'toaster': 269.33}",[],drawer,"{'sink': 1, 'coffee machine': 1, 'toaster': 1}","Container id 14, is a ""drawer"" below the countertop. Additionally, it is the closest to the sink, the closest to the coffee machine, and the closest to the toaster."
22262,15,images/kitchen/21_segmented_sun_abvefvntluoxopow.jpg,"[[174, 114], [174, 120], [190, 122], [190, 114], [176, 112]]",drawer,0.376,"[[0, 104], [300, 104], [300, 200], [0, 200]]",below,0.625,10.0,16.0,"{""above"": null, ""below"": 22257, ""left"": null, ""right"": 22259, ""top_left"": null, ""top_right"": null, ""bottom_left"": null, ""bottom_right"": null}","{""above"": null, ""below"": null, ""left"": null, ""right"": null, ""top_left"": null, ""top_right"": null, ""bottom_left"": null, ""bottom_right"": null}","{'microwave': 0.1687, 'oven': 0.1609, 'sink': 0.2856, 'stove': 0.1614, 'microwave toaster': 0.0842, 'coffee machine': 0.3169, 'toaster': 0.2935}","{'microwave': 355.1, 'oven': 147.24, 'sink': 178.47, 'stove': 180.76, 'microwave toaster': 330.96, 'coffee machine': 184.47, 'toaster': 178.59}",[],drawer,{'microwave toaster': 2},"Container id 15, is a ""drawer"" below the countertop. Additionally, it is the 2nd closest to the microwave toaster."
22263,16,images/kitchen/21_segmented_sun_abvefvntluoxopow.jpg,"[[115, 126], [94, 130], [95, 141], [115, 136]]",drawer,0.366,"[[0, 104], [300, 104], [300, 200], [0, 200]]",below,0.714,15.0,21.0,"{""above"": null, ""below"": 22253, ""left"": 22261, ""right"": null, ""top_left"": null, ""top_right"": null, ""bottom_left"": null, ""bottom_right"": null}","{""above"": null, ""below"": null, ""left"": null, ""right"": null, ""top_left"": null, ""top_right"": ""stove"", ""bottom_left"": null, ""bottom_right"": ""oven""}","{'microwave': 0.3839, 'oven': 0.0857, 'sink': 0.0842, 'stove': 0.0696, 'microwave toaster': 0.2977, 'coffee machine': 0.127, 'toaster': 0.0915}","{'microwave': 350.83, 'oven': 28.1, 'sink': 207.68, 'stove': 315.4, 'microwave toaster': 342.89, 'coffee machine': 214.21, 'toaster': 205.59}",[],drawer,"{'sink': 2, 'stove': 1, 'coffee machine': 2, 'toaster': 2}","Container id 16, is a ""drawer"" below the countertop. Additionally, it is the 2nd closest to the sink, the closest to the stove, the 2nd closest to the coffee machine, and the 2nd closest to the toaster."
22264,17,images/kitchen/21_segmented_sun_abvefvntluoxopow.jpg,"[[232, 145], [230, 168], [246, 173], [247, 147]]",cabinet door,0.41,"[[0, 104], [300, 104], [300, 200], [0, 200]]",below,1.647,28.0,17.0,"{""above"": null, ""below"": null, ""left"": 22265, ""right"": null, ""top_left"": null, ""top_right"": null, ""bottom_left"": null, ""bottom_right"": null}","{""above"": null, ""below"": null, ""left"": null, ""right"": null, ""top_left"": null, ""top_right"": null, ""bottom_left"": null, ""bottom_right"": null}","{'microwave': 0.1307, 'oven': 0.2975, 'sink': 0.4592, 'stove': 0.3431, 'microwave toaster': 0.1795, 'coffee machine': 0.497, 'toaster': 0.467}","{'microwave': 273.22, 'oven': 185.59, 'sink': 193.66, 'stove': 200.16, 'microwave toaster': 240.96, 'coffee machine': 196.45, 'toaster': 193.48}",[],cabinet door,{},"Container id 17, is a ""cabinet door"" below the countertop."
22265,18,images/kitchen/21_segmented_sun_abvefvntluoxopow.jpg,"[[216, 142], [215, 165], [229, 168], [230, 144]]",cabinet door,0.416,"[[0, 104], [300, 104], [300, 200], [0, 200]]",below,1.733,26.0,15.0,"{""above"": null, ""below"": null, ""left"": null, ""right"": 22264, ""top_left"": null, ""top_right"": null, ""bottom_left"": null, ""bottom_right"": null}","{""above"": null, ""below"": null, ""left"": null, ""right"": null, ""top_left"": null, ""top_right"": null, ""bottom_left"": null, ""bottom_right"": null}","{'microwave': 0.1317, 'oven': 0.2517, 'sink': 0.4131, 'stove': 0.2975, 'microwave toaster': 0.1531, 'coffee machine': 0.4511, 'toaster': 0.4209}","{'microwave': 293.46, 'oven': 184.39, 'sink': 193.83, 'stove': 201.39, 'microwave toaster': 254.05, 'coffee machine': 196.89, 'toaster': 193.62}",[],cabinet door,{},"Container id 18, is a ""cabinet door"" below the countertop."
22266,19,images/kitchen/21_segmented_sun_abvefvntluoxopow.jpg,"[[57, 139], [15, 148], [15, 162], [57, 151]]",drawer,0.361,"[[0, 104], [300, 104], [300, 200], [0, 200]]",below,0.548,23.0,42.0,"{""above"": null, ""below"": 22254, ""left"": null, ""right"": 22261, ""top_left"": null, ""top_right"": null, ""bottom_left"": null, ""bottom_right"": 22248}","{""above"": ""sink"", ""below"": null, ""left"": null, ""right"": null, ""top_left"": null, ""top_right"": null, ""bottom_left"": null, ""bottom_right"": null}","{'microwave': 0.5798, 'oven': 0.2663, 'sink': 0.1442, 'stove': 0.2585, 'microwave toaster': 0.4937, 'coffee machine': 0.1457, 'toaster': 0.1382}","{'microwave': 349.3, 'oven': 358.69, 'sink': 323.6, 'stove': 338.36, 'microwave toaster': 344.25, 'coffee machine': 306.0, 'toaster': 321.52}",[],drawer,{},"Container id 19, is a ""drawer"" below the countertop."
22267,20,images/kitchen/21_segmented_sun_abvefvntluoxopow.jpg,"[[138, 33], [137, 58], [149, 63], [151, 59], [151, 36]]",cabinet door,0.399,"[[0, 104], [300, 104], [300, 200], [0, 200]]",above,2.143,30.0,14.0,"{""above"": null, ""below"": null, ""left"": 22249, ""right"": null, ""top_left"": null, ""top_right"": null, ""bottom_left"": null, ""bottom_right"": null}","{""above"": null, ""below"": null, ""left"": null, ""right"": null, ""top_left"": null, ""top_right"": null, ""bottom_left"": null, ""bottom_right"": null}","{'microwave': 0.3165, 'oven': 0.2743, 'sink': 0.2681, 'stove': 0.193, 'microwave toaster': 0.2245, 'coffee machine': 0.2698, 'toaster': 0.2734}","{'microwave': 32.55, 'oven': 97.67, 'sink': 134.16, 'stove': 108.93, 'microwave toaster': 39.85, 'coffee machine': 143.62, 'toaster': 135.41}",[],cabinet door,{},"Container id 20, is a ""cabinet door"" above the countertop."
22268,21,images/kitchen/21_segmented_sun_abvefvntluoxopow.jpg,"[[167, 113], [166, 112], [160, 114], [154, 114], [154, 124], [165, 120], [166, 122]]",drawer,0.332,"[[0, 104], [300, 104], [300, 200], [0, 200]]",below,0.923,12.0,13.0,"{""above"": null, ""below"": 22260, ""left"": null, ""right"": null, ""top_left"": null, ""top_right"": null, ""bottom_left"": null, ""bottom_right"": null}","{""above"": null, ""below"": null, ""left"": null, ""right"": null, ""top_left"": null, ""top_right"": null, ""bottom_left"": null, ""bottom_right"": null}","{'microwave': 0.2216, 'oven': 0.1187, 'sink': 0.2327, 'stove': 0.1085, 'microwave toaster': 0.1335, 'coffee machine': 0.2644, 'toaster': 0.2406}","{'microwave': 355.84, 'oven': 133.97, 'sink': 178.54, 'stove': 182.01, 'microwave toaster': 341.42, 'coffee machine': 185.72, 'toaster': 178.68}",[],drawer,{'stove': 2},"Container id 21, is a ""drawer"" below the countertop. Additionally, it is the 2nd closest to the stove."
22526,1,images/kitchen/5_segmented_sun_aamjqvjnuxklyagf.jpg,"[[20, 0], [20, 68], [89, 73], [91, 0]]",cabinet door,0.539,"[[0, 141], [225, 141], [225, 300], [0, 300]]",above,1.028,73.0,71.0,"{""above"": null, ""below"": null, ""left"": null, ""right"": null, ""top_left"": null, ""top_right"": null, ""bottom_left"": null, ""bottom_right"": null}","{""above"": null, ""below"": null, ""left"": null, ""right"": null, ""top_left"": null, ""top_right"": null, ""bottom_left"": null, ""bottom_right"": null}","{'refrigerator': 0.3853, 'toaster': 0.4735, 'oven': 0.6088, 'coffee machine': 0.529, 'electronic kettle': 0.5552, 'dish': 0.4068, 'sink': 0.377, 'dishwasher': 0.6088}","{'refrigerator': 86.83, 'toaster': 39.0, 'oven': 48.51, 'coffee machine': 34.4, 'electronic kettle': 36.4, 'dish': 47.59, 'sink': 57.12, 'dishwasher': 48.51}",[],cabinet door,{},"Container id 1, is a ""cabinet door"" above the countertop."
22527,2,images/kitchen/5_segmented_sun_aamjqvjnuxklyagf.jpg,"[[118, 11], [115, 110], [138, 111], [143, 19]]",cabinet door,0.405,"[[0, 141], [225, 141], [225, 300], [0, 300]]",above,3.571,100.0,28.0,"{""above"": null, ""below"": null, ""left"": null, ""right"": 22528, ""top_left"": null, ""top_right"": null, ""bottom_left"": null, ""bottom_right"": null}","{""above"": null, ""below"": null, ""left"": null, ""right"": null, ""top_left"": null, ""top_right"": null, ""bottom_left"": null, ""bottom_right"": ""dish""}","{'refrigerator': 0.357, 'toaster': 0.2829, 'oven': 0.4352, 'coffee machine': 0.3297, 'electronic kettle': 0.3586, 'dish': 0.2401, 'sink': 0.2435, 'dishwasher': 0.4352}","{'refrigerator': 119.29, 'toaster': 52.56, 'oven': 61.55, 'coffee machine': 43.17, 'electronic kettle': 45.59, 'dish': 70.96, 'sink': 87.96, 'dishwasher': 61.55}",[],cabinet door,{},"Container id 2, is a ""cabinet door"" above the countertop."
22528,3,images/kitchen/5_segmented_sun_aamjqvjnuxklyagf.jpg,"[[145, 20], [143, 112], [177, 113], [182, 32]]",cabinet door,0.363,"[[0, 141], [225, 141], [225, 300], [0, 300]]",above,2.385,93.0,39.0,"{""above"": null, ""below"": null, ""left"": 22527, ""right"": null, ""top_left"": null, ""top_right"": null, ""bottom_left"": null, ""bottom_right"": null}","{""above"": null, ""below"": ""dish"", ""left"": null, ""right"": null, ""top_left"": null, ""top_right"": null, ""bottom_left"": null, ""bottom_right"": ""toaster""}","{'refrigerator': 0.3947, 'toaster': 0.2235, 'oven': 0.3841, 'coffee machine': 0.2577, 'electronic kettle': 0.2887, 'dish': 0.2099, 'sink': 0.2397, 'dishwasher': 0.3841}","{'refrigerator': 131.85, 'toaster': 68.1, 'oven': 72.01, 'coffee machine': 53.91, 'electronic kettle': 55.8, 'dish': 92.82, 'sink': 109.49, 'dishwasher': 72.01}",[],cabinet door,"{'toaster': 2, 'coffee machine': 2}","Container id 3, is a ""cabinet door"" above the countertop. Additionally, it is the 2nd closest to the toaster, and the 2nd closest to the coffee machine."
22529,4,images/kitchen/5_segmented_sun_aamjqvjnuxklyagf.jpg,"[[143, 166], [112, 171], [111, 246], [144, 232]]",drawer cabinet door,0.365,"[[0, 141], [225, 141], [225, 300], [0, 300]]",below,2.424,80.0,33.0,"{""above"": 22530, ""below"": null, ""left"": null, ""right"": null, ""top_left"": null, ""top_right"": null, ""bottom_left"": null, ""bottom_right"": null}","{""above"": ""sink"", ""below"": null, ""left"": ""refrigerator"", ""right"": null, ""top_left"": null, ""top_right"": ""dish"", ""bottom_left"": null, ""bottom_right"": null}","{'refrigerator': 0.1838, 'toaster': 0.2311, 'oven': 0.2101, 'coffee machine': 0.2859, 'electronic kettle': 0.2805, 'dish': 0.1696, 'sink': 0.1331, 'dishwasher': 0.2101}","{'refrigerator': 200.6, 'toaster': 319.09, 'oven': 1.82, 'coffee machine': 328.25, 'electronic kettle': 334.7, 'dish': 298.53, 'sink': 274.88, 'dishwasher': 1.82}",[],drawer cabinet door,"{'refrigerator': 2, 'oven': 1, 'electronic kettle': 2, 'dish': 2, 'sink': 2, 'dishwasher': 1}","Container id 4, is below the countertop. Additionally, it is the 2nd closest to the refrigerator, the closest to the oven, the 2nd closest to the electronic kettle, the 2nd closest to the dish, the 2nd closest to the sink, and the closest to the dishwasher."
22530,5,images/kitchen/5_segmented_sun_aamjqvjnuxklyagf.jpg,"[[143, 166], [113, 170], [112, 184], [143, 181]]",drawer,0.313,"[[0, 141], [225, 141], [225, 300], [0, 300]]",below,0.581,18.0,31.0,"{""above"": null, ""below"": 22529, ""left"": null, ""right"": null, ""top_left"": null, ""top_right"": null, ""bottom_left"": null, ""bottom_right"": null}","{""above"": null, ""below"": null, ""left"": null, ""right"": null, ""top_left"": null, ""top_right"": null, ""bottom_left"": null, ""bottom_right"": null}","{'refrigerator': 0.173, 'toaster': 0.1896, 'oven': 0.2251, 'coffee machine': 0.2536, 'electronic kettle': 0.2567, 'dish': 0.1085, 'sink': 0.0577, 'dishwasher': 0.2251}","{'refrigerator': 176.24, 'toaster': 336.59, 'oven': 21.55, 'coffee machine': 342.93, 'electronic kettle': 350.16, 'dish': 317.74, 'sink': 280.66, 'dishwasher': 21.55}",[],drawer,"{'refrigerator': 1, 'toaster': 1, 'oven': 2, 'coffee machine': 1, 'electronic kettle': 1, 'dish': 1, 'sink': 1, 'dishwasher': 2}","Container id 5, is a ""drawer"" below the countertop. Additionally, it is the closest to the refrigerator, the closest to the toaster, the 2nd closest to the oven, the closest to the coffee machine, the closest to the electronic kettle, the closest to the dish, the closest to the sink, and the 2nd closest to the dishwasher."
