image_path,chosen_item,user_1_polygon,user_2_polygon,user_3_polygon
https://michaelalr.github.io/thesis/images/kitchen/5_segmented_sun_akikqzahodbmcbjd.jpg,Dish towels,"[[497,517],[495,617],[590,735],[596,613]]","[[497,517],[495,617],[590,735],[596,613]]","[[497,517],[495,617],[590,735],[596,613]]"
https://michaelalr.github.io/thesis/images/kitchen/8_segmented_sun_attiywxwtaghqisl.jpg,Mug,"[[88,73],[88,104],[101,104],[101,72]]","[[73,73],[73,104],[86,104],[87,73]]","[[73,73],[73,104],[86,104],[87,73]]"
https://michaelalr.github.io/thesis/images/kitchen/12_segmented_sun_aevezokbkeojznwq.jpg,Bottle opener,"[[309,437],[313,490],[412,498],[407,446]]","[[413,449],[417,501],[528,513],[525,459]]","[[975,496],[975,563],[1143,575],[1141,507]]"
https://michaelalr.github.io/thesis/images/kitchen/11_segmented_sun_aqsuetnzvkyhtjtu.jpg,Cutting board,"[[280,176],[278,232],[311,233],[311,178]]","[[226,173],[218,230],[239,233],[240,175]]","[[280,176],[278,232],[311,233],[311,178]]"
https://michaelalr.github.io/thesis/images/kitchen/23_segmented_sun_azgmgniivgpqrqvu.jpg,Spices,"[[1369,477],[1306,509],[1324,810],[1381,820]]","[[1128,518],[959,538],[983,815],[1137,811]]","[[1369,477],[1306,509],[1324,810],[1381,820]]"
https://michaelalr.github.io/thesis/images/kitchen/7_segmented_sun_alouvjfpycbghnrv.jpg,Tupperware containers,"[[1456,1208],[1474,1656],[1791,1684],[1782,1223]]","[[1840,1219],[1845,1683],[2096,1700],[2094,1226]]","[[1041,422],[1064,940],[1278,907],[1267,461]]"
https://michaelalr.github.io/thesis/images/kitchen/13_segmented_sun_aoraqrqbcqkhzbok.jpg,Spices,"[[1774,455],[1559,472],[1568,739],[1784,734]]","[[2265,418],[2019,438],[2039,742],[2274,712]]","[[2265,418],[2019,438],[2039,742],[2274,712]]"
https://michaelalr.github.io/thesis/images/kitchen/13_segmented_sun_akuyodrxwvurgdqy.jpg,Dish towels,"[[165,11],[144,16],[145,83],[165,82]]","[[264,156],[263,201],[331,219],[331,167]]","[[264,156],[264,176],[283,179],[285,169],[303,172],[306,185],[324,188],[325,166]]"
https://michaelalr.github.io/thesis/images/kitchen/5_segmented_sun_alnfowscmpudvvhf.jpg,Cooking oil,[],"[[157,177],[152,244],[189,255],[193,183]]",[]
https://michaelalr.github.io/thesis/images/kitchen/3_segmented_sun_aphnikpwecaqwojv.jpg,Spoon,"[[2,121],[0,164],[8,162],[9,158],[8,124]]","[[2,121],[0,164],[8,162],[9,158],[8,124]]",[]
https://michaelalr.github.io/thesis/images/kitchen/8_segmented_sun_agqborhpkvvwbvfl.jpg,Spoon,"[[1364,1029],[1359,1167],[1506,1273],[1518,1135]]","[[1533,1141],[1519,1287],[1852,1542],[1880,1379]]","[[1533,1141],[1519,1287],[1852,1542],[1880,1379]]"
https://michaelalr.github.io/thesis/images/kitchen/16_segmented_sun_aaxzdriovikfcgov.jpg,Tupperware containers,"[[413,345],[305,366],[303,382],[413,418]]","[[530,358],[532,459],[597,480],[652,461],[652,379]]","[[391,102],[390,224],[466,229],[466,118]]"
https://michaelalr.github.io/thesis/images/kitchen/8_segmented_sun_alzrhzcccirdbmbc.jpg,Plate,"[[459,0],[445,114],[511,115],[511,1]]","[[459,0],[445,114],[511,115],[511,1]]","[[459,0],[445,114],[511,115],[511,1]]"
https://michaelalr.github.io/thesis/images/kitchen/30_segmented_sun_amafqpkpbggxkafx.jpg,Mug,"[[148,182],[147,223],[163,223],[164,183]]","[[476,153],[439,159],[439,218],[478,216]]","[[200,181],[185,182],[183,185],[182,218],[186,223],[202,221]]"
https://michaelalr.github.io/thesis/images/kitchen/10_segmented_sun_ancbszwardammcpi.jpg,Cutting board,[],"[[919,1053],[812,1124],[854,1569],[950,1469]]","[[919,1053],[812,1124],[854,1569],[950,1469]]"
https://michaelalr.github.io/thesis/images/kitchen/3_segmented_sun_avgjnnqgqnckugwm.jpg,Mug,[],"[[1521,1161],[1274,1292],[1341,1968],[1564,1737]]",[]
https://michaelalr.github.io/thesis/images/kitchen/18_segmented_sun_avummurlcrknzblj.jpg,Bowl,"[[1422,199],[1318,221],[1319,686],[1425,679]]","[[809,301],[658,327],[657,687],[807,683]]","[[1422,199],[1318,221],[1319,686],[1425,679]]"
https://michaelalr.github.io/thesis/images/kitchen/5_segmented_sun_arvuykssgbdzaavk.jpg,Mug,[],"[[958,38],[807,66],[804,284],[954,291]]",[]
https://michaelalr.github.io/thesis/images/kitchen/19_segmented_sun_afrjiwlvfcpraawg.jpg,Pan,"[[405,400],[406,489],[468,499],[474,406]]","[[405,400],[406,489],[468,499],[474,406]]","[[353,396],[353,424],[366,434],[367,479],[403,488],[403,401]]"
https://michaelalr.github.io/thesis/images/kitchen/3_segmented_sun_anzbjguxdgpobefx.jpg,Plate,"[[1319,8],[1336,580],[2066,572],[2076,0]]","[[1319,8],[1336,580],[2066,572],[2076,0]]","[[1319,8],[1336,580],[2066,572],[2076,0]]"
https://michaelalr.github.io/thesis/images/kitchen/5_segmented_sun_ajkrefpvgtunjiyi.jpg,Pan,"[[1131,889],[981,958],[1106,968],[1060,1195],[1142,1123]]","[[1131,889],[981,958],[1106,968],[1060,1195],[1142,1123]]","[[1288,804],[1249,819],[1260,1035],[1234,1098],[1271,1097],[1299,1064]]"
https://michaelalr.github.io/thesis/images/kitchen/16_segmented_sun_agkkodqisfacojle.jpg,Cutting knife,[],"[[522,310],[548,411],[548,324],[570,320],[576,381],[603,354],[656,354],[652,318]]",[]
https://michaelalr.github.io/thesis/images/kitchen/17_segmented_sun_aljzxjomttffcuvj.jpg,Pot,"[[458,715],[460,801],[642,939],[630,680]]","[[458,715],[460,801],[642,939],[630,680]]","[[458,715],[460,801],[642,939],[630,680]]"
https://michaelalr.github.io/thesis/images/kitchen/12_segmented_sun_ardglnvilvtsbprf.jpg,Spoon,"[[230,153],[231,165],[255,168],[255,154]]","[[230,153],[231,165],[255,168],[255,154]]","[[230,153],[231,165],[255,168],[255,154]]"
https://michaelalr.github.io/thesis/images/kitchen/28_segmented_sun_afniacozbemafjwf.jpg,Cutting knife,"[[1121,779],[1116,842],[1228,893],[1232,825]]","[[527,640],[412,642],[409,673],[525,670]]","[[404,645],[307,645],[307,681],[401,676]]"
https://michaelalr.github.io/thesis/images/kitchen/13_segmented_sun_amthynbhlghkbqws.jpg,Pan,"[[888,529],[878,870],[1100,908],[1120,552]]","[[687,482],[671,827],[849,869],[859,528],[704,512]]","[[388,590],[369,667],[374,672],[384,670],[393,602]]"
https://michaelalr.github.io/thesis/images/kitchen/9_segmented_sun_axijfojxwxpqqujw.jpg,Bottle opener,"[[279,2294],[290,2495],[925,2556],[922,2352]]","[[935,2363],[946,2564],[1813,2646],[1807,2427]]","[[279,2294],[290,2495],[925,2556],[922,2352]]"
https://michaelalr.github.io/thesis/images/kitchen/25_segmented_sun_agfbbeozqztznacq.jpg,Spoon,"[[332,419],[253,436],[253,475],[311,462],[320,450],[332,449]]","[[891,439],[892,483],[1023,493],[1023,439]]","[[891,439],[892,483],[1023,493],[1023,439]]"
https://michaelalr.github.io/thesis/images/kitchen/10_segmented_sun_aazqqvqrigwzykdp.jpg,Cutting board,[],"[[162,201],[48,234],[45,255],[162,255]]","[[228,209],[172,227],[172,255],[227,255]]"
https://michaelalr.github.io/thesis/images/kitchen/5_segmented_sun_ayqukzphzqiguvnc.jpg,Spoon,"[[242,273],[242,302],[335,302],[335,275]]","[[242,273],[242,302],[335,302],[335,275]]","[[242,273],[242,302],[335,302],[335,275]]"
https://michaelalr.github.io/thesis/images/kitchen/3_segmented_sun_aaxiscknimsjjneb.jpg,Cutting board,"[[113,193],[113,210],[175,212],[174,193]]",[],[]
https://michaelalr.github.io/thesis/images/kitchen/15_segmented_sun_agocpsksrxdzalcf.jpg,Tupperware containers,"[[722,461],[735,626],[789,716],[863,718],[867,571]]","[[722,461],[735,626],[789,716],[863,718],[867,571]]","[[871,574],[868,719],[1063,718]]"
https://michaelalr.github.io/thesis/images/kitchen/9_segmented_sun_abdzsryntppucwqi.jpg,Dish towels,"[[267,167],[269,250],[320,256],[318,169]]","[[185,177],[149,186],[150,220],[187,223]]","[[267,167],[269,250],[320,256],[318,169]]"
https://michaelalr.github.io/thesis/images/kitchen/20_segmented_sun_asfboudbulzxwhfo.jpg,Cutting knife,"[[207,239],[211,254],[245,254],[251,244],[250,239]]","[[433,224],[386,224],[386,238],[433,238]]","[[433,224],[386,224],[386,238],[433,238]]"
https://michaelalr.github.io/thesis/images/kitchen/10_segmented_sun_aizcycyyvgfcdnzp.jpg,Spoon,"[[2811,1361],[2815,1431],[3136,1502],[3128,1408]]","[[2811,1361],[2815,1431],[3136,1502],[3128,1408]]","[[2811,1361],[2815,1431],[3136,1502],[3128,1408]]"
https://michaelalr.github.io/thesis/images/kitchen/6_segmented_sun_advwcwduhfypopki.jpg,Mug,[],"[[1777,13],[1509,93],[1491,478],[1765,443],[1701,402],[1764,381]]","[[1777,13],[1509,93],[1491,478],[1765,443],[1701,402],[1764,381]]"
https://michaelalr.github.io/thesis/images/kitchen/15_segmented_sun_agwfdrbvbrbmupth.jpg,Spices,"[[241,14],[238,71],[245,71],[247,16]]","[[86,0],[86,65],[136,68],[136,0]]","[[241,14],[238,71],[245,71],[247,16]]"
https://michaelalr.github.io/thesis/images/kitchen/10_segmented_sun_agtnmpgkrgkzbvjw.jpg,Cooking oil,"[[168,15],[159,167],[191,176],[198,41]]","[[61,0],[58,50],[161,102],[164,10],[152,0]]","[[168,15],[159,167],[191,176],[198,41]]"
https://michaelalr.github.io/thesis/images/kitchen/3_segmented_sun_arwxovsbwvoxdhqs.jpg,Bottle opener,[],[],[]
https://michaelalr.github.io/thesis/images/kitchen/3_segmented_sun_aesgwjswcjomjywo.jpg,Spices,"[[315,1],[309,86],[431,104],[436,0]]","[[315,1],[309,86],[431,104],[436,0]]","[[315,1],[309,86],[431,104],[436,0]]"
https://michaelalr.github.io/thesis/images/kitchen/7_segmented_sun_avntesgwdpnkgdgq.jpg,Spices,"[[95,226],[46,238],[59,359],[106,341]]","[[327,247],[330,270],[455,289],[455,266]]","[[150,220],[157,322],[181,310],[175,222]]"
https://michaelalr.github.io/thesis/images/kitchen/18_segmented_sun_aixhuynxvonrvzyk.jpg,Pan,"[[200,168],[200,197],[223,200],[223,169]]","[[86,163],[62,167],[63,214],[77,208],[74,175],[87,170]]","[[55,169],[26,175],[26,232],[61,215],[60,172]]"
https://michaelalr.github.io/thesis/images/kitchen/20_segmented_sun_avihgxyxvzbvksxw.jpg,Spoon,"[[308,446],[225,454],[223,492],[308,481]]","[[489,458],[489,497],[570,511],[569,469]]","[[777,501],[777,550],[893,570],[894,518]]"
https://michaelalr.github.io/thesis/images/kitchen/7_segmented_sun_asgqjgtlqsyqptip.jpg,Spices,[],"[[2604,520],[2605,611],[2971,693],[2972,588]]","[[2604,520],[2605,611],[2971,693],[2972,588]]"
https://michaelalr.github.io/thesis/images/kitchen/9_segmented_sun_amkjudnxvmvvnzqj.jpg,Cutting board,[],"[[603,422],[519,427],[515,674],[596,659]]","[[603,422],[519,427],[515,674],[596,659]]"
https://michaelalr.github.io/thesis/images/kitchen/13_segmented_sun_amthynbhlghkbqws.jpg,Bottle opener,"[[1182,521],[1186,571],[1410,590],[1413,537]]","[[1159,602],[1151,737],[1306,757],[1317,623]]","[[1182,521],[1186,571],[1410,590],[1413,537]]"
https://michaelalr.github.io/thesis/images/kitchen/15_segmented_sun_akaubuogkutluyzq.jpg,Cooking oil,"[[141,66],[110,70],[111,136],[141,135]]","[[141,66],[110,70],[111,136],[141,135]]","[[87,192],[60,194],[61,247],[86,241]]"
https://michaelalr.github.io/thesis/images/kitchen/14_segmented_sun_ayvedtmvqpmkolsn.jpg,Tupperware containers,"[[236,262],[165,270],[168,369],[237,357]]","[[437,240],[387,246],[386,329],[435,320]]","[[40,1],[41,129],[107,130],[108,2]]"
https://michaelalr.github.io/thesis/images/kitchen/5_segmented_sun_avaaxiemmqbibywj.jpg,Mug,[],"[[192,122],[192,133],[196,136],[196,139],[206,140],[206,122]]","[[192,122],[192,133],[196,136],[196,139],[206,140],[206,122]]"
https://michaelalr.github.io/thesis/images/kitchen/11_segmented_sun_aoesojqprkkjilsy.jpg,Pan,"[[185,331],[182,428],[206,446],[209,335]]","[[185,331],[182,428],[206,446],[209,335]]",[]
https://michaelalr.github.io/thesis/images/kitchen/14_segmented_sun_atdsrolpqpnxizhz.jpg,Bowl,"[[752,296],[746,662],[858,659],[867,336]]","[[608,246],[599,669],[734,665],[743,296]]","[[752,296],[746,662],[858,659],[867,336]]"
https://michaelalr.github.io/thesis/images/kitchen/6_segmented_sun_anowgfcowkycnguq.jpg,Bowl,"[[145,89],[85,91],[89,169],[157,165],[144,160]]","[[145,89],[85,91],[89,169],[157,165],[144,160]]","[[145,89],[85,91],[89,169],[157,165],[144,160]]"
https://michaelalr.github.io/thesis/images/kitchen/6_segmented_sun_avqytscawynyemjr.jpg,Pan,"[[127,191],[127,241],[159,242],[159,190]]","[[127,191],[127,241],[159,242],[159,190]]","[[127,191],[127,241],[159,242],[159,190]]"
https://michaelalr.github.io/thesis/images/kitchen/10_segmented_sun_agtnmpgkrgkzbvjw.jpg,Dish towels,"[[263,301],[216,318],[218,377],[263,349]]","[[296,268],[266,276],[268,390],[297,359]]","[[263,301],[216,318],[218,377],[263,349]]"
https://michaelalr.github.io/thesis/images/kitchen/15_segmented_sun_akwfcppsyxixwrjb.jpg,Plate,"[[224,0],[225,71],[255,69],[255,0]]","[[224,0],[225,71],[255,69],[255,0]]","[[224,0],[225,71],[255,69],[255,0]]"
https://michaelalr.github.io/thesis/images/kitchen/13_segmented_sun_awbcmaswtwdvzkgy.jpg,Tupperware containers,"[[1103,658],[1100,832],[1278,867],[1277,673]]","[[1286,672],[1287,878],[1499,969],[1499,709]]","[[1058,312],[972,324],[974,514],[1064,512]]"
https://michaelalr.github.io/thesis/images/kitchen/9_segmented_sun_ajzjtctqhokdsobp.jpg,Cooking oil,[],"[[99,32],[98,78],[112,79],[112,36]]",[]
https://michaelalr.github.io/thesis/images/kitchen/10_segmented_sun_anzetyhvzrsvmuwx.jpg,Mug,"[[498,214],[499,342],[531,348],[532,223]]","[[498,214],[499,342],[531,348],[532,223]]","[[791,194],[690,207],[692,352],[792,354]]"
https://michaelalr.github.io/thesis/images/kitchen/19_segmented_sun_azwhhqmkdqbzfbla.jpg,Bowl,"[[95,69],[93,125],[116,124],[117,73]]","[[53,58],[52,122],[67,122],[68,68],[64,61]]","[[95,69],[93,125],[116,124],[117,73]]"
https://michaelalr.github.io/thesis/images/kitchen/6_segmented_sun_aejreientwnlsjqp.jpg,Bowl,"[[201,47],[203,114],[220,115],[223,52]]","[[255,43],[227,48],[227,110],[235,116],[255,117]]","[[255,43],[227,48],[227,110],[235,116],[255,117]]"
https://michaelalr.github.io/thesis/images/kitchen/6_segmented_sun_adkelmsgskwpzslp.jpg,Mug,[],"[[74,97],[60,97],[61,120],[63,122],[74,117]]","[[212,98],[210,143],[231,143],[236,98]]"
https://michaelalr.github.io/thesis/images/kitchen/9_segmented_sun_awspbtmcoxakihbx.jpg,Pan,"[[9,181],[9,250],[55,298],[107,299],[102,204]]","[[9,181],[9,250],[55,298],[107,299],[102,204]]","[[108,0],[108,68],[158,48],[158,0]]"
https://michaelalr.github.io/thesis/images/kitchen/15_segmented_sun_adshoxqwpljvbyfy.jpg,Pot,"[[551,578],[459,602],[461,844],[553,797]]","[[293,821],[85,900],[87,956],[228,957],[290,928]]","[[721,203],[716,381],[756,380],[765,212]]"
https://michaelalr.github.io/thesis/images/kitchen/17_segmented_sun_ahwubjurcwtjwybc.jpg,Mug,"[[56,31],[70,262],[49,297],[102,299],[107,58]]","[[56,31],[70,262],[49,297],[102,299],[107,58]]","[[806,47],[776,80],[780,288],[810,282]]"
https://michaelalr.github.io/thesis/images/kitchen/6_segmented_sun_axyvnanqscljvpxe.jpg,Bowl,"[[136,53],[136,116],[157,114],[159,57]]","[[136,53],[136,116],[157,114],[159,57]]","[[136,53],[136,116],[157,114],[159,57]]"
https://michaelalr.github.io/thesis/images/kitchen/14_segmented_sun_afwauizvxfdbkbbz.jpg,Spoon,"[[796,733],[793,816],[853,872],[855,776]]","[[796,733],[793,816],[853,872],[855,776]]","[[796,733],[793,816],[853,872],[855,776]]"
https://michaelalr.github.io/thesis/images/kitchen/11_segmented_sun_aqsbukzqlumrfjjh.jpg,Cutting knife,[],"[[1474,673],[1480,784],[1733,836],[1726,703]]","[[1474,673],[1480,784],[1733,836],[1726,703]]"
https://michaelalr.github.io/thesis/images/kitchen/9_segmented_sun_ajtqfkwqpektgwsv.jpg,Bottle opener,[],"[[468,383],[502,391],[518,371],[471,362]]","[[468,383],[502,391],[518,371],[471,362]]"
https://michaelalr.github.io/thesis/images/kitchen/16_segmented_sun_azvdkcyhbadlzomw.jpg,Bottle opener,"[[234,94],[221,97],[222,108],[234,104]]","[[192,108],[190,107],[172,113],[172,126],[190,120]]","[[169,114],[154,119],[155,121],[152,124],[153,134],[170,126]]"
https://michaelalr.github.io/thesis/images/kitchen/4_segmented_sun_akolyrbcjmkaglnq.jpg,Dish towels,"[[0,33],[0,132],[57,123],[51,36]]","[[42,172],[16,178],[17,223],[46,223]]","[[42,172],[37,171],[18,177],[18,187],[42,180]]"
https://michaelalr.github.io/thesis/images/kitchen/3_segmented_sun_afxidvniokauxolz.jpg,Cutting knife,[],"[[0,35],[0,188],[339,198],[338,58]]",[]
https://michaelalr.github.io/thesis/images/kitchen/19_segmented_sun_aqryhfhyierxdzxi.jpg,Bowl,"[[885,145],[630,205],[658,866],[915,850]]","[[885,145],[630,205],[658,866],[915,850]]","[[885,145],[630,205],[658,866],[915,850]]"
https://michaelalr.github.io/thesis/images/kitchen/16_segmented_sun_auwirqkpgvhkulyp.jpg,Cutting knife,"[[274,355],[274,370],[316,378],[316,359],[280,353]]","[[274,336],[278,341],[274,346],[276,351],[317,355],[314,338]]","[[274,336],[278,341],[274,346],[276,351],[317,355],[314,338]]"
https://michaelalr.github.io/thesis/images/kitchen/11_segmented_sun_awrcimhqmlimlfac.jpg,Plate,"[[0,0],[0,83],[42,85],[45,1]]","[[143,0],[142,85],[175,85],[176,1]]","[[49,0],[47,84],[86,86],[88,1]]"
https://michaelalr.github.io/thesis/images/kitchen/22_segmented_sun_atwdbkdxabpebgbg.jpg,Pot,"[[293,258],[266,265],[266,329],[293,315]]","[[191,303],[156,314],[157,396],[192,375]]","[[483,371],[483,423],[540,422],[540,382]]"
https://michaelalr.github.io/thesis/images/kitchen/17_segmented_sun_aubehthmwgfqgrxl.jpg,Cutting board,"[[1874,783],[1670,789],[1664,862],[1866,850]]","[[1874,862],[1662,878],[1655,1075],[1866,1076]]","[[1874,862],[1662,878],[1655,1075],[1866,1076]]"
https://michaelalr.github.io/thesis/images/kitchen/42_segmented_sun_ahkqxzlsfsccfwkx.jpg,Pot,"[[567,304],[566,327],[593,339],[593,312]]","[[541,323],[539,340],[562,354],[562,331],[547,323]]","[[599,295],[598,374],[609,379],[611,300]]"
https://michaelalr.github.io/thesis/images/kitchen/31_segmented_sun_azzlwgnhwdpmddji.jpg,Spoon,"[[448,271],[449,282],[467,284],[467,273]]","[[239,280],[139,288],[139,300],[238,293]]","[[590,296],[592,311],[647,320],[644,302]]"
https://michaelalr.github.io/thesis/images/kitchen/26_segmented_sun_aufbguyyrccwwxuf.jpg,Cooking oil,"[[1854,211],[1725,220],[1730,687],[1821,684]]","[[1716,218],[1557,230],[1577,550],[1723,547]]","[[1854,211],[1725,220],[1730,687],[1821,684]]"
https://michaelalr.github.io/thesis/images/kitchen/3_segmented_sun_anvjdbhczmwergnw.jpg,Cutting board,"[[38,167],[0,170],[0,182],[38,177]]","[[112,198],[111,249],[121,255],[145,255],[144,207]]","[[38,167],[0,170],[0,182],[38,177]]"
https://michaelalr.github.io/thesis/images/kitchen/4_segmented_sun_ayromxtldgfmbzrw.jpg,Spoon,[],[],[]
https://michaelalr.github.io/thesis/images/kitchen/6_segmented_sun_atvmjjfmrlcvzfcj.jpg,Pan,"[[88,156],[91,184],[177,186],[176,157]]","[[88,156],[91,184],[177,186],[176,157]]","[[88,156],[91,184],[177,186],[176,157]]"
https://michaelalr.github.io/thesis/images/kitchen/19_segmented_sun_aauyknaheebshrxq.jpg,Spoon,"[[1161,1132],[1171,1208],[1523,1253],[1517,1169]]","[[1161,1132],[1171,1208],[1523,1253],[1517,1169]]","[[1161,1132],[1171,1208],[1523,1253],[1517,1169]]"
https://michaelalr.github.io/thesis/images/kitchen/17_segmented_sun_aozexmupaskrlpwe.jpg,Dish towels,"[[156,216],[156,243],[196,249],[196,221]]","[[113,155],[112,236],[152,243],[154,157]]","[[156,189],[156,214],[197,217],[197,192]]"
https://michaelalr.github.io/thesis/images/kitchen/27_segmented_sun_aalbtweelhmqylnb.jpg,Mug,"[[641,8],[560,34],[561,170],[625,162],[641,145]]","[[641,8],[560,34],[561,170],[625,162],[641,145]]","[[383,102],[359,113],[361,184],[386,181]]"
https://michaelalr.github.io/thesis/images/kitchen/10_segmented_sun_aubzegxxjytugwxe.jpg,Pot,"[[239,164],[212,166],[216,241],[241,234]]","[[130,174],[89,180],[92,216],[122,250],[118,261],[136,257]]","[[130,174],[89,180],[92,216],[122,250],[118,261],[136,257]]"
https://michaelalr.github.io/thesis/images/kitchen/25_segmented_sun_afegrrfbzcfcmxjo.jpg,Bottle opener,"[[603,1646],[480,1677],[373,1741],[394,1874],[609,1767]]","[[2429,1531],[2399,1525],[2383,1495],[2212,1518],[2208,1623],[2427,1587]]","[[2429,1531],[2399,1525],[2383,1495],[2212,1518],[2208,1623],[2427,1587]]"
https://michaelalr.github.io/thesis/images/kitchen/9_segmented_sun_ahspylgoovwmwvgk.jpg,Spoon,"[[3224,1622],[3176,2392],[3679,2838],[3727,1760]]","[[3193,1684],[3401,1793],[3393,2038],[3187,1974],[3394,2085],[3430,2583],[3467,1755]]",[]
https://michaelalr.github.io/thesis/images/kitchen/8_segmented_sun_atkrisvsrzpbgyxu.jpg,Spices,"[[188,122],[195,247],[269,236],[264,123]]","[[188,122],[195,247],[269,236],[264,123]]","[[382,115],[385,210],[430,208],[428,116]]"
https://michaelalr.github.io/thesis/images/kitchen/13_segmented_sun_akuognalfgmelepa.jpg,Dish towels,[],"[[2260,1155],[2248,1483],[2554,1538],[2570,1192]]","[[2259,1062],[2263,1146],[2572,1171],[2569,1082]]"
https://michaelalr.github.io/thesis/images/kitchen/4_segmented_sun_aitjzvdsvqtarrmr.jpg,Bowl,[],"[[196,239],[33,249],[117,298],[40,328],[118,742],[243,703]]",[]
https://michaelalr.github.io/thesis/images/kitchen/12_segmented_sun_apqvtigeqvrranqi.jpg,Pan,"[[92,119],[88,131],[88,172],[99,172],[100,122]]","[[92,119],[88,131],[88,172],[99,172],[100,122]]","[[45,37],[45,82],[65,83],[65,39]]"
https://michaelalr.github.io/thesis/images/kitchen/4_segmented_sun_avwwzliirodvjgho.jpg,Spoon,[],[],[]
https://michaelalr.github.io/thesis/images/kitchen/16_segmented_sun_aeqdtdmvphproomc.jpg,Dish towels,"[[688,536],[683,708],[800,716],[805,541]]","[[229,673],[95,723],[94,801],[225,742]]","[[688,536],[683,708],[800,716],[805,541]]"
https://michaelalr.github.io/thesis/images/kitchen/9_segmented_sun_aglqstrezronlnjf.jpg,Bowl,[],"[[221,177],[201,182],[200,240],[221,228]]",[]
https://michaelalr.github.io/thesis/images/kitchen/15_segmented_sun_accpaomyeqmcvkyj.jpg,Tupperware containers,"[[36,218],[35,255],[86,255],[86,238]]","[[224,208],[191,222],[189,236],[187,224],[183,255],[228,255]]","[[225,8],[194,14],[194,34],[199,40],[226,36]]"
https://michaelalr.github.io/thesis/images/kitchen/17_segmented_sun_aweumkyrofkfmkbs.jpg,Pot,"[[502,483],[457,487],[463,620],[509,608]]","[[502,483],[457,487],[463,620],[509,608]]","[[502,483],[457,487],[463,620],[509,608]]"
https://michaelalr.github.io/thesis/images/kitchen/4_segmented_sun_asjldaotkjzzlxvf.jpg,Pot,"[[254,260],[254,338],[309,339],[310,274]]","[[72,183],[72,269],[114,285],[109,184]]",[]
https://michaelalr.github.io/thesis/images/kitchen/21_segmented_sun_aqrghlehjteletsp.jpg,Pot,"[[1254,687],[1251,952],[1499,1041],[1499,720]]","[[1180,687],[1173,898],[1238,919],[1242,733],[1191,717],[1239,698]]","[[1180,687],[1173,898],[1238,919],[1242,733],[1191,717],[1239,698]]"
https://michaelalr.github.io/thesis/images/kitchen/15_segmented_sun_apnxsgbjjdleuhdu.jpg,Dish towels,"[[5,66],[2,264],[33,270],[39,75]]","[[148,438],[147,400],[76,413]]","[[400,417],[353,429],[353,461],[360,465],[400,450]]"
https://michaelalr.github.io/thesis/images/kitchen/17_segmented_sun_ahbhthuvbhsokcnl.jpg,Spoon,"[[767,402],[767,441],[914,459],[915,415]]","[[767,402],[767,441],[914,459],[915,415]]","[[767,402],[767,441],[914,459],[915,415]]"
https://michaelalr.github.io/thesis/images/kitchen/11_segmented_sun_alppavgqonpwzdgq.jpg,Cutting board,"[[213,118],[211,189],[239,192],[238,117]]","[[213,118],[211,189],[239,192],[238,117]]","[[213,118],[211,189],[239,192],[238,117]]"
https://michaelalr.github.io/thesis/images/kitchen/22_segmented_sun_adoqbnxbotablpwl.jpg,Bowl,"[[804,34],[797,189],[877,191],[888,37]]","[[338,35],[344,187],[426,188],[424,34]]","[[338,35],[344,187],[426,188],[424,34]]"
https://michaelalr.github.io/thesis/images/kitchen/11_segmented_sun_attlukhjoluesdab.jpg,Mug,"[[748,215],[672,225],[673,335],[749,334]]","[[748,215],[672,225],[673,335],[749,334]]","[[748,215],[672,225],[673,335],[749,334]]"
https://michaelalr.github.io/thesis/images/kitchen/18_segmented_sun_ajmwiafzffjerzeb.jpg,Tupperware containers,"[[1261,618],[1256,862],[1364,872],[1366,623]]","[[679,855],[565,933],[571,1057],[681,965]]","[[487,58],[492,270],[565,275],[561,81]]"
https://michaelalr.github.io/thesis/images/kitchen/3_segmented_sun_ajfzhueavyzafyda.jpg,Plate,"[[55,26],[52,84],[87,84],[86,31],[91,25]]","[[55,26],[52,84],[87,84],[86,31],[91,25]]","[[55,26],[52,84],[87,84],[86,31],[91,25]]"
https://michaelalr.github.io/thesis/images/kitchen/7_segmented_sun_aglpqkbwvbofhrgt.jpg,Cutting knife,[],"[[657,577],[663,807],[729,858],[732,612]]",[]
https://michaelalr.github.io/thesis/images/kitchen/28_segmented_sun_abftihopvusyfakt.jpg,Cutting board,"[[246,530],[181,539],[181,599],[248,584]]","[[591,489],[592,527],[647,511],[645,488]]","[[247,589],[182,604],[185,802],[250,772]]"
https://michaelalr.github.io/thesis/images/kitchen/14_segmented_sun_avnblpvjwmudhfgi.jpg,Cooking oil,"[[60,41],[60,113],[85,114],[86,47]]","[[24,33],[24,83],[56,84],[57,41]]","[[60,41],[60,113],[85,114],[86,47]]"
https://michaelalr.github.io/thesis/images/kitchen/18_segmented_sun_aervnbfolgwloupr.jpg,Dish towels,"[[508,269],[507,321],[545,320],[545,269]]","[[509,407],[505,506],[525,510],[510,513],[621,521],[622,410]]","[[858,397],[857,430],[889,438],[890,404]]"
https://michaelalr.github.io/thesis/images/kitchen/14_segmented_sun_axlhgujigbdqvdzl.jpg,Tupperware containers,"[[77,177],[77,244],[133,255],[133,186]]","[[147,184],[147,254],[159,255],[156,242],[164,232],[164,186]]","[[68,72],[47,75],[48,125],[69,124]]"
https://michaelalr.github.io/thesis/images/kitchen/8_segmented_sun_abqzmgxngzzcjoax.jpg,Bowl,"[[162,159],[164,263],[218,272],[235,325],[265,326],[261,158]]","[[363,155],[264,159],[273,326],[371,322]]","[[363,155],[264,159],[273,326],[371,322]]"
https://michaelalr.github.io/thesis/images/kitchen/13_segmented_sun_afmrwmnclcjhjeus.jpg,Cooking oil,[],"[[0,0],[0,53],[36,54],[36,0]]","[[39,0],[41,83],[72,85],[74,1]]"
https://michaelalr.github.io/thesis/images/kitchen/5_segmented_sun_aordqagntlubryyo.jpg,Pot,"[[194,168],[176,172],[176,224],[195,223]]","[[194,168],[176,172],[176,224],[195,223]]","[[194,168],[176,172],[176,224],[195,223]]"
https://michaelalr.github.io/thesis/images/kitchen/18_segmented_sun_ahstnvjyvyddyeub.jpg,Pot,"[[2068,1284],[2061,1614],[2288,1622],[2305,1304]]","[[2068,1284],[2061,1614],[2288,1622],[2305,1304]]","[[1818,1263],[1808,1616],[2026,1624],[2035,1278]]"
https://michaelalr.github.io/thesis/images/kitchen/15_segmented_sun_aepbpufpcgbxxcdd.jpg,Spices,"[[1209,310],[1092,326],[1095,733],[1214,720]]","[[2003,174],[1661,236],[1661,732],[2004,725]]","[[1632,239],[1428,275],[1430,527],[1632,511]]"
https://michaelalr.github.io/thesis/images/kitchen/10_segmented_sun_aoqwbqspaxgudgtv.jpg,Cooking oil,[],"[[209,0],[210,109],[267,110],[267,0]]","[[503,1],[466,13],[466,157],[501,157]]"
https://michaelalr.github.io/thesis/images/kitchen/12_segmented_sun_ahpwonrlyygmzvtx.jpg,Pan,"[[791,829],[619,830],[616,969],[660,909],[790,864]]","[[791,829],[619,830],[616,969],[660,909],[790,864]]","[[40,296],[33,579],[173,585],[178,304]]"
https://michaelalr.github.io/thesis/images/kitchen/12_segmented_sun_auhayxruyqbwviva.jpg,Cutting board,"[[68,167],[67,251],[94,252],[94,168]]","[[185,167],[183,250],[210,250],[210,169]]","[[68,186],[68,217],[94,217],[94,186]]"
https://michaelalr.github.io/thesis/images/kitchen/6_segmented_sun_aqmyexzxzxsomrdc.jpg,Cutting board,"[[21,154],[0,160],[0,201],[24,215]]","[[231,141],[231,191],[255,189],[255,141]]","[[231,141],[231,191],[255,189],[255,141]]"
https://michaelalr.github.io/thesis/images/kitchen/9_segmented_sun_ahbnpyygquvuuxnj.jpg,Tupperware containers,"[[179,136],[179,154],[215,151],[215,135]]","[[188,29],[166,33],[171,83],[189,82]]","[[188,29],[166,33],[171,83],[189,82]]"
https://michaelalr.github.io/thesis/images/kitchen/10_segmented_sun_alxnnlzdudyhqwig.jpg,Bottle opener,"[[751,995],[439,1007],[432,1069],[747,1049]]","[[751,995],[439,1007],[432,1069],[747,1049]]","[[751,995],[439,1007],[432,1069],[747,1049]]"
https://michaelalr.github.io/thesis/images/kitchen/29_segmented_sun_ardnpvfrjblihpbw.jpg,Cutting board,"[[575,257],[576,277],[624,281],[624,259]]","[[511,275],[510,350],[570,360],[570,282]]","[[249,252],[231,254],[231,275],[250,270]]"
https://michaelalr.github.io/thesis/images/kitchen/15_segmented_sun_ambqsnbgjchnbxma.jpg,Plate,"[[1806,952],[1566,1011],[1583,1736],[1821,1751]]","[[2502,808],[2135,888],[2172,1794],[2532,1814]]","[[2116,888],[1822,953],[1844,1761],[2137,1779]]"
https://michaelalr.github.io/thesis/images/kitchen/8_segmented_sun_awlydbcriafffzcj.jpg,Plate,"[[224,54],[210,55],[210,85],[224,84]]","[[194,55],[193,85],[208,85],[209,55]]","[[224,54],[210,55],[210,85],[224,84]]"
https://michaelalr.github.io/thesis/images/kitchen/11_segmented_sun_admgsjzjxpssmhgd.jpg,Dish towels,"[[405,758],[402,695],[166,712],[199,767]]","[[781,708],[623,719],[621,766],[779,766]]","[[405,758],[402,695],[166,712],[199,767]]"
https://michaelalr.github.io/thesis/images/kitchen/16_segmented_sun_abrqmjxbzdfuepbb.jpg,Cutting knife,"[[764,309],[764,335],[799,342],[799,312]]","[[360,416],[364,463],[457,530],[480,529],[473,479]]","[[507,271],[508,290],[536,292],[535,274]]"
https://michaelalr.github.io/thesis/images/kitchen/20_segmented_sun_akoozmcccyrpzqdd.jpg,Cutting knife,[],"[[2111,1093],[2112,1181],[2483,1224],[2480,1133]]","[[1253,1003],[1096,1013],[1092,1077],[1253,1067]]"
https://michaelalr.github.io/thesis/images/kitchen/5_segmented_sun_aufsjswnjzoqgoic.jpg,Dish towels,[],"[[262,150],[259,153],[259,167],[267,170],[269,151]]",[]
https://michaelalr.github.io/thesis/images/kitchen/8_segmented_sun_acbpmjeecxukngkc.jpg,Bottle opener,[],"[[60,140],[63,241],[229,255],[230,164]]",[]
https://michaelalr.github.io/thesis/images/kitchen/17_segmented_sun_aaesgnhzvszupuvo.jpg,Bowl,"[[94,73],[97,210],[164,210],[171,82]]","[[363,107],[362,207],[430,206],[429,112]]","[[363,107],[362,207],[430,206],[429,112]]"
https://michaelalr.github.io/thesis/images/kitchen/11_segmented_sun_aamedkxepzlwuxes.jpg,Bowl,[],"[[801,1106],[577,1119],[593,1442],[814,1425]]","[[429,1123],[338,1129],[316,1236],[353,1246],[398,1341],[314,1350],[324,1459],[451,1446]]"
https://michaelalr.github.io/thesis/images/kitchen/6_segmented_sun_agzyxoehwtiyumly.jpg,Cutting knife,[],"[[1809,1276],[1636,1383],[1646,1563],[1688,1560],[1816,1457],[1830,1377]]",[]
https://michaelalr.github.io/thesis/images/kitchen/19_segmented_sun_atfbjgixahsseuyk.jpg,Bowl,"[[409,258],[412,374],[463,377],[462,262]]","[[409,258],[412,374],[463,377],[462,262]]","[[511,258],[465,264],[468,376],[513,373]]"
https://michaelalr.github.io/thesis/images/kitchen/21_segmented_sun_ajgssyhwargowdoe.jpg,Spices,"[[1084,32],[1016,39],[1012,312],[1083,309]]","[[1421,23],[1401,325],[1508,329],[1524,25]]","[[1341,25],[1237,29],[1234,195],[1338,196]]"
https://michaelalr.github.io/thesis/images/kitchen/14_segmented_sun_aixqzbxmafjalxpz.jpg,Cutting knife,[],"[[400,454],[133,476],[130,530],[398,532]]",[]
https://michaelalr.github.io/thesis/images/kitchen/5_segmented_sun_azqedyhzopkxaims.jpg,Dish towels,[],[],[]
https://michaelalr.github.io/thesis/images/kitchen/12_segmented_sun_aevezokbkeojznwq.jpg,Pan,"[[314,493],[327,662],[410,678],[411,508]]","[[314,493],[327,662],[410,678],[411,508]]","[[417,505],[422,680],[534,705],[529,521]]"
https://michaelalr.github.io/thesis/images/kitchen/18_segmented_sun_adsgbvjdzhxufiql.jpg,Spices,"[[825,161],[735,174],[736,348],[827,345]]","[[1023,132],[944,144],[946,349],[1023,350]]","[[1023,132],[944,144],[946,349],[1023,350]]"
https://michaelalr.github.io/thesis/images/kitchen/12_segmented_sun_aiprujkmqwdllusu.jpg,Cutting knife,"[[78,148],[78,192],[84,194],[83,199],[103,199],[102,149]]","[[78,148],[78,192],[84,194],[83,199],[103,199],[102,149]]",[]
https://michaelalr.github.io/thesis/images/kitchen/34_segmented_sun_ahtnfrjwdoxeudea.jpg,Dish towels,"[[703,124],[658,127],[645,140],[649,222],[705,220]]","[[614,298],[614,356],[657,428],[658,334]]","[[419,309],[387,327],[383,371],[419,343]]"
https://michaelalr.github.io/thesis/images/kitchen/12_segmented_sun_afznskzeyysxrlqg.jpg,Bowl,"[[1195,403],[1003,413],[1017,819],[1203,816]]","[[1435,396],[1232,408],[1240,821],[1441,818]]","[[284,261],[320,957],[458,917],[432,306]]"
https://michaelalr.github.io/thesis/images/kitchen/23_segmented_sun_afinbthbssumjfoj.jpg,Cooking oil,"[[593,206],[592,324],[635,322],[638,208]]","[[593,206],[592,324],[635,322],[638,208]]","[[593,206],[592,324],[635,322],[638,208]]"
https://michaelalr.github.io/thesis/images/kitchen/16_segmented_sun_azjdkacimbidsyfu.jpg,Mug,"[[194,0],[192,64],[233,66],[237,1]]","[[91,0],[91,62],[112,62],[112,0]]","[[152,0],[152,61],[188,63],[190,1]]"
https://michaelalr.github.io/thesis/images/kitchen/16_segmented_sun_azvdkcyhbadlzomw.jpg,Pan,"[[170,129],[153,135],[150,141],[150,186],[170,174]]","[[170,129],[153,135],[150,141],[150,186],[170,174]]","[[76,168],[33,181],[34,255],[49,255],[77,238]]"
https://michaelalr.github.io/thesis/images/kitchen/24_segmented_sun_ajhrjzamkghftfaw.jpg,Bottle opener,"[[174,117],[174,129],[204,130],[203,119]]","[[174,117],[174,129],[204,130],[203,119]]","[[174,117],[174,129],[204,130],[203,119]]"
https://michaelalr.github.io/thesis/images/kitchen/28_segmented_sun_agubuxuukhzyzpdp.jpg,Bowl,"[[219,149],[215,334],[321,337],[323,163]]","[[219,149],[215,334],[321,337],[323,163]]","[[569,182],[517,188],[518,339],[569,338]]"
https://michaelalr.github.io/thesis/images/kitchen/15_segmented_sun_awibgjojrzopzkdv.jpg,Cutting board,"[[664,294],[664,333],[730,319],[729,297]]","[[507,286],[504,362],[548,367],[549,286]]","[[452,309],[399,312],[397,330],[451,323]]"
https://michaelalr.github.io/thesis/images/kitchen/10_segmented_sun_apoujidafujtokxq.jpg,Bottle opener,"[[61,191],[61,205],[96,206],[95,192]]","[[61,191],[61,205],[96,206],[95,192]]","[[61,191],[61,205],[96,206],[95,192]]"
https://michaelalr.github.io/thesis/images/kitchen/3_segmented_sun_aqibpoefubxlojea.jpg,Bottle opener,[],"[[78,147],[148,99],[78,88]]",[]
https://michaelalr.github.io/thesis/images/kitchen/12_segmented_sun_aqdkkdgmqdnfvuud.jpg,Spoon,"[[674,670],[689,863],[713,871],[707,671]]","[[674,670],[689,863],[713,871],[707,671]]",[]
https://michaelalr.github.io/thesis/images/kitchen/21_segmented_sun_alazdvaixpjtegwg.jpg,Plate,"[[1076,253],[1038,271],[1024,263],[1025,436],[1084,435]]","[[1076,253],[1038,271],[1024,263],[1025,436],[1084,435]]","[[1076,253],[1038,271],[1024,263],[1025,436],[1084,435]]"
https://michaelalr.github.io/thesis/images/kitchen/7_segmented_sun_afquoeoeaykcqqep.jpg,Dish towels,"[[280,139],[277,194],[299,200],[299,139]]","[[212,144],[209,183],[232,187],[235,185],[236,146]]","[[280,139],[277,194],[299,200],[299,139]]"
https://michaelalr.github.io/thesis/images/kitchen/8_segmented_sun_anootyvkjtxwnmzg.jpg,Spices,"[[253,19],[252,68],[297,67],[298,21]]","[[140,20],[141,74],[198,74],[199,19]]","[[253,19],[252,68],[297,67],[298,21]]"
https://michaelalr.github.io/thesis/images/kitchen/4_segmented_sun_apxuwllpwemmgbav.jpg,Pan,"[[358,341],[306,345],[309,373],[320,382],[360,385]]","[[358,341],[306,345],[309,373],[320,382],[360,385]]","[[358,341],[306,345],[309,373],[320,382],[360,385]]"
https://michaelalr.github.io/thesis/images/kitchen/15_segmented_sun_abykmfxuvnluzbye.jpg,Pot,"[[808,511],[807,647],[873,762],[856,556]]","[[808,511],[807,647],[873,762],[856,556]]","[[934,677],[936,878],[968,935],[964,712]]"
https://michaelalr.github.io/thesis/images/kitchen/17_segmented_sun_adxsydjhbcsaohpl.jpg,Cooking oil,[],"[[234,66],[234,99],[255,100],[255,65]]","[[234,66],[234,99],[255,100],[255,65]]"
https://michaelalr.github.io/thesis/images/kitchen/11_segmented_sun_aqqebcbyvxpmwbdl.jpg,Pot,"[[348,316],[313,327],[314,466],[339,447]]","[[308,329],[246,348],[252,521],[312,467]]","[[348,316],[313,327],[314,466],[339,447]]"
https://michaelalr.github.io/thesis/images/kitchen/16_segmented_sun_acokbfdedzjebath.jpg,Spoon,"[[610,769],[506,774],[508,1059],[613,1051]]","[[610,769],[506,774],[508,1059],[613,1051]]",[]
https://michaelalr.github.io/thesis/images/kitchen/5_segmented_sun_ahdreidehinbxqdq.jpg,Mug,"[[88,158],[56,159],[56,193],[89,192]]","[[88,158],[56,159],[56,193],[89,192]]",[]
https://michaelalr.github.io/thesis/images/kitchen/16_segmented_sun_acbwsdvfpdealaws.jpg,Tupperware containers,"[[1216,1579],[1213,1805],[1366,1834],[1411,1879],[1394,1636],[1417,1599]]","[[952,1561],[953,1780],[1205,1807],[1204,1576]]","[[1172,879],[1022,884],[1021,1228],[1173,1228]]"
https://michaelalr.github.io/thesis/images/kitchen/11_segmented_sun_aymsbodmlgbnwkvl.jpg,Pan,"[[32,148],[32,197],[68,198],[76,191],[72,148]]","[[32,148],[32,197],[68,198],[76,191],[72,148]]","[[11,148],[11,198],[31,198],[31,148]]"
https://michaelalr.github.io/thesis/images/kitchen/5_segmented_sun_aujldmagwmsibxzw.jpg,Mug,[],"[[1261,1428],[1090,1451],[1106,1941],[1274,1930]]","[[1261,1428],[1090,1451],[1106,1941],[1274,1930]]"
https://michaelalr.github.io/thesis/images/kitchen/7_segmented_sun_aornnwoorvjqtqpn.jpg,Tupperware containers,[],"[[223,0],[209,1],[206,7],[204,60],[215,60],[216,39],[229,31],[229,4]]","[[97,0],[96,63],[119,63],[119,1]]"
https://michaelalr.github.io/thesis/images/kitchen/8_segmented_sun_azuyyjttninlteru.jpg,Plate,"[[298,0],[297,43],[361,39],[364,0]]","[[367,2],[366,43],[436,43],[424,39],[461,34],[464,0]]","[[367,2],[366,43],[436,43],[424,39],[461,34],[464,0]]"
https://michaelalr.github.io/thesis/images/kitchen/23_segmented_sun_aaytdlcupysxijma.jpg,Plate,"[[45,61],[44,181],[104,183],[105,78]]","[[45,61],[44,181],[104,183],[105,78]]","[[45,61],[44,181],[104,183],[105,78]]"
https://michaelalr.github.io/thesis/images/kitchen/7_segmented_sun_aojsybfjblbjyruv.jpg,Spoon,[],[],[]
https://michaelalr.github.io/thesis/images/kitchen/20_segmented_sun_afxjosikocdngwcq.jpg,Pan,"[[757,349],[758,374],[799,379],[799,352]]","[[757,349],[758,374],[799,379],[799,352]]","[[757,349],[758,374],[799,379],[799,352]]"
https://michaelalr.github.io/thesis/images/kitchen/11_segmented_sun_anortbveqayhhaer.jpg,Pan,"[[79,173],[81,214],[86,208],[88,216],[82,223],[155,223],[152,176]]","[[79,173],[81,214],[86,208],[88,216],[82,223],[155,223],[152,176]]","[[79,173],[81,214],[86,208],[88,216],[82,223],[155,223],[152,176]]"
https://michaelalr.github.io/thesis/images/kitchen/19_segmented_sun_aipagzgibxwolpng.jpg,Cooking oil,"[[46,76],[45,160],[76,160],[74,80]]","[[78,79],[77,123],[111,126],[111,83]]","[[147,88],[145,158],[165,158],[170,92]]"
https://michaelalr.github.io/thesis/images/kitchen/9_segmented_sun_arcladlfacwdpscn.jpg,Cutting board,"[[1797,679],[1680,702],[1676,815],[1711,809],[1725,778],[1797,763]]","[[1475,803],[1370,825],[1363,1112],[1462,1080]]","[[1755,833],[1718,823],[1672,832],[1668,934],[1752,913]]"
https://michaelalr.github.io/thesis/images/kitchen/7_segmented_sun_anmvtimtktcxssed.jpg,Cooking oil,[],"[[1636,1214],[1439,1228],[1435,1425],[1630,1411]]",[]
https://michaelalr.github.io/thesis/images/kitchen/3_segmented_sun_alkzpfimozmfmaed.jpg,Pan,"[[317,29],[295,33],[296,82],[315,82]]","[[265,36],[266,82],[277,83],[278,39]]",[]
https://michaelalr.github.io/thesis/images/kitchen/9_segmented_sun_amfrcllmfpvzdrhf.jpg,Dish towels,"[[328,45],[309,62],[313,143],[330,138]]","[[329,206],[327,281],[345,299],[374,299],[376,223]]","[[289,181],[289,229],[310,251],[311,193]]"
https://michaelalr.github.io/thesis/images/kitchen/17_segmented_sun_azzsdmycmvnftcrh.jpg,Cutting board,"[[726,1352],[195,1458],[194,1637],[732,1511]]","[[739,1557],[181,1698],[241,1937],[760,1937]]","[[2234,123],[1905,169],[1905,520],[2231,512]]"
https://michaelalr.github.io/thesis/images/kitchen/4_segmented_sun_axboudsiddqyebxz.jpg,Pot,"[[258,175],[164,183],[164,250],[250,240]]","[[161,183],[130,186],[147,252],[162,251]]","[[161,183],[130,186],[147,252],[162,251]]"
https://michaelalr.github.io/thesis/images/kitchen/12_segmented_sun_aoawqlunihjfhobf.jpg,Bowl,"[[2365,344],[2383,1546],[2620,1585],[2610,355]]","[[262,556],[291,1398],[731,1395],[760,581]]","[[262,556],[291,1398],[731,1395],[760,581]]"
https://michaelalr.github.io/thesis/images/kitchen/9_segmented_sun_agafxrlzgqivpznb.jpg,Cutting knife,"[[51,149],[51,155],[63,155],[64,154],[67,155],[67,149]]","[[51,149],[51,155],[63,155],[64,154],[67,155],[67,149]]","[[51,149],[51,155],[63,155],[64,154],[67,155],[67,149]]"
https://michaelalr.github.io/thesis/images/kitchen/20_segmented_sun_aqablbfuuqtxxfmn.jpg,Pan,"[[606,403],[603,482],[647,486],[648,406]]","[[606,403],[603,482],[647,486],[648,406]]","[[606,403],[603,482],[647,486],[648,406]]"
https://michaelalr.github.io/thesis/images/kitchen/20_segmented_sun_aqumjgbgpsdxobip.jpg,Mug,"[[479,117],[411,127],[412,247],[470,246]]","[[877,63],[784,75],[783,244],[875,242]]","[[877,63],[784,75],[783,244],[875,242]]"
https://michaelalr.github.io/thesis/images/kitchen/24_segmented_sun_ayaudcpmpcxbntrj.jpg,Tupperware containers,"[[236,298],[175,300],[177,375],[238,368]]","[[236,298],[175,300],[177,375],[238,368]]","[[110,129],[110,162],[168,163],[169,132]]"
https://michaelalr.github.io/thesis/images/kitchen/10_segmented_sun_atasereewkeozahn.jpg,Spoon,"[[202,266],[204,293],[237,297],[236,269]]","[[202,266],[204,293],[237,297],[236,269]]","[[202,266],[204,293],[237,297],[236,269]]"
https://michaelalr.github.io/thesis/images/kitchen/18_segmented_sun_atxzbztrahvcfmzh.jpg,Mug,"[[951,26],[852,57],[854,225],[940,215],[955,199]]","[[241,94],[181,89],[182,242],[185,231],[227,233],[241,215]]","[[951,26],[852,57],[854,225],[940,215],[955,199]]"
https://michaelalr.github.io/thesis/images/kitchen/14_segmented_sun_avnblpvjwmudhfgi.jpg,Dish towels,"[[79,186],[78,189],[78,199],[79,202],[83,200],[83,193]]","[[144,140],[119,145],[118,151],[125,152],[143,147]]","[[91,162],[79,164],[79,180],[92,176]]"
https://michaelalr.github.io/thesis/images/kitchen/14_segmented_sun_anoxtigjjiyfmhls.jpg,Cutting board,"[[790,792],[560,968],[571,1023],[706,1023],[717,1002],[791,1023]]","[[45,819],[42,1023],[135,1023],[137,886]]","[[293,359],[293,485],[342,487],[344,371]]"
https://michaelalr.github.io/thesis/images/kitchen/5_segmented_sun_azqkyphenhtkdugg.jpg,Plate,"[[0,0],[0,79],[48,75],[42,1]]","[[0,0],[0,79],[48,75],[42,1]]","[[0,0],[0,79],[48,75],[42,1]]"
https://michaelalr.github.io/thesis/images/kitchen/17_segmented_sun_atazodvdkbcheqyb.jpg,Bottle opener,"[[1075,411],[1071,478],[1239,497],[1245,428]]","[[1067,496],[1068,556],[1225,578],[1234,517]]","[[1075,411],[1071,478],[1239,497],[1245,428]]"
https://michaelalr.github.io/thesis/images/kitchen/14_segmented_sun_agldadusrezhmyva.jpg,Bottle opener,"[[752,511],[753,541],[868,550],[865,517]]","[[752,511],[753,541],[868,550],[865,517]]","[[662,531],[594,547],[593,586],[646,571],[647,547],[662,541]]"
https://michaelalr.github.io/thesis/images/kitchen/7_segmented_sun_aoxuiskhnqemdrin.jpg,Pan,"[[156,125],[157,167],[228,173],[227,136]]","[[112,65],[112,161],[152,167],[152,68]]",[]
https://michaelalr.github.io/thesis/images/kitchen/19_segmented_sun_abwkecxdrvamjxlk.jpg,Spoon,"[[620,466],[577,471],[578,488],[584,493],[579,525],[620,515]]","[[520,482],[352,496],[349,558],[516,526]]","[[573,471],[524,479],[531,536],[574,525]]"
https://michaelalr.github.io/thesis/images/kitchen/15_segmented_sun_akrythvshftyyyhf.jpg,Pot,"[[51,153],[50,217],[91,212],[94,154]]","[[51,153],[50,217],[91,212],[94,154]]","[[156,8],[153,84],[181,89],[186,7]]"
https://michaelalr.github.io/thesis/images/kitchen/6_segmented_sun_aonxmamtchxbkgfu.jpg,Cooking oil,[],"[[589,300],[570,484],[664,505],[681,332]]","[[685,334],[672,503],[749,520],[761,361]]"
https://michaelalr.github.io/thesis/images/kitchen/17_segmented_sun_avxehvtrgnwuduxs.jpg,Cutting board,"[[439,269],[440,301],[534,308],[532,273]]","[[411,308],[355,326],[354,462],[417,436]]","[[440,308],[439,429],[477,440],[472,359],[533,352],[533,317]]"
https://michaelalr.github.io/thesis/images/kitchen/20_segmented_sun_avdfessvodflyqdn.jpg,Spoon,[],[],[]
https://michaelalr.github.io/thesis/images/kitchen/17_segmented_sun_aynbhclwrdsvyhjx.jpg,Spoon,"[[474,320],[476,333],[537,339],[537,324]]","[[474,320],[476,333],[537,339],[537,324]]","[[428,316],[427,327],[430,329],[470,332],[470,319]]"
https://michaelalr.github.io/thesis/images/kitchen/15_segmented_sun_abenqoeveajkfutc.jpg,Cooking oil,[],"[[294,33],[293,119],[299,120],[299,33]]","[[294,33],[293,119],[299,120],[299,33]]"
https://michaelalr.github.io/thesis/images/kitchen/4_segmented_sun_ahonnmlqxaowwfmf.jpg,Bottle opener,[],"[[204,158],[205,185],[228,193],[230,159]]",[]
https://michaelalr.github.io/thesis/images/kitchen/9_segmented_sun_arsgykeodwncswyc.jpg,Pan,"[[180,175],[152,184],[152,241],[182,225]]","[[180,175],[152,184],[152,241],[182,225]]","[[51,215],[1,229],[0,255],[49,255]]"
https://michaelalr.github.io/thesis/images/kitchen/7_segmented_sun_aeeusadnvfjrmjns.jpg,Spoon,[],[],[]
https://michaelalr.github.io/thesis/images/kitchen/21_segmented_sun_avxlcmycjcngnmgn.jpg,Bottle opener,[],"[[434,364],[435,375],[480,373],[480,363],[453,361]]","[[434,364],[435,375],[480,373],[480,363],[453,361]]"
https://michaelalr.github.io/thesis/images/kitchen/9_segmented_sun_azxmyrrzkjnumpwg.jpg,Spoon,"[[655,570],[707,561],[741,547],[657,534]]",[],"[[655,570],[707,561],[741,547],[657,534]]"
https://michaelalr.github.io/thesis/images/kitchen/7_segmented_sun_azponpptvmxoxbrr.jpg,Mug,"[[110,23],[81,29],[82,89],[110,87]]","[[110,23],[81,29],[82,89],[110,87]]","[[110,23],[81,29],[82,89],[110,87]]"
https://michaelalr.github.io/thesis/images/kitchen/18_segmented_sun_adllyjippxftwxcv.jpg,Plate,"[[157,160],[154,354],[210,359],[214,172]]","[[157,160],[154,354],[210,359],[214,172]]","[[383,201],[381,351],[418,358],[421,211]]"
https://michaelalr.github.io/thesis/images/kitchen/35_segmented_sun_awwembxtbzpnilay.jpg,Plate,"[[1069,305],[1060,562],[1132,568],[1149,316]]","[[1842,283],[1717,294],[1684,603],[1818,604]]","[[1069,305],[1060,562],[1132,568],[1149,316]]"
https://michaelalr.github.io/thesis/images/kitchen/16_segmented_sun_awhvlirgpcdffbsk.jpg,Spoon,"[[433,635],[204,675],[204,730],[430,688]]","[[1363,623],[1364,670],[1669,706],[1667,654]]","[[1363,623],[1364,670],[1669,706],[1667,654]]"
https://michaelalr.github.io/thesis/images/kitchen/19_segmented_sun_akcdkzgeolyiaifi.jpg,Cutting board,[],"[[1140,660],[1133,823],[1178,837],[1185,671]]","[[627,640],[539,642],[537,777],[628,770]]"
https://michaelalr.github.io/thesis/images/kitchen/11_segmented_sun_amjiwsczphtrowfh.jpg,Bottle opener,"[[126,324],[0,329],[0,354],[123,343]]","[[389,322],[350,324],[348,340],[389,338]]","[[348,310],[348,323],[389,320],[389,308]]"
https://michaelalr.github.io/thesis/images/kitchen/4_segmented_sun_axaiaptzctpidqzg.jpg,Bowl,[],"[[650,450],[608,461],[619,500],[607,510],[609,637],[654,608]]",[]
https://michaelalr.github.io/thesis/images/kitchen/9_segmented_sun_aawsqxnvbdihsyfk.jpg,Cutting knife,"[[1629,1296],[1607,1910],[1929,1943],[1952,1613],[1875,1584],[1845,1471],[1875,1390],[1942,1403],[1948,1308]]","[[1631,1300],[1635,1463],[1841,1472],[1872,1393],[1947,1387],[1942,1308]]","[[819,1280],[709,1353],[743,1373],[714,1395],[721,1473],[828,1422]]"
https://michaelalr.github.io/thesis/images/kitchen/18_segmented_sun_artrvxkgrvxsvaqs.jpg,Spoon,"[[831,1030],[835,1068],[956,1078],[952,1038]]","[[831,1030],[835,1068],[956,1078],[952,1038]]","[[831,1030],[835,1068],[956,1078],[952,1038]]"
https://michaelalr.github.io/thesis/images/kitchen/4_segmented_sun_akolyrbcjmkaglnq.jpg,Cooking oil,[],"[[0,33],[0,132],[57,123],[51,36]]","[[42,172],[16,178],[17,223],[46,223]]"
https://michaelalr.github.io/thesis/images/kitchen/6_segmented_sun_atvmjjfmrlcvzfcj.jpg,Bottle opener,"[[55,124],[0,125],[0,164],[53,155]]","[[55,124],[0,125],[0,164],[53,155]]",[]
https://michaelalr.github.io/thesis/images/kitchen/13_segmented_sun_aizrxrylbrdfhxez.jpg,Pot,"[[165,634],[5,645],[5,790],[167,797]]","[[1154,648],[962,669],[990,694],[963,710],[966,886],[1158,854]]","[[516,181],[517,440],[680,440],[673,200]]"
https://michaelalr.github.io/thesis/images/kitchen/25_segmented_sun_ayrylyryippwjreo.jpg,Bowl,"[[0,530],[0,1073],[219,1064],[221,549]]","[[509,563],[514,1045],[744,1042],[744,583]]","[[1164,607],[1182,1014],[1360,1017],[1356,629]]"
https://michaelalr.github.io/thesis/images/kitchen/23_segmented_sun_ajnzhggqkskokvyd.jpg,Plate,"[[525,105],[458,111],[463,232],[528,230]]","[[525,105],[458,111],[463,232],[528,230]]","[[133,93],[137,238],[209,237],[205,96]]"
https://michaelalr.github.io/thesis/images/kitchen/16_segmented_sun_aklzgiqouyagaehv.jpg,Cooking oil,"[[158,16],[172,195],[210,181],[203,45]]","[[158,16],[172,195],[210,181],[203,45]]","[[158,16],[172,195],[210,181],[203,45]]"
https://michaelalr.github.io/thesis/images/kitchen/5_segmented_sun_alkecpmqioexawdy.jpg,Dish towels,"[[121,88],[122,103],[135,103],[139,100],[139,89]]","[[144,91],[141,137],[137,141],[153,147],[157,136],[166,137],[165,95]]",[]
https://michaelalr.github.io/thesis/images/kitchen/29_segmented_sun_awbjbrpvnwxtwmlq.jpg,Dish towels,"[[834,695],[738,711],[736,754],[832,738]]","[[1254,752],[1259,807],[1420,845],[1420,787]]","[[834,695],[738,711],[736,754],[832,738]]"
https://michaelalr.github.io/thesis/images/kitchen/6_segmented_sun_avvhsidaczeaeihs.jpg,Spices,"[[51,58],[50,136],[68,136],[75,122],[75,62]]","[[51,58],[50,136],[68,136],[75,122],[75,62]]","[[51,58],[50,136],[68,136],[75,122],[75,62]]"
https://michaelalr.github.io/thesis/images/kitchen/21_segmented_sun_aqysdgbofmsdlpdz.jpg,Cooking oil,"[[325,155],[318,225],[330,242],[304,298],[313,340],[349,335],[349,162]]","[[38,40],[39,190],[148,203],[145,70]]","[[325,155],[318,225],[330,242],[304,298],[313,340],[349,335],[349,162]]"
https://michaelalr.github.io/thesis/images/kitchen/17_segmented_sun_ahqnxqsmhwbvqsry.jpg,Bowl,"[[7,70],[6,119],[36,119],[36,74]]","[[7,70],[6,119],[36,119],[36,74]]","[[0,69],[0,119],[4,119],[5,70]]"
https://michaelalr.github.io/thesis/images/kitchen/7_segmented_sun_afquoeoeaykcqqep.jpg,Cooking oil,"[[129,134],[129,165],[155,157],[155,137]]","[[129,134],[129,165],[155,157],[155,137]]","[[129,134],[129,165],[155,157],[155,137]]"
https://michaelalr.github.io/thesis/images/kitchen/8_segmented_sun_ahpaxhzrggrtlmyw.jpg,Mug,[],"[[176,56],[177,108],[193,108],[194,55]]","[[156,55],[155,80],[173,81],[174,56]]"
https://michaelalr.github.io/thesis/images/kitchen/18_segmented_sun_ajysozhvdlynojyx.jpg,Plate,"[[1515,40],[1287,55],[1300,664],[1515,663]]","[[1515,40],[1287,55],[1300,664],[1515,663]]","[[2121,0],[2107,692],[2283,708],[2308,13]]"
https://michaelalr.github.io/thesis/images/kitchen/16_segmented_sun_aocbqjjzthdaefyp.jpg,Tupperware containers,"[[789,425],[784,634],[936,637],[941,426]]","[[634,425],[627,631],[778,635],[781,426]]","[[935,45],[933,249],[1016,254],[1021,45]]"
https://michaelalr.github.io/thesis/images/kitchen/3_segmented_sun_aedjkosbhqiuwszo.jpg,Mug,[],[],[]
https://michaelalr.github.io/thesis/images/kitchen/3_segmented_sun_aiomzjdlugeyovzv.jpg,Cutting knife,[],[],[]
https://michaelalr.github.io/thesis/images/kitchen/39_segmented_sun_aedjsvmemkwhsydc.jpg,Spices,"[[555,222],[547,229],[548,338],[565,341],[566,225]]","[[697,208],[648,216],[654,341],[702,338],[701,289],[690,278],[700,269]]","[[392,200],[391,289],[434,294],[436,209]]"
https://michaelalr.github.io/thesis/images/kitchen/6_segmented_sun_alismvfiaogwmmmf.jpg,Cutting board,"[[245,154],[244,205],[255,208],[255,154]]","[[245,154],[244,205],[255,208],[255,154]]","[[245,154],[244,205],[255,208],[255,154]]"
https://michaelalr.github.io/thesis/images/kitchen/10_segmented_sun_akchetnepxlcxhsu.jpg,Bowl,[],"[[271,632],[170,713],[205,1113],[291,986]]",[]
https://michaelalr.github.io/thesis/images/kitchen/26_segmented_sun_adtgrwaleinxzoar.jpg,Cutting board,"[[84,171],[89,179],[140,190],[138,173],[101,166]]","[[92,115],[92,132],[97,131],[114,138],[114,116]]","[[112,189],[110,255],[138,255],[140,198]]"
https://michaelalr.github.io/thesis/images/kitchen/4_segmented_sun_aojnatkaattiujtm.jpg,Dish towels,[],"[[152,58],[147,63],[147,103],[176,103],[176,62]]",[]
https://michaelalr.github.io/thesis/images/kitchen/18_segmented_sun_atvnrqsdiajjmmiq.jpg,Bowl,"[[112,25],[111,111],[131,112],[135,27]]","[[112,25],[111,111],[131,112],[135,27]]","[[206,17],[191,20],[193,75],[205,74]]"
https://michaelalr.github.io/thesis/images/kitchen/24_segmented_sun_akndyxefbqzbqsqy.jpg,Dish towels,"[[44,133],[27,149],[37,394],[128,394],[128,149]]","[[402,498],[297,517],[300,555],[317,565],[401,544]]","[[402,498],[297,517],[300,555],[317,565],[401,544]]"
https://michaelalr.github.io/thesis/images/kitchen/9_segmented_sun_ajzjtctqhokdsobp.jpg,Dish towels,"[[62,131],[37,137],[42,204],[65,188]]","[[62,131],[37,137],[42,204],[65,188]]","[[129,113],[116,116],[119,121],[116,123],[119,125],[116,128],[119,130],[117,160],[126,161],[129,154]]"
https://michaelalr.github.io/thesis/images/kitchen/14_segmented_sun_aotwhhmzcyiwovbg.jpg,Bottle opener,"[[803,385],[803,416],[834,436],[833,397]]","[[803,385],[803,416],[834,436],[833,397]]","[[803,385],[803,416],[834,436],[833,397]]"
https://michaelalr.github.io/thesis/images/kitchen/13_segmented_sun_arwaeytdrqazdesw.jpg,Spoon,"[[979,1311],[794,1314],[793,1376],[978,1376]]","[[979,1311],[794,1314],[793,1376],[978,1376]]","[[1567,1290],[1432,1295],[1432,1361],[1566,1353]]"
https://michaelalr.github.io/thesis/images/kitchen/17_segmented_sun_aptlcpaekbcptzde.jpg,Pan,"[[1975,1513],[1678,1528],[1668,2152],[1961,2082]]","[[1975,1513],[1678,1528],[1668,2152],[1961,2082]]","[[1315,87],[1292,526],[1482,594],[1483,880],[1537,898],[1579,192]]"
https://michaelalr.github.io/thesis/images/kitchen/7_segmented_sun_actxvsxmlpovpnrs.jpg,Spoon,"[[212,153],[212,227],[227,248],[246,231],[255,250],[255,196]]","[[212,153],[212,227],[227,248],[246,231],[255,250],[255,196]]","[[212,153],[212,227],[227,248],[246,231],[255,250],[255,196]]"
https://michaelalr.github.io/thesis/images/kitchen/27_segmented_sun_ahqkpamonbdawice.jpg,Cutting knife,"[[1901,1116],[1901,1186],[2179,1231],[2183,1154]]","[[1874,1118],[1665,1138],[1656,1212],[1868,1185]]","[[2192,1157],[2186,1233],[2378,1261],[2381,1184]]"
https://michaelalr.github.io/thesis/images/kitchen/6_segmented_sun_aopyethmvddfzajb.jpg,Spices,"[[276,275],[114,283],[120,955],[283,823]]","[[1717,357],[1690,795],[1841,827],[1855,488],[1771,352]]","[[276,275],[114,283],[120,955],[283,823]]"
https://michaelalr.github.io/thesis/images/kitchen/17_segmented_sun_adbsjzttdwmwpqtq.jpg,Plate,"[[1915,480],[1603,497],[1595,1083],[1902,1101]]","[[1915,480],[1603,497],[1595,1083],[1902,1101]]","[[1915,480],[1603,497],[1595,1083],[1902,1101]]"
https://michaelalr.github.io/thesis/images/kitchen/24_segmented_sun_arfwopmnxtkiahrf.jpg,Cutting board,"[[192,129],[192,142],[219,148],[219,135]]","[[192,144],[191,192],[220,203],[219,150]]","[[192,129],[192,142],[219,148],[219,135]]"
https://michaelalr.github.io/thesis/images/kitchen/11_segmented_sun_ahppcbyqxbwvxudf.jpg,Pot,"[[130,124],[131,161],[158,164],[159,127]]","[[198,131],[198,170],[217,171],[220,165],[220,133]]","[[198,131],[198,170],[217,171],[220,165],[220,133]]"
https://michaelalr.github.io/thesis/images/kitchen/3_segmented_sun_aggvhkfjwnmncnla.jpg,Bottle opener,[],"[[71,157],[77,255],[144,255],[139,173]]",[]
https://michaelalr.github.io/thesis/images/kitchen/8_segmented_sun_awuawixsfaurzuaa.jpg,Cooking oil,"[[106,1],[108,78],[195,77],[196,1]]","[[106,1],[108,78],[195,77],[196,1]]","[[3,1],[6,80],[103,78],[101,1]]"
https://michaelalr.github.io/thesis/images/kitchen/35_segmented_sun_amjjdeyrggfqgmom.jpg,Tupperware containers,"[[330,336],[329,460],[389,461],[391,337]]","[[330,336],[329,460],[389,461],[391,337]]","[[329,169],[329,216],[359,216],[359,169]]"
https://michaelalr.github.io/thesis/images/kitchen/15_segmented_sun_ajlpvhddeijltdry.jpg,Cutting board,"[[154,129],[151,178],[174,182],[174,131]]","[[154,129],[151,178],[174,182],[174,131]]","[[233,135],[234,193],[255,198],[255,137]]"
https://michaelalr.github.io/thesis/images/kitchen/21_segmented_sun_avxlcmycjcngnmgn.jpg,Pan,"[[720,464],[721,497],[821,511],[818,475]]","[[720,464],[721,497],[821,511],[818,475]]","[[208,139],[207,296],[261,299],[263,154]]"
https://michaelalr.github.io/thesis/images/kitchen/18_segmented_sun_afutksgwyoqttegy.jpg,Spoon,"[[106,700],[113,813],[337,849],[328,723]]","[[768,764],[771,815],[1008,837],[1004,783]]","[[768,764],[771,815],[1008,837],[1004,783]]"
https://michaelalr.github.io/thesis/images/kitchen/11_segmented_sun_awkpntcwgbhamsaq.jpg,Pot,"[[217,208],[219,239],[317,237],[316,231],[296,233],[298,214]]","[[217,208],[219,239],[317,237],[316,231],[296,233],[298,214]]","[[217,208],[219,239],[317,237],[316,231],[296,233],[298,214]]"
https://michaelalr.github.io/thesis/images/kitchen/11_segmented_sun_avkmlrrqdlwaozkp.jpg,Bowl,"[[294,37],[280,44],[283,98],[296,97]]","[[279,44],[268,49],[270,98],[279,97]]","[[294,37],[280,44],[283,98],[296,97]]"
https://michaelalr.github.io/thesis/images/kitchen/15_segmented_sun_aijgpwskalofehtx.jpg,Dish towels,"[[43,208],[0,221],[0,308],[45,304]]","[[193,204],[221,190],[222,179],[193,177]]",[]
https://michaelalr.github.io/thesis/images/kitchen/11_segmented_sun_arsrxyncydjvwcfg.jpg,Mug,"[[0,63],[0,111],[31,111],[33,66]]","[[93,72],[90,109],[120,108],[123,74]]","[[0,63],[0,111],[31,111],[33,66]]"
https://michaelalr.github.io/thesis/images/kitchen/14_segmented_sun_afjrhkizhgctrgkc.jpg,Spoon,"[[157,108],[159,171],[196,171],[199,107]]","[[157,108],[159,171],[196,171],[199,107]]",[]
https://michaelalr.github.io/thesis/images/kitchen/15_segmented_sun_akdnvlpbjrqxyapa.jpg,Cutting knife,"[[588,450],[519,468],[518,515],[586,498]]","[[588,450],[519,468],[518,515],[586,498]]","[[588,450],[519,468],[518,515],[586,498]]"
https://michaelalr.github.io/thesis/images/kitchen/9_segmented_sun_abqnjuqxnibcrktc.jpg,Spoon,"[[156,168],[143,169],[138,174],[124,178],[124,185],[156,185]]","[[156,168],[143,169],[138,174],[124,178],[124,185],[156,185]]","[[156,168],[143,169],[138,174],[124,178],[124,185],[156,185]]"
https://michaelalr.github.io/thesis/images/kitchen/11_segmented_sun_aonniutjqiyywsdi.jpg,Bottle opener,"[[51,148],[47,146],[26,147],[26,158],[48,159],[51,156]]","[[51,148],[47,146],[26,147],[26,158],[48,159],[51,156]]","[[51,148],[47,146],[26,147],[26,158],[48,159],[51,156]]"
https://michaelalr.github.io/thesis/images/kitchen/10_segmented_sun_aygauxbuinwzzvli.jpg,Cutting board,"[[24,218],[24,248],[78,249],[77,219]]","[[1,195],[1,254],[22,254],[20,195]]","[[23,194],[24,216],[77,217],[77,195]]"
https://michaelalr.github.io/thesis/images/kitchen/29_segmented_sun_agvzntnnphsuqbmn.jpg,Pot,"[[354,788],[354,945],[412,937],[415,805]]","[[345,687],[251,695],[253,959],[350,943],[349,789],[272,743],[347,717]]","[[354,788],[354,945],[412,937],[415,805]]"
https://michaelalr.github.io/thesis/images/kitchen/6_segmented_sun_aqkxfqpdzqqjublm.jpg,Cutting board,"[[747,559],[687,557],[688,610],[746,605]]","[[611,558],[613,616],[678,610],[677,560]]","[[1136,486],[1137,557],[1254,578],[1257,484]]"
https://michaelalr.github.io/thesis/images/kitchen/21_segmented_sun_aavzagnbsbymxlyh.jpg,Pan,"[[167,442],[79,449],[81,647],[172,633]]","[[353,397],[173,408],[176,633],[353,606],[331,429]]","[[913,35],[872,44],[874,233],[933,227],[933,134],[897,130],[913,100]]"
https://michaelalr.github.io/thesis/images/kitchen/13_segmented_sun_aszofvjvisonzolt.jpg,Spices,[],"[[1119,808],[1083,827],[1088,881],[1124,860]]","[[377,0],[376,406],[418,429],[381,485],[563,495],[549,51]]"
https://michaelalr.github.io/thesis/images/kitchen/24_segmented_sun_auyoxkalbowajbfm.jpg,Plate,"[[62,41],[62,141],[111,143],[112,61]]","[[62,41],[62,141],[111,143],[112,61]]","[[215,103],[215,143],[223,144],[224,105]]"
https://michaelalr.github.io/thesis/images/kitchen/10_segmented_sun_axenzhulqcsbwsge.jpg,Cooking oil,"[[597,376],[559,392],[545,421],[539,639],[587,634]]","[[877,285],[829,283],[721,348],[710,554],[857,526]]","[[597,376],[559,392],[545,421],[539,639],[587,634]]"
https://michaelalr.github.io/thesis/images/kitchen/7_segmented_sun_apghnsdayubcttjq.jpg,Plate,"[[1454,769],[1317,773],[1318,1073],[1410,1032]]","[[754,769],[753,1008],[967,1069],[977,770]]",[]
https://michaelalr.github.io/thesis/images/kitchen/10_segmented_sun_adgqasybjyktddhj.jpg,Tupperware containers,"[[825,1459],[0,1547],[0,1995],[832,1992]]","[[1874,1327],[1455,1382],[1463,1958],[1878,1823]]","[[719,0],[712,389],[1259,476],[1262,49]]"
https://michaelalr.github.io/thesis/images/kitchen/23_segmented_sun_acznlxcgnetogsai.jpg,Tupperware containers,"[[1322,1931],[1087,1950],[1081,2151],[1320,2125]]","[[1322,1931],[1087,1950],[1081,2151],[1320,2125]]","[[2129,565],[1947,606],[1944,1035],[2111,1024]]"
https://michaelalr.github.io/thesis/images/kitchen/32_segmented_sun_acjvablibmushchv.jpg,Spices,"[[919,134],[868,166],[873,311],[921,311]]","[[749,196],[702,200],[704,311],[748,308]]","[[699,200],[642,205],[641,255],[699,254]]"
https://michaelalr.github.io/thesis/images/kitchen/10_segmented_sun_alkxfzwrxgmetxtk.jpg,Pot,"[[234,197],[228,306],[299,302],[307,197]]","[[141,197],[150,250],[136,312],[225,307],[231,199]]","[[141,197],[150,250],[136,312],[225,307],[231,199]]"
https://michaelalr.github.io/thesis/images/kitchen/6_segmented_sun_aqcfatgvuovgmpzj.jpg,Pan,[],[],[]
https://michaelalr.github.io/thesis/images/kitchen/5_segmented_sun_alnfowscmpudvvhf.jpg,Dish towels,"[[156,157],[156,174],[186,182],[193,180],[191,160],[167,155]]","[[92,145],[93,157],[119,165],[125,164],[122,146],[106,143]]","[[156,157],[156,174],[186,182],[193,180],[191,160],[167,155]]"
https://michaelalr.github.io/thesis/images/kitchen/11_segmented_sun_azlseblgbnbryfyu.jpg,Cutting board,"[[196,112],[196,131],[243,130],[243,112]]","[[150,133],[152,188],[194,190],[194,133]]","[[196,112],[196,131],[243,130],[243,112]]"
https://michaelalr.github.io/thesis/images/kitchen/12_segmented_sun_agdxrnaqlzlannbk.jpg,Bowl,"[[122,29],[121,68],[146,69],[147,31]]","[[0,16],[0,66],[39,67],[40,22]]","[[43,21],[42,67],[76,67],[77,25]]"
https://michaelalr.github.io/thesis/images/kitchen/16_segmented_sun_auwirqkpgvhkulyp.jpg,Tupperware containers,"[[261,335],[206,346],[206,453],[262,427]]","[[261,335],[206,346],[206,453],[262,427]]","[[299,176],[299,269],[355,269],[356,228],[331,218],[356,212],[357,178],[337,170]]"
https://michaelalr.github.io/thesis/images/kitchen/19_segmented_sun_aevehtfrhpotvshb.jpg,Bowl,"[[684,170],[635,177],[638,273],[688,271]]","[[370,207],[369,291],[401,291],[402,208]]","[[632,177],[589,184],[590,274],[634,272]]"
https://michaelalr.github.io/thesis/images/kitchen/16_segmented_sun_alvmwfetwpwudbaa.jpg,Cutting board,"[[100,128],[64,136],[64,151],[99,142]]","[[159,112],[160,167],[170,168],[169,112]]","[[159,112],[160,167],[170,168],[169,112]]"
https://michaelalr.github.io/thesis/images/kitchen/10_segmented_sun_aphhwtkybrsdmrol.jpg,Cooking oil,"[[368,0],[360,110],[409,111],[417,1]]","[[318,0],[313,109],[358,110],[364,2]]","[[318,0],[313,109],[358,110],[364,2]]"
https://michaelalr.github.io/thesis/images/kitchen/8_segmented_sun_aesgvyjjesleubcl.jpg,Cooking oil,[],"[[335,5],[24,5],[53,485],[351,464]]","[[335,5],[24,5],[53,485],[351,464]]"
https://michaelalr.github.io/thesis/images/kitchen/6_segmented_sun_awxgbyetqqpfrlvc.jpg,Dish towels,[],"[[274,438],[134,520],[140,639],[273,639]]",[]
https://michaelalr.github.io/thesis/images/kitchen/9_segmented_sun_afijjhdhwkwqpnvc.jpg,Spoon,"[[1182,1116],[1013,1111],[1009,1157],[1180,1162]]","[[1783,1107],[1612,1105],[1608,1155],[1777,1158]]","[[1783,1107],[1612,1105],[1608,1155],[1777,1158]]"
https://michaelalr.github.io/thesis/images/kitchen/22_segmented_sun_azgxmfkamfoixcqm.jpg,Dish towels,"[[332,1333],[132,1343],[127,1416],[328,1411]]","[[332,1333],[132,1343],[127,1416],[328,1411]]","[[332,1176],[130,1176],[128,1237],[326,1234]]"
https://michaelalr.github.io/thesis/images/kitchen/14_segmented_sun_axgovunngrypgpvc.jpg,Bottle opener,"[[498,789],[209,882],[212,950],[357,951],[499,895]]","[[721,715],[507,784],[508,888],[717,806]]","[[721,715],[507,784],[508,888],[717,806]]"
https://michaelalr.github.io/thesis/images/kitchen/17_segmented_sun_dstlccpatrewxxsj.jpg,Pan,"[[24,610],[23,689],[156,689],[155,610]]","[[24,610],[23,689],[156,689],[155,610]]","[[24,610],[23,689],[156,689],[155,610]]"
https://michaelalr.github.io/thesis/images/kitchen/22_segmented_sun_asvumpnxvyjjkwdb.jpg,Plate,"[[107,51],[85,53],[85,113],[108,112]]","[[242,42],[204,45],[203,117],[243,115]]","[[111,51],[111,112],[137,113],[137,105],[130,101],[136,50]]"
https://michaelalr.github.io/thesis/images/kitchen/3_segmented_sun_afcmqevugryrkzyr.jpg,Dish towels,"[[251,0],[243,139],[362,143],[367,0]]",[],"[[343,434],[342,474],[370,531],[400,531]]"
https://michaelalr.github.io/thesis/images/kitchen/9_segmented_sun_anuzjozqcvokbpbn.jpg,Dish towels,"[[98,15],[98,143],[214,146],[217,0]]","[[480,469],[473,709],[605,765],[618,510]]","[[905,509],[873,763],[1003,765],[1023,538]]"
https://michaelalr.github.io/thesis/images/kitchen/19_segmented_sun_afgaxsjubtklhlvj.jpg,Cutting knife,"[[206,146],[206,160],[255,172],[255,156]]","[[206,146],[206,160],[255,172],[255,156]]","[[151,140],[151,151],[171,152],[171,141]]"
https://michaelalr.github.io/thesis/images/kitchen/15_segmented_sun_ayjbbohondxrpplr.jpg,Spices,"[[21,38],[17,49],[19,75],[25,76],[26,81],[46,82],[46,46],[30,37]]","[[53,44],[47,100],[79,98],[79,49]]","[[21,38],[17,49],[19,75],[25,76],[26,81],[46,82],[46,46],[30,37]]"
https://michaelalr.github.io/thesis/images/kitchen/14_segmented_sun_agldadusrezhmyva.jpg,Pan,"[[737,554],[670,574],[683,629],[691,616],[699,619],[695,629],[738,625]]","[[737,554],[670,574],[683,629],[691,616],[699,619],[695,629],[738,625]]","[[0,0],[8,441],[145,429],[143,10]]"
https://michaelalr.github.io/thesis/images/kitchen/8_segmented_sun_avhuciguscomjmvz.jpg,Plate,"[[62,0],[60,333],[170,349],[179,96]]","[[62,0],[60,333],[170,349],[179,96]]","[[62,0],[60,333],[170,349],[179,96]]"
https://michaelalr.github.io/thesis/images/kitchen/20_segmented_sun_asfboudbulzxwhfo.jpg,Tupperware containers,"[[475,237],[472,326],[502,355],[502,248]]","[[448,226],[447,303],[471,324],[471,239]]","[[128,64],[127,116],[148,121],[148,165],[167,166],[167,65]]"
https://michaelalr.github.io/thesis/images/kitchen/26_segmented_sun_audwprothuzewdlx.jpg,Plate,"[[387,187],[361,191],[361,288],[387,284]]","[[641,150],[600,156],[598,291],[642,291]]","[[689,143],[643,151],[645,292],[690,292]]"
https://michaelalr.github.io/thesis/images/kitchen/5_segmented_sun_acprxnbhnhfjvhus.jpg,Spices,"[[61,0],[67,121],[153,116],[151,0]]","[[61,0],[67,121],[153,116],[151,0]]","[[61,0],[67,121],[153,116],[151,0]]"
https://michaelalr.github.io/thesis/images/kitchen/13_segmented_sun_akuyodrxwvurgdqy.jpg,Cooking oil,"[[220,6],[170,10],[172,83],[221,84],[221,64],[182,62],[222,37]]","[[285,0],[284,85],[331,87],[331,0]]","[[285,0],[284,85],[331,87],[331,0]]"
https://michaelalr.github.io/thesis/images/kitchen/10_segmented_sun_abzcxijjgmhnhesk.jpg,Cutting board,"[[281,351],[283,431],[314,457],[313,363]]","[[262,340],[260,410],[276,428],[276,352]]","[[281,351],[283,431],[314,457],[313,363]]"
https://michaelalr.github.io/thesis/images/kitchen/12_segmented_sun_acizurwoqqreoatw.jpg,Cutting knife,"[[667,350],[668,378],[719,388],[719,357]]","[[431,296],[406,302],[406,323],[432,316]]","[[431,296],[406,302],[406,323],[432,316]]"
https://michaelalr.github.io/thesis/images/kitchen/13_segmented_sun_akdthuvmrxqcwidt.jpg,Pot,"[[114,205],[113,255],[137,255],[137,221]]","[[141,223],[140,255],[171,255],[172,246]]","[[114,205],[113,255],[137,255],[137,221]]"
https://michaelalr.github.io/thesis/images/kitchen/7_segmented_sun_aqyfqjoahtoqptph.jpg,Mug,"[[196,51],[195,108],[212,109],[215,51]]","[[168,48],[168,108],[186,109],[192,95],[191,53]]","[[36,40],[33,62],[38,79],[64,80],[65,42]]"
https://michaelalr.github.io/thesis/images/kitchen/14_segmented_sun_aarfjyzjwxufngjn.jpg,Bowl,"[[486,128],[431,130],[437,248],[490,244]]","[[656,118],[605,121],[606,249],[659,245]]","[[486,128],[431,130],[437,248],[490,244]]"
https://michaelalr.github.io/thesis/images/kitchen/12_segmented_sun_anmcbkrzkvcqchjp.jpg,Mug,"[[221,0],[221,146],[259,145],[259,121],[238,107],[260,98],[260,2]]","[[437,0],[339,0],[340,144],[373,141],[376,107],[438,101]]","[[192,0],[188,146],[217,146],[219,2]]"
https://michaelalr.github.io/thesis/images/kitchen/24_segmented_sun_ayluamvqfxzuygpz.jpg,Bowl,"[[27,38],[25,97],[62,97],[62,38]]","[[27,38],[25,97],[62,97],[62,38]]","[[152,29],[152,96],[185,98],[186,29]]"
https://michaelalr.github.io/thesis/images/kitchen/12_segmented_sun_ajhmwlpwinyyrthr.jpg,Mug,"[[190,23],[169,26],[173,84],[189,83]]","[[212,21],[192,23],[192,84],[212,84]]","[[190,23],[169,26],[173,84],[189,83]]"
https://michaelalr.github.io/thesis/images/kitchen/31_segmented_sun_axbidhchxcpixhso.jpg,Bowl,"[[875,236],[870,465],[961,468],[964,239]]","[[971,236],[966,465],[1063,467],[1065,239]]","[[1251,226],[1173,235],[1173,469],[1251,467]]"
https://michaelalr.github.io/thesis/images/kitchen/7_segmented_sun_alvictlckrcegdgb.jpg,Pan,[],"[[119,178],[119,197],[129,209],[160,209],[161,186]]","[[247,8],[248,38],[265,32],[261,43],[246,42],[247,101],[290,104],[290,17]]"
https://michaelalr.github.io/thesis/images/kitchen/11_segmented_sun_azxboynjnwpwjxyc.jpg,Tupperware containers,"[[170,153],[169,222],[200,231],[216,202],[217,168]]","[[170,153],[169,222],[200,231],[216,202],[217,168]]","[[34,77],[34,95],[44,99],[44,114],[47,79]]"
https://michaelalr.github.io/thesis/images/kitchen/11_segmented_sun_analgfwdfqgllvcx.jpg,Dish towels,"[[108,160],[108,171],[130,177],[130,163],[120,160]]","[[108,160],[108,171],[130,177],[130,163],[120,160]]","[[176,176],[176,195],[220,207],[218,186]]"
https://michaelalr.github.io/thesis/images/kitchen/12_segmented_sun_adhfecmgmohmbbia.jpg,Tupperware containers,"[[130,202],[106,220],[105,255],[131,255]]","[[213,168],[212,220],[244,239],[245,171]]","[[127,41],[126,79],[156,79],[157,40]]"
https://michaelalr.github.io/thesis/images/kitchen/5_segmented_sun_amyvbmemgihdkobf.jpg,Plate,"[[113,57],[112,106],[131,107],[132,58]]","[[113,57],[112,106],[131,107],[132,58]]","[[189,26],[174,33],[173,106],[189,104]]"
https://michaelalr.github.io/thesis/images/kitchen/11_segmented_sun_akkotpkrrvgimqpo.jpg,Cooking oil,"[[226,0],[226,34],[297,28],[298,0]]","[[172,9],[148,15],[148,43],[172,40]]","[[172,9],[148,15],[148,43],[172,40]]"
https://michaelalr.github.io/thesis/images/kitchen/15_segmented_sun_aiqccbmjcmpshxqs.jpg,Mug,"[[173,209],[169,374],[238,374],[243,213]]","[[657,59],[613,131],[590,386],[648,386]]","[[249,213],[245,364],[324,378],[333,210]]"
https://michaelalr.github.io/thesis/images/kitchen/19_segmented_sun_alyqyulcvigwjdyc.jpg,Plate,"[[181,65],[181,115],[215,111],[216,70],[200,64]]","[[105,40],[104,108],[123,110],[126,47]]","[[105,40],[104,108],[123,110],[126,47]]"
https://michaelalr.github.io/thesis/images/kitchen/11_segmented_sun_akfkrhjstcyqvgne.jpg,Cutting knife,"[[226,130],[224,127],[206,127],[205,137],[225,137]]","[[226,130],[224,127],[206,127],[205,137],[225,137]]","[[226,130],[224,127],[206,127],[205,137],[225,137]]"
https://michaelalr.github.io/thesis/images/kitchen/4_segmented_sun_atsywuyhmnvgorge.jpg,Cutting knife,"[[140,257],[116,284],[119,361],[139,361],[145,348]]","[[140,257],[116,284],[119,361],[139,361],[145,348]]","[[140,257],[116,284],[119,361],[139,361],[145,348]]"
https://michaelalr.github.io/thesis/images/kitchen/7_segmented_sun_aznhverxwxvqpodl.jpg,Cutting board,[],"[[56,217],[56,255],[107,255],[110,218]]","[[56,217],[56,255],[107,255],[110,218]]"
https://michaelalr.github.io/thesis/images/kitchen/4_segmented_sun_afuhjcrljatucmfx.jpg,Cutting board,"[[674,292],[566,286],[565,423],[596,423],[632,333],[674,335]]","[[267,264],[265,425],[387,444],[388,274]]","[[674,292],[566,286],[565,423],[596,423],[632,333],[674,335]]"
https://michaelalr.github.io/thesis/images/kitchen/16_segmented_sun_aaxzdriovikfcgov.jpg,Cutting knife,[],"[[358,323],[303,331],[303,357],[359,347]]",[]
https://michaelalr.github.io/thesis/images/kitchen/15_segmented_sun_arsbmnhkfynyueca.jpg,Cooking oil,"[[1900,574],[1755,618],[1773,1084],[1916,1106],[1918,995],[1839,982],[1913,728]]","[[1900,574],[1755,618],[1773,1084],[1916,1106],[1918,995],[1839,982],[1913,728]]","[[1900,574],[1755,618],[1773,1084],[1916,1106],[1918,995],[1839,982],[1913,728]]"
https://michaelalr.github.io/thesis/images/kitchen/20_segmented_sun_aoxoqjsocnzmelpu.jpg,Spices,"[[163,183],[161,262],[166,268],[188,267],[194,261],[194,190]]","[[206,189],[205,265],[253,263],[253,193]]","[[418,202],[416,265],[453,263],[454,204]]"
https://michaelalr.github.io/thesis/images/kitchen/17_segmented_sun_azqfvwxeexkuplvy.jpg,Cutting board,"[[564,2102],[308,2130],[332,2303],[571,2275]]","[[1516,1721],[1306,1747],[1323,2184],[1529,2153]]","[[551,1810],[237,1831],[235,1932],[552,1907]]"
https://michaelalr.github.io/thesis/images/kitchen/9_segmented_sun_aduijakaszcpfpqv.jpg,Bowl,[],"[[417,119],[352,132],[348,270],[409,276],[357,292],[414,292]]","[[422,119],[420,249],[571,251],[573,117]]"
https://michaelalr.github.io/thesis/images/kitchen/10_segmented_sun_abzvbtecrppovubu.jpg,Tupperware containers,"[[227,141],[225,227],[280,237],[283,144]]","[[124,135],[124,212],[200,221],[199,137]]","[[227,141],[225,227],[280,237],[283,144]]"
https://michaelalr.github.io/thesis/images/kitchen/4_segmented_sun_aunzlwrbjumxhwdj.jpg,Pot,"[[782,768],[730,789],[775,825],[709,860],[667,823],[754,821],[724,790],[605,843],[590,1005],[771,905]]",[],[]
https://michaelalr.github.io/thesis/images/kitchen/6_segmented_sun_avuovlwkkpipjycr.jpg,Dish towels,[],"[[424,12],[387,30],[389,193],[424,190]]",[]
https://michaelalr.github.io/thesis/images/kitchen/25_segmented_sun_atfydgsityzdbvkh.jpg,Tupperware containers,"[[7,112],[7,131],[27,131],[27,113]]","[[138,101],[138,145],[157,147],[158,104]]","[[126,172],[90,183],[90,255],[125,255]]"
https://michaelalr.github.io/thesis/images/kitchen/11_segmented_sun_analgfwdfqgllvcx.jpg,Cooking oil,"[[238,31],[202,44],[206,115],[242,113]]","[[98,58],[80,65],[80,88],[100,85]]","[[238,31],[202,44],[206,115],[242,113]]"
https://michaelalr.github.io/thesis/images/kitchen/12_segmented_sun_aupghajzactqjkid.jpg,Pot,"[[192,268],[193,316],[221,323],[223,263]]","[[189,254],[94,265],[87,285],[189,314]]","[[426,108],[391,111],[393,195],[426,194]]"
https://michaelalr.github.io/thesis/images/kitchen/4_segmented_sun_aanqwygoahedybnl.jpg,Cutting board,[],"[[2,132],[3,254],[29,255],[30,142]]","[[2,132],[3,254],[29,255],[30,142]]"
https://michaelalr.github.io/thesis/images/kitchen/19_segmented_sun_aipagzgibxwolpng.jpg,Dish towels,"[[79,211],[21,219],[24,300],[80,285]]","[[126,220],[83,226],[85,284],[106,278],[106,250],[99,240],[126,232]]","[[79,211],[21,219],[24,300],[80,285]]"
https://michaelalr.github.io/thesis/images/kitchen/14_segmented_sun_ajbpuqtgjfnvkjvn.jpg,Bowl,[],"[[301,376],[363,749],[481,807],[427,419]]",[]
https://michaelalr.github.io/thesis/images/kitchen/3_segmented_sun_amklhbmaaxwnilyz.jpg,Plate,"[[166,50],[165,91],[186,92],[187,49]]","[[255,42],[229,46],[226,95],[255,99]]","[[166,50],[165,91],[186,92],[187,49]]"
https://michaelalr.github.io/thesis/images/kitchen/5_segmented_sun_awrsusluqxyjqqzx.jpg,Bowl,"[[190,0],[189,13],[174,16],[175,62],[210,61],[216,55],[218,1]]","[[0,0],[0,70],[70,66],[70,0]]","[[0,0],[0,70],[70,66],[70,0]]"
https://michaelalr.github.io/thesis/images/kitchen/7_segmented_sun_aqtolmuozknjwtjv.jpg,Bottle opener,[],[],[]
https://michaelalr.github.io/thesis/images/kitchen/18_segmented_sun_aqspxxtjllimdzmt.jpg,Pot,"[[614,368],[614,510],[684,524],[686,373]]","[[614,368],[614,510],[684,524],[686,373]]","[[453,366],[451,460],[485,468],[485,369]]"
https://michaelalr.github.io/thesis/images/kitchen/6_segmented_sun_akbkvngfutnkqljg.jpg,Bottle opener,"[[68,136],[67,145],[70,148],[84,149],[86,138],[91,140],[91,148],[92,137]]","[[68,136],[67,145],[70,148],[84,149],[86,138],[91,140],[91,148],[92,137]]","[[68,136],[67,145],[70,148],[84,149],[86,138],[91,140],[91,148],[92,137]]"
https://michaelalr.github.io/thesis/images/kitchen/6_segmented_sun_astciqbjbskvahse.jpg,Bowl,"[[268,0],[240,26],[242,162],[288,164],[288,0]]","[[268,0],[240,26],[242,162],[288,164],[288,0]]","[[290,0],[290,164],[325,166],[315,141],[326,124],[327,0]]"
https://michaelalr.github.io/thesis/images/kitchen/14_segmented_sun_aohhvjmzftsxtion.jpg,Tupperware containers,"[[678,461],[676,578],[694,600],[701,482]]","[[515,423],[512,568],[586,571],[588,424]]","[[515,423],[512,568],[586,571],[588,424]]"
https://michaelalr.github.io/thesis/images/kitchen/19_segmented_sun_anrbnligfknyblpd.jpg,Mug,[],"[[453,95],[449,368],[586,372],[592,101]]","[[197,94],[193,400],[311,400],[315,113]]"
https://michaelalr.github.io/thesis/images/kitchen/11_segmented_sun_agxrdpjgioytptne.jpg,Dish towels,"[[124,176],[125,188],[153,195],[153,182],[133,176]]","[[216,173],[189,167],[186,222],[216,206]]","[[124,176],[125,188],[153,195],[153,182],[133,176]]"
https://michaelalr.github.io/thesis/images/kitchen/3_segmented_sun_aobtqmsjotgsxppu.jpg,Bowl,"[[697,100],[632,115],[630,228],[693,228]]","[[697,100],[632,115],[630,228],[693,228]]","[[697,100],[632,115],[630,228],[693,228]]"
https://michaelalr.github.io/thesis/images/kitchen/13_segmented_sun_ajhljrrlroysumtf.jpg,Spices,"[[20,101],[19,248],[30,251],[20,269],[55,270],[58,118]]","[[373,319],[376,330],[400,330],[402,317],[375,316]]","[[20,101],[19,248],[30,251],[20,269],[55,270],[58,118]]"
https://michaelalr.github.io/thesis/images/kitchen/7_segmented_sun_akzumputqvdvtqbq.jpg,Mug,[],"[[176,510],[162,922],[238,1003],[250,538]]",[]
https://michaelalr.github.io/thesis/images/kitchen/11_segmented_sun_aatkychuxedelnrh.jpg,Cooking oil,[],"[[434,0],[434,162],[511,166],[511,0]]",[]
https://michaelalr.github.io/thesis/images/kitchen/29_segmented_sun_avrmirtzhnncezuo.jpg,Cutting knife,"[[1181,670],[1181,715],[1279,751],[1279,697]]","[[660,558],[498,561],[496,585],[656,584]]","[[488,564],[400,563],[397,588],[485,589]]"
https://michaelalr.github.io/thesis/images/kitchen/5_segmented_sun_avthbdbpyiamvfgw.jpg,Cutting knife,"[[306,309],[302,405],[375,402],[376,362]]","[[104,336],[103,382],[120,387],[103,405],[104,471],[158,472],[159,338]]",[]
https://michaelalr.github.io/thesis/images/kitchen/27_segmented_sun_anbnpmhqqitjribf.jpg,Spoon,"[[2113,1309],[2117,1370],[2377,1404],[2375,1336]]","[[2113,1309],[2117,1370],[2377,1404],[2375,1336]]","[[2113,1309],[2117,1370],[2377,1404],[2375,1336]]"
https://michaelalr.github.io/thesis/images/kitchen/24_segmented_sun_abjllhhfuvcygwtk.jpg,Cutting knife,"[[692,1255],[164,1261],[165,1365],[689,1374]]","[[688,1124],[156,1125],[153,1244],[685,1243]]","[[1630,1099],[1394,1104],[1388,1219],[1627,1217]]"
https://michaelalr.github.io/thesis/images/kitchen/16_segmented_sun_apfgmpocoqvanbhf.jpg,Cutting board,"[[580,500],[528,556],[530,622],[580,558]]","[[883,446],[882,639],[957,644],[960,451]]","[[770,479],[773,516],[871,517],[869,481]]"
https://michaelalr.github.io/thesis/images/kitchen/9_segmented_sun_auwldxtolpavypst.jpg,Pan,"[[1213,1154],[919,1177],[935,1670],[1219,1629]]","[[1213,1154],[919,1177],[935,1670],[1219,1629]]","[[1213,1154],[919,1177],[935,1670],[1219,1629]]"
https://michaelalr.github.io/thesis/images/kitchen/9_segmented_sun_adcpeitzkudxavrz.jpg,Bottle opener,"[[176,283],[177,298],[203,311],[204,292],[192,286]]","[[178,300],[178,333],[204,350],[205,314]]","[[176,283],[177,298],[203,311],[204,292],[192,286]]"
https://michaelalr.github.io/thesis/images/kitchen/5_segmented_sun_aunbvudubwlyozvt.jpg,Cutting knife,[],[],[]
https://michaelalr.github.io/thesis/images/kitchen/20_segmented_sun_atiskpvfmpgxhhgz.jpg,Pot,"[[99,124],[77,128],[81,166],[101,164]]","[[99,124],[77,128],[81,166],[101,164]]","[[99,124],[77,128],[81,166],[101,164]]"
https://michaelalr.github.io/thesis/images/kitchen/10_segmented_sun_aqrgxouxamttjihl.jpg,Tupperware containers,"[[173,166],[168,240],[190,251],[230,250],[232,176]]","[[113,134],[100,135],[99,215],[114,210]]","[[123,16],[103,25],[104,83],[123,79]]"
https://michaelalr.github.io/thesis/images/kitchen/10_segmented_sun_auomzfdnjxojmtmx.jpg,Pan,"[[166,105],[165,168],[204,168],[205,105]]","[[80,106],[79,170],[111,172],[112,106]]","[[0,111],[0,243],[14,244],[26,230],[24,112]]"
https://michaelalr.github.io/thesis/images/kitchen/19_segmented_sun_aenotlpyftoioydp.jpg,Cooking oil,[],"[[557,484],[392,499],[405,748],[567,744]]","[[785,460],[593,484],[622,938],[810,921]]"
https://michaelalr.github.io/thesis/images/kitchen/24_segmented_sun_aczchqarcsdhjfsg.jpg,Spoon,"[[170,404],[49,409],[48,441],[165,429]]","[[170,404],[49,409],[48,441],[165,429]]","[[170,404],[49,409],[48,441],[165,429]]"
https://michaelalr.github.io/thesis/images/kitchen/7_segmented_sun_apbvocrlhkpyusdo.jpg,Bowl,"[[10,34],[4,76],[8,81],[27,81],[31,77],[30,37]]","[[10,34],[4,76],[8,81],[27,81],[31,77],[30,37]]","[[10,34],[4,76],[8,81],[27,81],[31,77],[30,37]]"
https://michaelalr.github.io/thesis/images/kitchen/13_segmented_sun_aotoslnoekdwhffb.jpg,Mug,"[[152,39],[153,141],[173,145],[174,47]]","[[152,39],[153,141],[173,145],[174,47]]","[[82,169],[54,173],[52,235],[86,228]]"
https://michaelalr.github.io/thesis/images/kitchen/13_segmented_sun_asymyduxvrjpcvzg.jpg,Cutting knife,"[[1840,1681],[1826,1857],[1950,1953],[2008,1912],[2010,2002],[2232,2162],[2268,1988]]","[[979,1421],[123,1789],[166,1981],[592,1790],[606,1687],[655,1760],[983,1608]]","[[1855,1463],[1844,1648],[1975,1739],[2035,1694],[2017,1770],[2272,1949],[2306,1759]]"
https://michaelalr.github.io/thesis/images/kitchen/3_segmented_sun_annaluuvdirmfhmm.jpg,Plate,"[[188,0],[179,491],[405,468],[369,260],[411,249],[417,8]]","[[188,0],[179,491],[405,468],[369,260],[411,249],[417,8]]","[[188,0],[179,491],[405,468],[369,260],[411,249],[417,8]]"
https://michaelalr.github.io/thesis/images/kitchen/25_segmented_sun_aqwjsdsgntnwwqwr.jpg,Spices,"[[351,90],[315,101],[317,193],[352,187]]","[[207,83],[205,189],[255,191],[263,94]]","[[149,74],[149,125],[198,130],[199,82]]"
https://michaelalr.github.io/thesis/images/kitchen/11_segmented_sun_auvqnfyukjxrzgft.jpg,Spoon,"[[245,222],[199,227],[200,249],[245,244]]","[[289,218],[247,222],[247,243],[290,239]]","[[289,218],[247,222],[247,243],[290,239]]"
https://michaelalr.github.io/thesis/images/kitchen/11_segmented_sun_aicbldtvrvbaxglv.jpg,Pot,"[[247,306],[241,304],[220,306],[218,323],[231,323],[237,319],[246,318]]",[],"[[429,182],[404,186],[405,259],[430,258]]"
https://michaelalr.github.io/thesis/images/kitchen/12_segmented_sun_apqvtigeqvrranqi.jpg,Bottle opener,"[[42,140],[22,153],[22,169],[43,151]]","[[31,147],[22,153],[23,169],[31,162]]","[[42,140],[22,153],[22,169],[43,151]]"
https://michaelalr.github.io/thesis/images/kitchen/9_segmented_sun_arsgykeodwncswyc.jpg,Bottle opener,"[[51,190],[1,201],[0,225],[50,212]]","[[181,156],[151,162],[153,181],[179,174],[182,170]]","[[181,156],[151,162],[153,181],[179,174],[182,170]]"
https://michaelalr.github.io/thesis/images/kitchen/26_segmented_sun_afpvqjrhuyzwfmmz.jpg,Pan,"[[218,263],[188,276],[187,339],[219,324],[219,292],[212,287]]","[[218,263],[188,276],[187,339],[219,324],[219,292],[212,287]]","[[218,263],[188,276],[187,339],[219,324],[219,292],[212,287]]"
https://michaelalr.github.io/thesis/images/kitchen/14_segmented_sun_aidxiohefgkvgore.jpg,Pan,"[[46,151],[8,152],[8,207],[46,203]]","[[46,151],[8,152],[8,207],[46,203]]","[[130,148],[112,148],[109,197],[130,195]]"
https://michaelalr.github.io/thesis/images/kitchen/14_segmented_sun_aqbgwjbyotmtbfny.jpg,Pot,[],[],"[[84,161],[33,175],[34,241],[85,206]]"
https://michaelalr.github.io/thesis/images/kitchen/14_segmented_sun_ajcbwwvdlsvjyzje.jpg,Spices,[],"[[692,387],[682,581],[799,587],[799,455]]",[]
https://michaelalr.github.io/thesis/images/kitchen/7_segmented_sun_aoxuiskhnqemdrin.jpg,Bottle opener,"[[156,69],[158,85],[228,89],[227,70]]","[[156,69],[158,85],[228,89],[227,70]]","[[156,69],[158,85],[228,89],[227,70]]"
https://michaelalr.github.io/thesis/images/kitchen/4_segmented_sun_aysphgehynaffrlw.jpg,Bowl,[],"[[14,180],[22,192],[22,224],[52,224],[49,180]]",[]
https://michaelalr.github.io/thesis/images/kitchen/16_segmented_sun_abwmjfnrmqjdltxn.jpg,Dish towels,"[[844,384],[682,383],[678,411],[771,413],[798,401],[837,410]]","[[100,447],[10,476],[24,588],[109,544]]","[[844,384],[682,383],[678,411],[771,413],[798,401],[837,410]]"
https://michaelalr.github.io/thesis/images/kitchen/9_segmented_sun_awaxqfcbrqznqnkl.jpg,Bowl,"[[207,10],[206,59],[231,64],[234,11]]","[[207,10],[206,59],[231,64],[234,11]]","[[237,10],[234,64],[250,67],[255,11]]"
https://michaelalr.github.io/thesis/images/kitchen/3_segmented_sun_adgzlmfmuebiydtv.jpg,Plate,"[[179,172],[138,185],[138,255],[174,255]]","[[179,172],[138,185],[138,255],[174,255]]","[[179,172],[138,185],[138,255],[174,255]]"
https://michaelalr.github.io/thesis/images/kitchen/19_segmented_sun_abujclohwuaugvev.jpg,Cutting knife,"[[1706,1247],[1710,1316],[1949,1352],[1947,1279]]","[[1705,1161],[1709,1241],[1950,1268],[1946,1182]]",[]
https://michaelalr.github.io/thesis/images/kitchen/6_segmented_sun_akbkvngfutnkqljg.jpg,Pan,"[[119,140],[119,166],[160,170],[161,188],[175,189],[176,140]]","[[119,140],[119,166],[160,170],[161,188],[175,189],[176,140]]",[]
https://michaelalr.github.io/thesis/images/kitchen/14_segmented_sun_ayvedtmvqpmkolsn.jpg,Cutting knife,"[[30,280],[0,282],[0,311],[32,307]]","[[28,248],[0,250],[0,278],[29,276]]","[[28,248],[0,250],[0,278],[29,276]]"
https://michaelalr.github.io/thesis/images/kitchen/19_segmented_sun_aixacgstjgjpkhyx.jpg,Pan,"[[803,1831],[514,1911],[577,2440],[851,2320]]","[[803,1831],[514,1911],[577,2440],[851,2320]]","[[803,1831],[514,1911],[577,2440],[851,2320]]"
https://michaelalr.github.io/thesis/images/kitchen/4_segmented_sun_ayvpqohosjjoejvr.jpg,Bowl,[],[],[]
https://michaelalr.github.io/thesis/images/kitchen/24_segmented_sun_akvqpyjwrozvtxag.jpg,Spoon,"[[674,466],[675,493],[777,521],[775,487]]","[[570,397],[511,402],[509,419],[569,417]]","[[156,437],[70,443],[68,466],[155,457]]"
https://michaelalr.github.io/thesis/images/kitchen/8_segmented_sun_aikaqgleoydvaklo.jpg,Plate,"[[0,0],[0,153],[51,153],[52,1]]","[[0,0],[0,153],[51,153],[52,1]]","[[0,0],[0,153],[51,153],[52,1]]"
https://michaelalr.github.io/thesis/images/kitchen/8_segmented_sun_aaustmdcrmpnsotk.jpg,Spoon,"[[790,412],[788,437],[876,458],[877,433]]","[[790,412],[788,437],[876,458],[877,433]]","[[790,412],[788,437],[876,458],[877,433]]"
https://michaelalr.github.io/thesis/images/kitchen/15_segmented_sun_atgeamddwdtotjox.jpg,Dish towels,"[[1677,690],[1674,765],[1864,795],[1868,714]]","[[746,723],[416,769],[436,1195],[517,1172],[483,967],[750,911]]","[[1677,690],[1674,765],[1864,795],[1868,714]]"
https://michaelalr.github.io/thesis/images/kitchen/16_segmented_sun_awbyfefkbcrlrqws.jpg,Spices,"[[1828,169],[1817,455],[2029,464],[2044,181]]","[[1565,1127],[1563,1226],[1863,1226],[1863,1126]]","[[362,136],[359,429],[580,432],[585,140]]"
https://michaelalr.github.io/thesis/images/kitchen/20_segmented_sun_aeansvwubfzuldkk.jpg,Dish towels,[],"[[197,113],[197,153],[214,156],[214,115]]","[[226,117],[226,128],[239,130],[241,129],[240,118],[229,116]]"
https://michaelalr.github.io/thesis/images/kitchen/27_segmented_sun_awbnzluklpybgpfv.jpg,Pan,"[[516,303],[549,318],[520,372],[557,380],[558,308]]","[[516,303],[549,318],[520,372],[557,380],[558,308]]","[[561,143],[523,146],[523,225],[562,225]]"
https://michaelalr.github.io/thesis/images/kitchen/7_segmented_sun_anngqlmvcsdkxoty.jpg,Pan,[],"[[313,421],[306,429],[308,498],[383,499],[383,418]]","[[313,421],[306,429],[308,498],[383,499],[383,418]]"
https://michaelalr.github.io/thesis/images/kitchen/13_segmented_sun_afmrwmnclcjhjeus.jpg,Dish towels,"[[150,0],[150,78],[198,77],[199,1]]","[[73,164],[48,166],[46,169],[47,184],[71,181],[74,178]]","[[73,184],[48,186],[48,201],[56,202],[72,198],[74,196]]"
https://michaelalr.github.io/thesis/images/kitchen/29_segmented_sun_awcpdzzznmweyyhv.jpg,Spices,"[[403,237],[354,240],[356,358],[405,356]]","[[643,225],[638,357],[726,358],[728,227]]","[[626,240],[551,240],[543,295],[622,295]]"
https://michaelalr.github.io/thesis/images/kitchen/5_segmented_sun_aanthybrmcimecps.jpg,Spoon,"[[258,194],[260,203],[294,210],[294,200]]","[[258,194],[260,203],[294,210],[294,200]]","[[258,194],[260,203],[294,210],[294,200]]"
https://michaelalr.github.io/thesis/images/kitchen/15_segmented_sun_aihktvntfqpubgrc.jpg,Pan,[],"[[1403,35],[1216,59],[1197,392],[1377,403]]",[]
https://michaelalr.github.io/thesis/images/kitchen/7_segmented_sun_aqlbjbvjkxyueixn.jpg,Bowl,"[[636,179],[584,191],[556,185],[557,265],[636,264]]","[[636,179],[584,191],[556,185],[557,265],[636,264]]","[[636,179],[584,191],[556,185],[557,265],[636,264]]"
https://michaelalr.github.io/thesis/images/kitchen/6_segmented_sun_aygobsrxfqaucfue.jpg,Spoon,"[[769,583],[584,614],[581,686],[765,647]]","[[769,583],[584,614],[581,686],[765,647]]","[[769,583],[584,614],[581,686],[765,647]]"
https://michaelalr.github.io/thesis/images/kitchen/15_segmented_sun_ajvoutjowqlesodd.jpg,Pot,[],"[[634,356],[471,385],[471,487],[633,435]]","[[634,356],[471,385],[471,487],[633,435]]"
https://michaelalr.github.io/thesis/images/kitchen/34_segmented_sun_ahtnfrjwdoxeudea.jpg,Cooking oil,"[[537,160],[508,161],[510,223],[539,221]]","[[414,164],[384,167],[384,199],[412,198]]","[[414,164],[384,167],[384,199],[412,198]]"
https://michaelalr.github.io/thesis/images/kitchen/22_segmented_sun_ajaptzzjhpwkytps.jpg,Bottle opener,"[[161,119],[161,126],[186,125],[185,119]]","[[161,119],[161,126],[186,125],[185,119]]","[[127,118],[127,123],[128,124],[140,124],[140,118],[139,117],[128,117]]"
https://michaelalr.github.io/thesis/images/kitchen/20_segmented_sun_aeqahfmphejeolas.jpg,Plate,"[[174,119],[173,194],[209,193],[210,122]]","[[174,119],[173,194],[209,193],[210,122]]","[[174,119],[173,194],[209,193],[210,122]]"
https://michaelalr.github.io/thesis/images/kitchen/7_segmented_sun_azkctnfdmyvojmql.jpg,Spices,[],"[[711,364],[713,428],[799,429],[799,363]]","[[392,367],[394,423],[463,425],[460,367]]"
https://michaelalr.github.io/thesis/images/kitchen/9_segmented_sun_atvbjydlvrlbiisv.jpg,Mug,[],"[[58,160],[35,163],[36,210],[52,207],[50,169],[60,165]]",[]
https://michaelalr.github.io/thesis/images/kitchen/18_segmented_sun_abxwwlghaoevrvij.jpg,Mug,"[[224,29],[194,32],[195,114],[225,113]]","[[224,29],[194,32],[195,114],[225,113]]","[[224,29],[194,32],[195,114],[225,113]]"
https://michaelalr.github.io/thesis/images/kitchen/11_segmented_sun_auzdbxmehubyyiej.jpg,Tupperware containers,"[[224,136],[223,186],[254,188],[255,136]]","[[204,144],[202,186],[221,186],[222,146]]","[[137,46],[136,75],[149,75],[151,72],[163,75],[166,47]]"
https://michaelalr.github.io/thesis/images/kitchen/14_segmented_sun_alkvjlybnjqbeggm.jpg,Spices,"[[157,10],[161,111],[195,115],[199,6]]","[[39,24],[2,28],[4,111],[35,110]]","[[225,16],[202,25],[208,111],[250,103],[249,54],[229,42]]"
https://michaelalr.github.io/thesis/images/kitchen/18_segmented_sun_aemyxrkefweyluzr.jpg,Cooking oil,"[[60,441],[60,510],[144,510],[145,441]]","[[60,441],[60,510],[144,510],[145,441]]","[[60,441],[60,510],[144,510],[145,441]]"
https://michaelalr.github.io/thesis/images/kitchen/15_segmented_sun_apuaydbvdodzgqrh.jpg,Spices,"[[193,51],[183,52],[183,86],[194,84]]","[[126,46],[92,47],[94,114],[126,112]]","[[210,49],[196,51],[196,86],[210,85]]"
https://michaelalr.github.io/thesis/images/kitchen/7_segmented_sun_afurvffrmypkhxcy.jpg,Pot,"[[521,301],[522,310],[537,313],[536,330],[561,332],[561,303]]","[[535,331],[529,364],[560,368],[561,333]]","[[535,331],[529,364],[560,368],[561,333]]"
https://michaelalr.github.io/thesis/images/kitchen/31_segmented_sun_alrzwxyircediuoj.jpg,Dish towels,"[[290,256],[291,269],[339,268],[338,253],[291,253]]","[[454,298],[452,324],[500,360],[502,324]]","[[183,300],[138,325],[137,362],[183,326]]"
https://michaelalr.github.io/thesis/images/kitchen/6_segmented_sun_aoojlxghnlbytrsw.jpg,Cooking oil,[],"[[157,51],[138,53],[138,82],[157,82]]",[]
https://michaelalr.github.io/thesis/images/kitchen/13_segmented_sun_amclzrytyajzxrua.jpg,Cutting board,"[[177,132],[146,143],[146,215],[179,186]]","[[266,121],[265,164],[286,169],[285,123]]","[[212,124],[213,130],[237,133],[237,127]]"
https://michaelalr.github.io/thesis/images/kitchen/20_segmented_sun_ambelotsosawzbtw.jpg,Pot,"[[917,595],[918,739],[1001,797],[1001,628]]","[[917,595],[918,739],[1001,797],[1001,628]]","[[917,595],[918,739],[1001,797],[1001,628]]"
https://michaelalr.github.io/thesis/images/kitchen/12_segmented_sun_aigzbdameucmcncs.jpg,Mug,"[[0,17],[0,157],[46,154],[47,20]]","[[187,56],[186,151],[208,154],[210,63]]","[[52,20],[50,153],[106,156],[110,35],[107,94],[92,97],[95,31]]"
https://michaelalr.github.io/thesis/images/kitchen/13_segmented_sun_ajhyqzpcqdztndcc.jpg,Tupperware containers,"[[514,499],[386,503],[391,654],[518,647]]","[[514,499],[386,503],[391,654],[518,647]]","[[378,160],[380,248],[509,247],[508,163]]"
https://michaelalr.github.io/thesis/images/kitchen/5_segmented_sun_awhuacmdrelvoffv.jpg,Tupperware containers,[],"[[816,824],[694,836],[695,1069],[817,1063]]","[[207,675],[202,772],[218,802],[270,813],[280,682],[258,671],[249,683]]"
https://michaelalr.github.io/thesis/images/kitchen/8_segmented_sun_aeadsnpycuxnamkj.jpg,Cutting board,"[[16,462],[25,503],[184,508],[178,464]]","[[847,111],[782,114],[784,278],[852,277]]","[[16,462],[25,503],[184,508],[178,464]]"
https://michaelalr.github.io/thesis/images/kitchen/12_segmented_sun_ausbszanysqejjua.jpg,Cutting board,"[[38,197],[0,208],[0,227],[39,213]]","[[166,154],[123,170],[125,249],[166,230]]","[[166,154],[123,170],[125,249],[166,230]]"
https://michaelalr.github.io/thesis/images/kitchen/25_segmented_sun_arxrvqjklsngango.jpg,Spoon,"[[998,533],[995,581],[1023,589],[1023,537]]","[[820,500],[821,541],[992,580],[992,532]]","[[820,500],[821,541],[992,580],[992,532]]"
https://michaelalr.github.io/thesis/images/kitchen/29_segmented_sun_alalhpqajafvlnho.jpg,Spices,"[[300,115],[297,212],[312,215],[319,212],[318,122]]","[[486,112],[463,116],[463,213],[487,211],[487,172],[478,168],[487,147]]","[[678,75],[628,84],[629,146],[678,141]]"
https://michaelalr.github.io/thesis/images/kitchen/13_segmented_sun_ackqjneaqdvvjxxx.jpg,Spoon,"[[177,192],[137,204],[137,255],[173,254]]","[[177,192],[137,204],[137,255],[173,254]]",[]
https://michaelalr.github.io/thesis/images/kitchen/6_segmented_sun_aofhzjjolfzqzjtx.jpg,Pot,"[[379,452],[381,458],[425,461],[423,447],[416,444],[392,442]]","[[646,252],[572,264],[575,478],[641,482],[630,418],[647,412]]","[[569,274],[520,282],[521,355],[570,350]]"
https://michaelalr.github.io/thesis/images/kitchen/18_segmented_sun_abzwmthkfhyiujlb.jpg,Spices,"[[177,130],[176,189],[197,191],[199,138]]","[[145,124],[143,187],[167,191],[173,181],[173,131]]","[[177,130],[176,189],[197,191],[199,138]]"
https://michaelalr.github.io/thesis/images/kitchen/30_segmented_sun_ahwagdkwragogywj.jpg,Mug,"[[631,134],[627,341],[686,344],[700,328],[698,145]]","[[631,134],[627,341],[686,344],[700,328],[698,145]]","[[246,86],[244,333],[339,339],[346,99]]"
https://michaelalr.github.io/thesis/images/kitchen/17_segmented_sun_aukfpxicxojyzgcx.jpg,Plate,"[[226,0],[186,1],[186,82],[225,69]]","[[118,49],[105,58],[106,105],[117,101]]","[[246,0],[245,63],[255,62],[255,0]]"
https://michaelalr.github.io/thesis/images/kitchen/13_segmented_sun_aawefvrbscajixha.jpg,Cutting knife,"[[1221,1313],[1226,1393],[1642,1473],[1642,1387]]","[[1221,1313],[1226,1393],[1642,1473],[1642,1387]]","[[311,1372],[31,1453],[33,1531],[312,1457]]"
https://michaelalr.github.io/thesis/images/kitchen/6_segmented_sun_avrjygfofnbaancn.jpg,Bottle opener,[],"[[1451,1214],[1451,1298],[1818,1331],[1819,1243]]","[[1451,1214],[1451,1298],[1818,1331],[1819,1243]]"
https://michaelalr.github.io/thesis/images/kitchen/22_segmented_sun_ampccyesshguiynu.jpg,Tupperware containers,"[[69,345],[0,365],[0,397],[68,369]]","[[655,305],[656,359],[703,372],[702,309]]","[[663,121],[624,127],[624,225],[663,222]]"
https://michaelalr.github.io/thesis/images/kitchen/9_segmented_sun_angwfdtphdyrdgir.jpg,Spoon,"[[740,693],[741,747],[878,755],[894,698]]","[[740,693],[741,747],[878,755],[894,698]]","[[740,693],[741,747],[878,755],[894,698]]"
https://michaelalr.github.io/thesis/images/kitchen/29_segmented_sun_awbjbrpvnwxtwmlq.jpg,Cooking oil,"[[522,196],[532,491],[652,487],[646,208]]","[[366,192],[375,331],[518,335],[510,195]]","[[522,196],[532,491],[652,487],[646,208]]"
https://michaelalr.github.io/thesis/images/kitchen/4_segmented_sun_apdxoksqpmpghypf.jpg,Bottle opener,[],"[[583,449],[580,597],[680,598]]","[[583,449],[580,597],[680,598]]"
https://michaelalr.github.io/thesis/images/kitchen/19_segmented_sun_azzwhxnibmsjapvf.jpg,Mug,"[[229,164],[231,339],[329,338],[327,182]]","[[229,164],[231,339],[329,338],[327,182]]","[[85,134],[86,341],[216,340],[215,161]]"
https://michaelalr.github.io/thesis/images/kitchen/24_segmented_sun_aindcaheaybfwqjq.jpg,Spices,"[[764,261],[734,264],[735,334],[765,334]]","[[764,261],[734,264],[735,334],[765,334]]","[[918,246],[863,253],[865,335],[919,332]]"
https://michaelalr.github.io/thesis/images/kitchen/4_segmented_sun_acuyusqsrgziijbt.jpg,Cooking oil,[],"[[208,123],[206,135],[213,142],[205,146],[205,162],[231,171],[231,126]]","[[9,56],[9,131],[59,127],[60,59]]"
https://michaelalr.github.io/thesis/images/kitchen/7_segmented_sun_avqqwizsdnefrpuy.jpg,Bowl,[],"[[1602,279],[1352,437],[1364,1043],[1627,988]]","[[1099,591],[933,689],[931,903],[1102,835]]"
https://michaelalr.github.io/thesis/images/kitchen/7_segmented_sun_auatsxdwxjotzqjr.jpg,Pot,"[[789,366],[753,378],[754,548],[786,515]]","[[789,366],[753,378],[754,548],[786,515]]",[]
https://michaelalr.github.io/thesis/images/kitchen/3_segmented_sun_aluxboywhcesjvtr.jpg,Pan,"[[168,150],[167,185],[178,195],[180,157]]","[[198,168],[196,213],[204,220],[207,173]]","[[168,150],[167,185],[178,195],[180,157]]"
https://michaelalr.github.io/thesis/images/kitchen/35_segmented_sun_akvioacydzmxcqdv.jpg,Spoon,"[[789,348],[757,363],[758,394],[791,374]]","[[414,328],[278,340],[277,363],[411,346]]","[[414,328],[278,340],[277,363],[411,346]]"
https://michaelalr.github.io/thesis/images/kitchen/15_segmented_sun_aedzyylvwjdibale.jpg,Pot,[],"[[517,504],[516,682],[662,683],[666,513]]","[[418,495],[410,638],[458,683],[463,500]]"
https://michaelalr.github.io/thesis/images/kitchen/13_segmented_sun_anbdugvyehqnnniw.jpg,Spices,"[[159,130],[158,163],[173,164],[173,132]]","[[159,130],[158,163],[173,164],[173,132]]","[[140,129],[138,135],[139,148],[155,149],[156,130]]"
https://michaelalr.github.io/thesis/images/kitchen/11_segmented_sun_acdnvcmjkmswfyyt.jpg,Cutting board,"[[205,137],[202,203],[223,217],[228,146]]","[[205,137],[202,203],[223,217],[228,146]]","[[234,147],[232,211],[256,223],[260,155]]"
https://michaelalr.github.io/thesis/images/kitchen/20_segmented_sun_afoysjszhjasxmhs.jpg,Tupperware containers,"[[104,282],[38,290],[39,366],[104,345]]","[[104,282],[38,290],[39,366],[104,345]]","[[648,21],[619,52],[619,143],[645,129],[639,118],[649,108]]"
https://michaelalr.github.io/thesis/images/kitchen/24_segmented_sun_amwnvllrlevpzutu.jpg,Cutting board,"[[120,151],[120,157],[140,156],[139,151]]","[[50,161],[38,163],[38,184],[52,180]]","[[165,152],[165,159],[185,159],[185,152]]"
https://michaelalr.github.io/thesis/images/kitchen/5_segmented_sun_anduzqqgxfuppoez.jpg,Cutting knife,"[[711,589],[710,643],[788,682],[790,617]]","[[711,589],[710,643],[788,682],[790,617]]",[]
https://michaelalr.github.io/thesis/images/kitchen/4_segmented_sun_ajtrrephtkfiibuh.jpg,Bowl,"[[171,11],[171,48],[190,52],[191,16]]","[[144,8],[145,50],[166,50],[168,11]]","[[171,11],[171,48],[190,52],[191,16]]"
https://michaelalr.github.io/thesis/images/kitchen/15_segmented_sun_ajdethecbcfhexju.jpg,Cooking oil,[],"[[1283,712],[1290,1308],[1447,1312],[1450,776]]","[[1283,712],[1290,1308],[1447,1312],[1450,776]]"
https://michaelalr.github.io/thesis/images/kitchen/8_segmented_sun_abyobfjwqslfgioi.jpg,Bottle opener,[],"[[112,130],[113,143],[136,136],[158,146],[157,182],[210,193],[210,134]]",[]
https://michaelalr.github.io/thesis/images/kitchen/8_segmented_sun_ayhifdswugmckchi.jpg,Pan,"[[234,150],[234,180],[255,182],[261,188],[261,154]]","[[234,150],[234,180],[255,182],[261,188],[261,154]]","[[234,150],[234,180],[255,182],[261,188],[261,154]]"
https://michaelalr.github.io/thesis/images/kitchen/8_segmented_sun_aicgglekmesaebmg.jpg,Bowl,[],"[[1,64],[1,152],[27,163],[25,68]]",[]
https://michaelalr.github.io/thesis/images/kitchen/20_segmented_sun_azxetkujrgobhzbi.jpg,Tupperware containers,"[[686,640],[690,805],[801,864],[797,675]]","[[1128,899],[1133,1041],[1300,1046],[1296,968]]","[[1129,748],[1129,891],[1298,963],[1294,801]]"
https://michaelalr.github.io/thesis/images/kitchen/8_segmented_sun_aquntugeyuunxxll.jpg,Cooking oil,"[[249,16],[241,124],[286,136],[298,20]]","[[249,16],[241,124],[286,136],[298,20]]","[[249,16],[241,124],[286,136],[298,20]]"
https://michaelalr.github.io/thesis/images/kitchen/21_segmented_sun_ajoobflsogqdrmkm.jpg,Spices,"[[251,28],[240,41],[240,95],[255,98],[255,28]]","[[205,29],[201,31],[201,93],[216,95],[217,31]]","[[68,70],[66,122],[92,125],[94,72]]"
https://michaelalr.github.io/thesis/images/kitchen/15_segmented_sun_azuozzzqnmgnubou.jpg,Cutting board,"[[172,124],[144,127],[144,140],[170,136]]","[[171,138],[144,142],[145,198],[171,188]]","[[210,119],[195,121],[194,131],[209,129]]"
https://michaelalr.github.io/thesis/images/kitchen/21_segmented_sun_acwjdupvyjsugpay.jpg,Bottle opener,"[[666,453],[562,500],[560,553],[663,498]]","[[666,453],[562,500],[560,553],[663,498]]","[[666,453],[562,500],[560,553],[663,498]]"
https://michaelalr.github.io/thesis/images/kitchen/13_segmented_sun_anyccdkltotubnee.jpg,Mug,"[[131,81],[130,128],[148,129],[148,111],[131,109],[149,96],[149,81]]","[[131,81],[130,128],[148,129],[148,111],[131,109],[149,96],[149,81]]","[[237,65],[214,72],[214,129],[236,130]]"
https://michaelalr.github.io/thesis/images/kitchen/13_segmented_sun_ansplfghtfzbawcz.jpg,Spoon,"[[497,223],[501,250],[562,258],[561,230]]","[[497,223],[501,250],[562,258],[561,230]]","[[497,223],[501,250],[562,258],[561,230]]"
https://michaelalr.github.io/thesis/images/kitchen/12_segmented_sun_afwaivvfezladsbj.jpg,Tupperware containers,"[[222,576],[85,591],[97,779],[241,745]]","[[222,576],[85,591],[97,779],[241,745]]","[[222,576],[85,591],[97,779],[241,745]]"
https://michaelalr.github.io/thesis/images/kitchen/12_segmented_sun_ahpwonrlyygmzvtx.jpg,Bottle opener,"[[0,770],[0,809],[151,808],[150,771]]","[[0,770],[0,809],[151,808],[150,771]]","[[793,772],[620,770],[617,825],[788,826]]"
https://michaelalr.github.io/thesis/images/kitchen/9_segmented_sun_awspbtmcoxakihbx.jpg,Bottle opener,[],"[[9,181],[9,250],[55,298],[107,299],[102,204]]",[]
https://michaelalr.github.io/thesis/images/kitchen/18_segmented_sun_arpdjpslyeppljuh.jpg,Cooking oil,"[[942,222],[893,246],[894,355],[943,357]]","[[942,222],[893,246],[894,355],[943,357]]","[[942,222],[893,246],[894,355],[943,357]]"
https://michaelalr.github.io/thesis/images/kitchen/6_segmented_sun_akjjfxpidxgkthco.jpg,Cutting board,"[[263,48],[263,79],[296,79],[295,47]]","[[274,48],[263,51],[263,79],[274,79],[275,77]]","[[230,74],[229,111],[239,112],[239,74]]"
https://michaelalr.github.io/thesis/images/kitchen/16_segmented_sun_agkkodqisfacojle.jpg,Tupperware containers,"[[345,297],[292,311],[295,343],[289,312],[231,324],[232,445],[346,390]]","[[139,345],[51,368],[51,529],[142,486]]","[[17,1],[13,214],[92,213],[109,17]]"
https://michaelalr.github.io/thesis/images/kitchen/15_segmented_sun_avdeakyjwzxtynyf.jpg,Mug,"[[255,30],[255,119],[296,120],[298,33]]","[[255,30],[255,119],[296,120],[298,33]]","[[255,30],[255,119],[296,120],[298,33]]"
https://michaelalr.github.io/thesis/images/kitchen/6_segmented_sun_aqdyfbdpblnrbpee.jpg,Cooking oil,"[[173,70],[166,69],[168,75],[160,80],[158,124],[175,119]]","[[204,46],[185,49],[185,59],[177,60],[177,108],[205,97]]","[[204,46],[185,49],[185,59],[177,60],[177,108],[205,97]]"
https://michaelalr.github.io/thesis/images/kitchen/5_segmented_sun_ajpanclprxjlugfr.jpg,Cooking oil,"[[184,22],[171,24],[172,69],[185,69]]","[[186,22],[187,68],[216,70],[217,21]]","[[202,20],[186,22],[189,69],[201,68]]"
https://michaelalr.github.io/thesis/images/kitchen/22_segmented_sun_afmsnwrincaowafk.jpg,Dish towels,"[[2316,1011],[2214,1041],[2211,1137],[2310,1108]]","[[1980,1114],[1577,1225],[1569,1355],[1969,1215]]","[[2316,1011],[2214,1041],[2211,1137],[2310,1108]]"
https://michaelalr.github.io/thesis/images/kitchen/8_segmented_sun_ajkqhtgcbgpcwrwn.jpg,Tupperware containers,[],"[[885,898],[883,981],[1126,1061],[1133,970]]","[[1183,772],[1154,1060],[1380,1064],[1414,825]]"
https://michaelalr.github.io/thesis/images/kitchen/4_segmented_sun_abwmcikivdikjerb.jpg,Cutting board,[],"[[240,133],[207,141],[204,238],[235,221]]","[[240,133],[207,141],[204,238],[235,221]]"
https://michaelalr.github.io/thesis/images/kitchen/15_segmented_sun_akaubuogkutluyzq.jpg,Dish towels,"[[141,66],[110,70],[111,136],[141,135]]","[[166,176],[158,227],[165,236],[189,240],[189,177],[170,176],[169,187]]","[[88,178],[61,179],[60,191],[86,190]]"
https://michaelalr.github.io/thesis/images/kitchen/10_segmented_sun_ajxqlzmoovksgjbl.jpg,Cooking oil,"[[773,184],[700,200],[700,371],[756,372]]","[[773,184],[700,200],[700,371],[756,372]]","[[773,184],[700,200],[700,371],[756,372]]"
https://michaelalr.github.io/thesis/images/kitchen/24_segmented_sun_apadxutoweoqfywa.jpg,Pot,"[[268,501],[265,662],[285,681],[330,681],[333,532]]","[[156,439],[130,446],[140,613],[156,601]]","[[694,146],[677,146],[662,162],[665,289],[698,283]]"
https://michaelalr.github.io/thesis/images/kitchen/3_segmented_sun_acyassyqjrcxulco.jpg,Bottle opener,[],"[[1031,655],[1079,831],[1219,831],[1228,654]]",[]
https://michaelalr.github.io/thesis/images/kitchen/18_segmented_sun_asohlbchxzzgeruw.jpg,Plate,"[[651,437],[582,443],[583,666],[645,664]]","[[42,410],[35,658],[119,661],[127,418]]","[[132,416],[127,657],[210,664],[214,424]]"
https://michaelalr.github.io/thesis/images/kitchen/20_segmented_sun_avdodolzmtetcmgx.jpg,Plate,"[[103,128],[103,196],[142,197],[143,135]]","[[103,128],[103,196],[142,197],[143,135]]","[[304,117],[276,122],[278,196],[304,193]]"
https://michaelalr.github.io/thesis/images/kitchen/5_segmented_sun_aeepcyqmdxlxqcnp.jpg,Spoon,"[[144,167],[148,248],[255,255],[255,222]]","[[144,167],[148,248],[255,255],[255,222]]","[[42,115],[43,135],[141,195],[141,164]]"
https://michaelalr.github.io/thesis/images/kitchen/12_segmented_sun_aebceyezzjzyaxcj.jpg,Spices,"[[1332,0],[1232,0],[1151,122],[1173,669],[1333,650]]","[[3,0],[3,631],[156,650],[177,0]]","[[189,0],[182,371],[360,473],[369,192],[223,0]]"
https://michaelalr.github.io/thesis/images/kitchen/10_segmented_sun_aofvzdorobrhxupb.jpg,Dish towels,"[[51,125],[34,130],[33,141],[53,142],[53,128]]","[[117,121],[117,143],[138,140],[135,128],[139,125],[139,121]]","[[51,125],[34,130],[33,141],[53,142],[53,128]]"
https://michaelalr.github.io/thesis/images/kitchen/21_segmented_sun_aklijrkocvkcmsfg.jpg,Spices,"[[365,114],[337,123],[335,248],[343,261],[367,261]]","[[279,141],[262,146],[263,259],[276,257]]","[[329,123],[281,140],[281,196],[330,190]]"
https://michaelalr.github.io/thesis/images/kitchen/5_segmented_sun_azlbrhejreesuacw.jpg,Spoon,"[[65,590],[72,671],[289,670],[270,623],[278,587]]","[[65,590],[72,671],[289,670],[270,623],[278,587]]",[]
https://michaelalr.github.io/thesis/images/kitchen/22_segmented_sun_abkdszjmterwgxgk.jpg,Bowl,"[[758,129],[753,361],[843,356],[851,138]]","[[949,131],[864,137],[862,356],[948,356]]","[[949,131],[864,137],[862,356],[948,356]]"
https://michaelalr.github.io/thesis/images/kitchen/14_segmented_sun_ajaqjrrippcmrkes.jpg,Mug,[],"[[64,309],[19,320],[23,405],[66,385]]",[]
https://michaelalr.github.io/thesis/images/kitchen/18_segmented_sun_afhmzgyieaylcrcs.jpg,Mug,"[[76,24],[75,63],[78,67],[94,67],[95,25]]","[[176,25],[176,67],[192,67],[193,24]]","[[123,29],[122,65],[135,66],[136,31]]"
https://michaelalr.github.io/thesis/images/kitchen/9_segmented_sun_annrglxxvocekqkh.jpg,Bottle opener,[],"[[480,156],[426,160],[426,176],[480,172]]","[[480,156],[426,160],[426,176],[480,172]]"
https://michaelalr.github.io/thesis/images/kitchen/12_segmented_sun_anfzulzazofakfhm.jpg,Bottle opener,"[[86,138],[86,150],[122,147],[122,136]]","[[122,150],[87,152],[88,175],[122,171]]","[[86,138],[86,150],[122,147],[122,136]]"
https://michaelalr.github.io/thesis/images/kitchen/6_segmented_sun_azuissejkbiouegm.jpg,Cutting board,"[[139,249],[118,271],[120,258],[80,299],[141,299]]","[[179,52],[178,105],[222,105],[221,53]]","[[139,249],[118,271],[120,258],[80,299],[141,299]]"
https://michaelalr.github.io/thesis/images/kitchen/16_segmented_sun_alvoexkareccqxgq.jpg,Spices,"[[198,73],[104,80],[105,283],[201,280]]","[[459,106],[458,228],[478,248],[459,251],[457,285],[494,279],[493,115]]","[[370,88],[368,198],[453,204],[455,106]]"
https://michaelalr.github.io/thesis/images/kitchen/8_segmented_sun_ajxvejtymbkewxpy.jpg,Bottle opener,[],"[[559,374],[557,512],[645,594],[688,597],[689,414]]",[]
https://michaelalr.github.io/thesis/images/kitchen/13_segmented_sun_acgxyyrqtufcunpm.jpg,Cutting board,"[[134,1612],[138,1777],[290,1831],[284,1657]]","[[38,1586],[41,1744],[129,1776],[126,1612]]","[[1046,1872],[1039,2314],[1376,2447],[1402,1965]]"
https://michaelalr.github.io/thesis/images/kitchen/20_segmented_sun_dmewuowblqovhpao.jpg,Cutting board,"[[328,517],[331,543],[339,530],[346,539],[354,537],[357,547],[374,541],[389,546],[386,529],[347,524],[352,521]]","[[327,547],[328,665],[388,689],[389,564]]","[[327,516],[329,544],[389,559],[388,529]]"
https://michaelalr.github.io/thesis/images/kitchen/10_segmented_sun_aofvzdorobrhxupb.jpg,Cooking oil,"[[58,30],[58,80],[76,80],[78,39]]","[[255,30],[216,31],[216,54],[255,54]]","[[29,17],[30,67],[57,69],[54,28]]"
https://michaelalr.github.io/thesis/images/kitchen/17_segmented_sun_atazodvdkbcheqyb.jpg,Pan,"[[727,631],[589,747],[598,954],[721,939]]","[[727,631],[589,747],[598,954],[721,939]]","[[727,631],[589,747],[598,954],[721,939]]"
https://michaelalr.github.io/thesis/images/kitchen/9_segmented_sun_afjedgqadxnrjorw.jpg,Cutting board,"[[45,190],[6,218],[7,255],[45,218]]","[[110,161],[92,172],[90,253],[104,227],[111,226]]","[[237,156],[236,217],[255,255],[255,163],[247,167]]"
https://michaelalr.github.io/thesis/images/kitchen/22_segmented_sun_admelewkqtwieyui.jpg,Cutting knife,"[[555,389],[555,417],[565,425],[557,424],[558,430],[571,437],[617,436],[616,417]]","[[255,295],[193,299],[192,318],[253,313]]","[[555,389],[555,417],[565,425],[557,424],[558,430],[571,437],[617,436],[616,417]]"
https://michaelalr.github.io/thesis/images/kitchen/23_segmented_sun_aduqfsegdukgvgcj.jpg,Pot,"[[1202,902],[967,957],[968,1470],[1065,1469],[1197,1377]]","[[1202,902],[967,957],[968,1470],[1065,1469],[1197,1377]]","[[556,945],[564,1463],[762,1470],[758,990]]"
https://michaelalr.github.io/thesis/images/kitchen/10_segmented_sun_awtjpzpvpolltknd.jpg,Pot,"[[165,154],[164,225],[201,239],[201,162]]","[[165,154],[164,225],[201,239],[201,162]]","[[136,23],[137,94],[156,94],[155,24]]"
https://michaelalr.github.io/thesis/images/kitchen/18_segmented_sun_aixhuynxvonrvzyk.jpg,Bottle opener,"[[224,161],[224,167],[227,169],[249,170],[249,162]]","[[224,161],[224,167],[227,169],[249,170],[249,162]]","[[122,156],[102,159],[100,166],[120,167]]"
https://michaelalr.github.io/thesis/images/kitchen/28_segmented_sun_ajdlpnpfpsslviux.jpg,Pot,"[[737,766],[731,864],[804,857],[807,785]]","[[737,766],[731,864],[804,857],[807,785]]","[[618,268],[610,519],[688,528],[703,275]]"
https://michaelalr.github.io/thesis/images/kitchen/12_segmented_sun_alzsxyrrlvfaofuc.jpg,Cutting board,"[[228,117],[210,165],[222,188],[244,141]]","[[32,130],[22,135],[32,159],[36,160],[42,158],[43,155],[35,131]]","[[32,130],[22,135],[32,159],[36,160],[42,158],[43,155],[35,131]]"
https://michaelalr.github.io/thesis/images/kitchen/7_segmented_sun_ayvqmanudpedxtym.jpg,Mug,[],"[[83,173],[85,234],[109,235],[111,173]]","[[159,129],[122,132],[124,231],[161,231]]"
https://michaelalr.github.io/thesis/images/kitchen/6_segmented_sun_aegcemhnwqsmjebm.jpg,Pot,"[[68,121],[25,128],[27,174],[44,147],[68,141]]","[[22,128],[0,131],[0,205],[26,196]]","[[22,128],[0,131],[0,205],[26,196]]"
https://michaelalr.github.io/thesis/images/kitchen/15_segmented_sun_anleedlurkiswrjv.jpg,Pan,"[[283,388],[280,497],[334,516],[337,398]]","[[283,388],[280,497],[334,516],[337,398]]","[[283,388],[280,497],[334,516],[337,398]]"
https://michaelalr.github.io/thesis/images/kitchen/22_segmented_sun_axdnhkprgnftdvgz.jpg,Bowl,"[[225,188],[222,191],[222,234],[239,235],[240,190]]","[[372,172],[374,236],[414,239],[416,172]]","[[397,170],[372,173],[376,238],[397,237]]"
https://michaelalr.github.io/thesis/images/kitchen/12_segmented_sun_azbrevchoybyrqwg.jpg,Plate,"[[184,98],[183,135],[202,137],[204,98]]","[[184,98],[183,135],[202,137],[204,98]]","[[206,96],[204,137],[217,139],[219,97]]"
https://michaelalr.github.io/thesis/images/kitchen/4_segmented_sun_aejndwwsdsuwlsuk.jpg,Mug,[],"[[174,138],[174,207],[194,214],[198,142]]","[[169,139],[149,146],[147,217],[166,207]]"
https://michaelalr.github.io/thesis/images/kitchen/12_segmented_sun_akwygwqxkobglwvv.jpg,Bottle opener,"[[1080,1016],[857,1043],[855,1104],[1074,1068]]","[[1080,1016],[857,1043],[855,1104],[1074,1068]]","[[1080,1016],[857,1043],[855,1104],[1074,1068]]"
https://michaelalr.github.io/thesis/images/kitchen/9_segmented_sun_azvqebduumzqqyzu.jpg,Cutting knife,"[[140,175],[137,245],[182,255],[184,186]]","[[140,175],[137,245],[182,255],[184,186]]",[]
https://michaelalr.github.io/thesis/images/kitchen/15_segmented_sun_aogkhseycfjfkbqt.jpg,Spices,"[[174,35],[170,57],[173,91],[179,91],[182,36]]","[[105,44],[101,57],[102,86],[119,90],[122,47]]","[[174,35],[170,57],[173,91],[179,91],[182,36]]"
https://michaelalr.github.io/thesis/images/kitchen/3_segmented_sun_aluxboywhcesjvtr.jpg,Bottle opener,"[[169,135],[167,185],[204,220],[208,150],[185,136]]","[[169,135],[167,185],[204,220],[208,150],[185,136]]",[]
https://michaelalr.github.io/thesis/images/kitchen/19_segmented_sun_azmxhfvqwtezkhky.jpg,Cooking oil,"[[1083,166],[1089,398],[1164,399],[1167,171]]","[[964,165],[964,242],[979,257],[966,260],[967,279],[1077,282],[1076,167]]","[[1083,166],[1089,398],[1164,399],[1167,171]]"
https://michaelalr.github.io/thesis/images/kitchen/7_segmented_sun_aocgwdnvkrcwgpkf.jpg,Pan,"[[190,328],[188,388],[314,465],[326,399]]","[[188,392],[191,449],[276,509],[309,511],[314,468]]","[[188,392],[191,449],[276,509],[309,511],[314,468]]"
https://michaelalr.github.io/thesis/images/kitchen/3_segmented_sun_afcmqevugryrkzyr.jpg,Cooking oil,"[[251,0],[243,139],[362,143],[367,0]]","[[81,0],[82,87],[248,91],[247,0]]","[[251,0],[243,139],[362,143],[367,0]]"
https://michaelalr.github.io/thesis/images/kitchen/25_segmented_sun_aitbkvidzggqpcdf.jpg,Pan,[],"[[537,462],[484,493],[486,648],[538,583]]","[[573,438],[540,458],[542,577],[575,536]]"
https://michaelalr.github.io/thesis/images/kitchen/9_segmented_sun_awknyxbkkvbnwwfx.jpg,Tupperware containers,"[[497,976],[87,1076],[92,1196],[499,1196]]","[[1033,800],[1010,1149],[1216,1196],[1244,855]]","[[497,976],[87,1076],[92,1196],[499,1196]]"
https://michaelalr.github.io/thesis/images/kitchen/15_segmented_sun_akdnvlpbjrqxyapa.jpg,Tupperware containers,"[[587,503],[517,527],[521,703],[591,658]]","[[587,503],[517,527],[521,703],[591,658]]","[[346,45],[263,55],[271,312],[354,304]]"
https://michaelalr.github.io/thesis/images/kitchen/11_segmented_sun_atnroamfsogtunto.jpg,Spoon,[],"[[24,141],[4,141],[4,153],[24,153]]","[[26,125],[0,125],[0,140],[24,138]]"
https://michaelalr.github.io/thesis/images/kitchen/9_segmented_sun_abzelwwlipqertyf.jpg,Pot,"[[402,280],[402,313],[447,310],[447,284]]","[[70,278],[44,285],[45,410],[71,379]]","[[402,280],[402,313],[447,310],[447,284]]"
https://michaelalr.github.io/thesis/images/kitchen/20_segmented_sun_aawuissohskzaweh.jpg,Cutting knife,"[[184,175],[166,175],[166,186],[184,186]]","[[76,170],[77,183],[95,184],[95,170]]","[[76,170],[77,183],[95,184],[95,170]]"
https://michaelalr.github.io/thesis/images/kitchen/9_segmented_sun_ajtqfkwqpektgwsv.jpg,Pan,"[[518,370],[470,362],[466,424],[476,421]]","[[518,370],[470,362],[466,424],[476,421]]","[[518,370],[470,362],[466,424],[476,421]]"
https://michaelalr.github.io/thesis/images/kitchen/16_segmented_sun_arutcrqcinqifffz.jpg,Cutting knife,"[[358,215],[358,232],[405,241],[409,238],[408,222]]","[[358,215],[358,232],[405,241],[409,238],[408,222]]","[[531,245],[539,249],[531,266],[599,279],[599,255],[561,248],[549,256]]"
https://michaelalr.github.io/thesis/images/kitchen/14_segmented_sun_awqcgyxhgldhszxe.jpg,Bowl,[],"[[1435,85],[1426,423],[1598,431],[1610,120]]","[[1783,156],[1769,588],[1942,595],[1959,194]]"
https://michaelalr.github.io/thesis/images/kitchen/13_segmented_sun_abjztzybzqmdlmsx.jpg,Dish towels,[],"[[791,1077],[790,1358],[1039,1523],[1050,1189]]","[[157,1166],[0,1188],[0,1353],[162,1326]]"
https://michaelalr.github.io/thesis/images/kitchen/14_segmented_sun_aiophbupguouqshl.jpg,Spoon,"[[476,454],[477,494],[513,540],[513,490]]","[[155,481],[0,588],[0,680],[155,537]]","[[270,409],[239,428],[242,451],[247,452],[269,435],[273,417]]"
https://michaelalr.github.io/thesis/images/kitchen/13_segmented_sun_akdrovcmzrghbysc.jpg,Pot,"[[32,152],[36,213],[77,205],[72,153]]","[[32,152],[36,213],[77,205],[72,153]]","[[208,17],[209,69],[226,69],[226,19]]"
https://michaelalr.github.io/thesis/images/kitchen/11_segmented_sun_agxrdpjgioytptne.jpg,Cooking oil,"[[165,4],[164,100],[193,102],[193,1]]","[[165,4],[164,100],[193,102],[193,1]]",[]
https://michaelalr.github.io/thesis/images/kitchen/4_segmented_sun_asgbnvkubhjfvcft.jpg,Tupperware containers,[],"[[32,62],[32,119],[55,120],[56,61]]","[[32,62],[32,119],[55,120],[56,61]]"
https://michaelalr.github.io/thesis/images/kitchen/6_segmented_sun_aqedpjgbtyhobhhr.jpg,Cutting board,"[[857,365],[861,415],[850,419],[847,480],[882,524],[888,447],[876,432],[891,430],[892,393]]","[[804,320],[797,478],[841,552],[854,362]]","[[853,413],[847,480],[881,524],[888,448]]"
https://michaelalr.github.io/thesis/images/kitchen/14_segmented_sun_axgovunngrypgpvc.jpg,Pan,"[[1171,599],[1115,626],[1083,873],[1144,827]]","[[717,812],[509,894],[507,950],[712,951]]","[[53,0],[81,355],[365,336],[354,0]]"
https://michaelalr.github.io/thesis/images/kitchen/18_segmented_sun_aaqhazmhbhefhakh.jpg,Cutting knife,"[[660,646],[434,647],[435,694],[658,689]]","[[660,646],[434,647],[435,694],[658,689]]","[[660,646],[434,647],[435,694],[658,689]]"
https://michaelalr.github.io/thesis/images/kitchen/11_segmented_sun_admgsjzjxpssmhgd.jpg,Cooking oil,[],"[[773,157],[772,403],[942,400],[944,162]]","[[773,157],[772,403],[942,400],[944,162]]"
https://michaelalr.github.io/thesis/images/kitchen/13_segmented_sun_akecsguhbpnpogdd.jpg,Bottle opener,"[[154,204],[155,223],[218,228],[218,206]]","[[154,204],[155,223],[218,228],[218,206]]","[[154,204],[155,223],[218,228],[218,206]]"
https://michaelalr.github.io/thesis/images/kitchen/8_segmented_sun_agjiitberdqjnwxn.jpg,Cutting knife,[],"[[91,148],[92,196],[119,195],[118,147]]",[]
https://michaelalr.github.io/thesis/images/kitchen/20_segmented_sun_avddtnznhmwaolag.jpg,Pan,"[[677,553],[595,564],[593,737],[673,715]]","[[677,553],[595,564],[593,737],[673,715]]","[[677,553],[595,564],[593,737],[673,715]]"
https://michaelalr.github.io/thesis/images/kitchen/16_segmented_sun_atxwizwtdimdgfgo.jpg,Dish towels,"[[209,363],[196,366],[195,385],[200,385],[209,381]]","[[258,315],[257,401],[282,402],[282,315]]","[[209,342],[196,345],[195,360],[197,364],[209,360]]"
https://michaelalr.github.io/thesis/images/kitchen/15_segmented_sun_aihktvntfqpubgrc.jpg,Bottle opener,"[[604,572],[477,572],[474,592],[504,609],[506,631],[603,622]]","[[604,572],[477,572],[474,592],[504,609],[506,631],[603,622]]","[[813,564],[810,617],[872,633],[873,576]]"
https://michaelalr.github.io/thesis/images/kitchen/8_segmented_sun_asdkumvxksutpnxf.jpg,Cutting knife,[],"[[186,108],[188,113],[202,120],[222,122],[222,109]]",[]
https://michaelalr.github.io/thesis/images/kitchen/22_segmented_sun_auclvnbkyxerrsls.jpg,Tupperware containers,"[[370,386],[311,389],[312,496],[371,488]]","[[228,394],[185,399],[186,511],[230,503]]","[[40,79],[39,319],[105,316],[107,90]]"
https://michaelalr.github.io/thesis/images/kitchen/8_segmented_sun_ahanafjicutcspsf.jpg,Spoon,[],"[[212,479],[265,515],[264,474]]",[]
https://michaelalr.github.io/thesis/images/kitchen/5_segmented_sun_aawsixgpgwqanatu.jpg,Cutting knife,"[[255,81],[172,85],[169,108],[255,101]]","[[255,81],[172,85],[169,108],[255,101]]","[[68,94],[0,98],[0,122],[68,117]]"
https://michaelalr.github.io/thesis/images/kitchen/13_segmented_sun_atprknbrmcmzrlcv.jpg,Cooking oil,"[[654,0],[651,151],[735,154],[735,1]]","[[0,0],[0,149],[45,149],[47,97],[64,94],[67,3]]","[[654,0],[651,151],[735,154],[735,1]]"
https://michaelalr.github.io/thesis/images/kitchen/3_segmented_sun_axhgjfsngwfybrwm.jpg,Dish towels,"[[0,151],[0,173],[12,175],[13,160],[19,161],[19,173],[22,150]]","[[0,151],[0,173],[12,175],[13,160],[19,161],[19,173],[22,150]]",[]
https://michaelalr.github.io/thesis/images/kitchen/3_segmented_sun_aessmjpjlakgjevk.jpg,Bowl,[],[],[]
https://michaelalr.github.io/thesis/images/kitchen/15_segmented_sun_ahrhvpdhoamfdhpf.jpg,Dish towels,"[[357,229],[356,256],[373,258],[373,229]]","[[218,61],[219,166],[250,168],[253,66]]","[[425,229],[426,245],[475,247],[475,229]]"
https://michaelalr.github.io/thesis/images/kitchen/17_segmented_sun_akocsxpmhjiwaldf.jpg,Cooking oil,"[[555,110],[510,120],[513,231],[569,230],[569,120]]","[[555,110],[510,120],[513,231],[569,230],[569,120]]","[[555,110],[510,120],[513,231],[569,230],[569,120]]"
https://michaelalr.github.io/thesis/images/kitchen/28_segmented_sun_azdafjjakhuxuixs.jpg,Cutting board,[],"[[229,135],[229,185],[251,188],[251,137]]","[[229,135],[229,185],[251,188],[251,137]]"
https://michaelalr.github.io/thesis/images/kitchen/31_segmented_sun_azaonwppdjgkypoj.jpg,Plate,"[[306,106],[307,207],[346,209],[348,113]]","[[306,106],[307,207],[346,209],[348,113]]","[[306,106],[307,207],[346,209],[348,113]]"
https://michaelalr.github.io/thesis/images/kitchen/6_segmented_sun_aribmbwevpiparvy.jpg,Plate,"[[158,0],[159,81],[206,84],[205,0]]","[[158,0],[159,81],[206,84],[205,0]]","[[158,0],[159,81],[206,84],[205,0]]"
https://michaelalr.github.io/thesis/images/kitchen/16_segmented_sun_adthtuhxofgeohjs.jpg,Cutting knife,"[[1917,958],[1600,977],[1593,1067],[1905,1040]]","[[1531,1043],[1526,995],[1332,1011],[1425,1052]]","[[2136,936],[1933,948],[1929,1009],[2116,992]]"
https://michaelalr.github.io/thesis/images/kitchen/19_segmented_sun_alqjzcdxibrncjyc.jpg,Bowl,"[[756,217],[710,220],[707,305],[755,306]]","[[161,160],[162,331],[210,334],[212,178]]","[[480,231],[479,302],[504,303],[505,232]]"
https://michaelalr.github.io/thesis/images/kitchen/10_segmented_sun_awhyjesnkspzuxcp.jpg,Spices,"[[158,59],[145,62],[145,114],[158,115],[159,109]]","[[112,49],[110,109],[112,114],[123,115],[124,53]]","[[118,147],[101,148],[100,157],[109,158],[119,155]]"
https://michaelalr.github.io/thesis/images/kitchen/4_segmented_sun_aarfiyshqohlwkmo.jpg,Spices,[],"[[1049,1346],[1054,1454],[1502,1463],[1501,1353]]","[[1049,1346],[1054,1454],[1502,1463],[1501,1353]]"
https://michaelalr.github.io/thesis/images/kitchen/35_segmented_sun_abubjfcvxrqjnbav.jpg,Tupperware containers,"[[244,136],[244,183],[255,189],[255,137]]","[[90,148],[90,186],[111,184],[112,149]]","[[88,49],[88,99],[105,99],[106,52]]"
https://michaelalr.github.io/thesis/images/kitchen/20_segmented_sun_armfagbjwyxqyxuu.jpg,Cooking oil,"[[323,265],[317,516],[378,526],[385,290]]","[[162,198],[161,322],[241,342],[243,232]]","[[323,265],[317,516],[378,526],[385,290]]"
https://michaelalr.github.io/thesis/images/kitchen/18_segmented_sun_aasextrkiiugfpvp.jpg,Spices,"[[45,22],[46,55],[71,55],[72,22]]","[[135,59],[136,91],[158,91],[159,61]]","[[135,59],[136,91],[158,91],[159,61]]"
https://michaelalr.github.io/thesis/images/kitchen/8_segmented_sun_akdbixboqwgxpilg.jpg,Cooking oil,"[[1578,539],[1461,550],[1465,836],[1578,834]]","[[1734,534],[1738,679],[1884,676],[1882,531]]","[[2057,525],[1889,533],[1893,834],[2058,830]]"
https://michaelalr.github.io/thesis/images/kitchen/9_segmented_sun_annrglxxvocekqkh.jpg,Pan,"[[480,175],[425,181],[425,235],[480,231]]","[[480,175],[425,181],[425,235],[480,231]]","[[480,175],[425,181],[425,235],[480,231]]"
https://michaelalr.github.io/thesis/images/kitchen/23_segmented_sun_ahrwldmgnrivpora.jpg,Spices,"[[422,206],[375,219],[377,347],[423,342]]","[[713,123],[621,149],[622,340],[714,333]]","[[617,152],[548,170],[550,246],[617,240]]"
https://michaelalr.github.io/thesis/images/kitchen/12_segmented_sun_amoyntvwrilrtfdq.jpg,Tupperware containers,"[[353,194],[359,220],[351,224],[349,266],[431,276],[435,197]]","[[441,48],[353,59],[358,190],[437,191]]","[[353,194],[359,220],[351,224],[349,266],[431,276],[435,197]]"
https://michaelalr.github.io/thesis/images/kitchen/13_segmented_sun_apwusgghqhtumjxk.jpg,Bowl,"[[322,46],[156,49],[165,313],[330,298]]","[[322,46],[156,49],[165,313],[330,298]]","[[322,46],[156,49],[165,313],[330,298]]"
https://michaelalr.github.io/thesis/images/kitchen/18_segmented_sun_arrwvfbgabchzxcl.jpg,Bowl,"[[33,29],[32,90],[64,91],[66,31]]","[[33,29],[32,90],[64,91],[66,31]]","[[229,48],[222,52],[223,86],[241,85],[241,49]]"
https://michaelalr.github.io/thesis/images/kitchen/12_segmented_sun_acyvmyzypyuwnann.jpg,Cooking oil,[],"[[585,125],[531,135],[536,231],[578,229]]","[[585,125],[531,135],[536,231],[578,229]]"
https://michaelalr.github.io/thesis/images/kitchen/7_segmented_sun_amtiltrukjavpund.jpg,Spoon,"[[203,126],[204,144],[255,147],[255,126]]","[[203,126],[204,144],[255,147],[255,126]]","[[0,116],[0,128],[29,127],[27,116]]"
https://michaelalr.github.io/thesis/images/kitchen/17_segmented_sun_ajrwezxmmjejxsbt.jpg,Spices,"[[695,282],[638,294],[642,438],[698,436]]","[[344,288],[345,433],[385,437],[390,293]]","[[281,283],[278,353],[335,359],[336,288]]"
https://michaelalr.github.io/thesis/images/kitchen/6_segmented_sun_agptaxeuryyomlys.jpg,Pot,"[[501,290],[494,421],[543,469],[554,323]]","[[501,290],[494,421],[543,469],[554,323]]","[[561,326],[553,476],[604,478],[616,359]]"
https://michaelalr.github.io/thesis/images/kitchen/5_segmented_sun_ajkrefpvgtunjiyi.jpg,Bottle opener,"[[975,873],[710,940],[709,1050],[977,950]]","[[975,873],[710,940],[709,1050],[977,950]]","[[975,873],[710,940],[709,1050],[977,950]]"
https://michaelalr.github.io/thesis/images/kitchen/10_segmented_sun_afgqssuyxylwzxqx.jpg,Mug,"[[1037,137],[982,144],[985,320],[1000,329],[1039,324]]","[[1099,129],[1048,140],[1047,328],[1104,324]]","[[1037,137],[982,144],[985,320],[1000,329],[1039,324]]"
https://michaelalr.github.io/thesis/images/kitchen/8_segmented_sun_anobeqeglvzrejxz.jpg,Pan,"[[151,351],[97,358],[95,383],[151,374]]","[[151,351],[97,358],[95,383],[151,374]]","[[151,351],[97,358],[95,383],[151,374]]"
https://michaelalr.github.io/thesis/images/kitchen/13_segmented_sun_ajhyqzpcqdztndcc.jpg,Cutting knife,[],"[[764,614],[762,658],[837,709],[837,655]]",[]
https://michaelalr.github.io/thesis/images/kitchen/16_segmented_sun_amtngujfdqlygigl.jpg,Bottle opener,"[[293,394],[234,398],[234,421],[290,413]]","[[293,394],[234,398],[234,421],[290,413]]","[[293,394],[234,398],[234,421],[290,413]]"
https://michaelalr.github.io/thesis/images/kitchen/3_segmented_sun_arwxovsbwvoxdhqs.jpg,Pan,[],[],[]
https://michaelalr.github.io/thesis/images/kitchen/22_segmented_sun_auclvnbkyxerrsls.jpg,Cutting knife,[],"[[554,499],[555,542],[673,621],[673,563]]",[]
https://michaelalr.github.io/thesis/images/kitchen/6_segmented_sun_ahypekanudpaloax.jpg,Bottle opener,[],[],[]
https://michaelalr.github.io/thesis/images/kitchen/5_segmented_sun_aqawafhkkqstivzp.jpg,Bowl,[],"[[150,431],[98,441],[110,610],[160,591]]",[]
https://michaelalr.github.io/thesis/images/kitchen/29_segmented_sun_adysrrgnddvmloix.jpg,Pan,"[[1162,962],[1053,971],[1047,1046],[1162,1064]]","[[2206,993],[2080,1027],[2056,1399],[2193,1325]]","[[1162,962],[1053,971],[1047,1046],[1162,1064]]"
https://michaelalr.github.io/thesis/images/kitchen/12_segmented_sun_amoyntvwrilrtfdq.jpg,Cutting knife,"[[195,279],[196,302],[253,312],[252,287]]","[[195,261],[196,278],[253,285],[251,267]]","[[195,261],[196,278],[253,285],[251,267]]"
https://michaelalr.github.io/thesis/images/kitchen/34_segmented_sun_aobyfgpmnvnnuolx.jpg,Spices,"[[2238,519],[2147,548],[2171,1240],[2251,1234]]","[[293,491],[318,1284],[733,1271],[711,515]]","[[1018,526],[1027,1224],[1275,1223],[1267,545]]"
https://michaelalr.github.io/thesis/images/kitchen/9_segmented_sun_aiytltpscsmtcmov.jpg,Pan,"[[204,175],[155,177],[154,198],[203,196]]","[[204,175],[155,177],[154,198],[203,196]]","[[253,20],[228,27],[227,81],[252,81]]"
https://michaelalr.github.io/thesis/images/kitchen/8_segmented_sun_azddwvqclpiwbamf.jpg,Spoon,[],"[[450,468],[364,476],[364,608],[450,583]]",[]
https://michaelalr.github.io/thesis/images/kitchen/3_segmented_sun_axhgjfsngwfybrwm.jpg,Cooking oil,[],"[[19,109],[18,135],[34,134],[34,116],[23,109]]",[]
https://michaelalr.github.io/thesis/images/kitchen/8_segmented_sun_auzwhookgjmsmnrs.jpg,Spices,"[[0,0],[0,43],[13,43],[19,62],[1,70],[5,98],[69,96],[58,0]]","[[0,0],[0,43],[13,43],[19,62],[1,70],[5,98],[69,96],[58,0]]","[[0,0],[0,43],[13,43],[19,62],[1,70],[5,98],[69,96],[58,0]]"
https://michaelalr.github.io/thesis/images/kitchen/26_segmented_sun_aocqytzyvaciiqom.jpg,Cutting board,"[[1012,490],[1013,521],[1162,534],[1160,500]]","[[872,543],[766,574],[776,956],[876,915]]","[[711,448],[712,490],[819,498],[810,457]]"
https://michaelalr.github.io/thesis/images/kitchen/35_segmented_sun_abubjfcvxrqjnbav.jpg,Cutting knife,"[[222,134],[222,142],[241,145],[241,135],[229,133]]","[[182,134],[182,142],[200,141],[200,133]]","[[139,136],[140,144],[155,143],[154,134],[145,134]]"
https://michaelalr.github.io/thesis/images/kitchen/17_segmented_sun_axvthmyvksaaewbo.jpg,Cooking oil,"[[138,187],[136,256],[163,258],[165,191]]","[[53,174],[54,212],[98,214],[97,177]]","[[249,198],[248,246],[258,257],[277,260],[278,204]]"
https://michaelalr.github.io/thesis/images/kitchen/21_segmented_sun_ajejxqslrijgyqof.jpg,Plate,"[[135,139],[105,141],[105,186],[135,184]]","[[135,139],[105,141],[105,186],[135,184]]","[[50,107],[47,107],[47,114],[36,114],[36,150],[49,151]]"
https://michaelalr.github.io/thesis/images/kitchen/18_segmented_sun_ataniphupyuxeowc.jpg,Tupperware containers,"[[1318,872],[1088,879],[1091,1046],[1322,1046]]","[[811,621],[807,839],[910,841],[911,623]]","[[1318,872],[1088,879],[1091,1046],[1322,1046]]"
https://michaelalr.github.io/thesis/images/kitchen/6_segmented_sun_anqbgsrsrexcysjo.jpg,Tupperware containers,[],"[[864,302],[720,307],[722,430],[866,426]]","[[366,285],[362,443],[386,448],[388,297]]"
https://michaelalr.github.io/thesis/images/kitchen/12_segmented_sun_anjtmqarnlwcfocw.jpg,Spoon,"[[227,127],[225,129],[225,138],[227,138],[235,144],[236,133],[231,128]]",[],"[[227,127],[225,129],[225,138],[227,138],[235,144],[236,133],[231,128]]"
https://michaelalr.github.io/thesis/images/kitchen/8_segmented_sun_ahxwucrovvqlcjtp.jpg,Cooking oil,"[[59,14],[58,69],[88,70],[84,15]]","[[59,14],[58,69],[88,70],[84,15]]","[[59,14],[58,69],[88,70],[84,15]]"
https://michaelalr.github.io/thesis/images/kitchen/15_segmented_sun_azfvmsmpvphupjpu.jpg,Spoon,"[[1108,1005],[1170,1002],[1174,865],[1361,846],[1363,790],[1110,788]]","[[1108,1005],[1170,1002],[1174,865],[1361,846],[1363,790],[1110,788]]","[[284,1110],[158,1196],[166,1300],[288,1201]]"
https://michaelalr.github.io/thesis/images/kitchen/6_segmented_sun_alwfvfiplintneex.jpg,Pot,"[[352,326],[351,303],[253,308]]","[[352,326],[351,303],[253,308]]",[]
https://michaelalr.github.io/thesis/images/kitchen/14_segmented_sun_agysnixnkhpsvtmr.jpg,Plate,"[[815,209],[799,221],[799,325],[814,321]]","[[815,209],[799,221],[799,325],[814,321]]","[[815,209],[799,221],[799,325],[814,321]]"
https://michaelalr.github.io/thesis/images/kitchen/19_segmented_sun_aoolvrawhfwoiiwg.jpg,Pan,"[[213,304],[103,320],[105,444],[214,401],[213,340],[200,330]]","[[213,304],[103,320],[105,444],[214,401],[213,340],[200,330]]","[[784,104],[749,110],[750,224],[784,222]]"
https://michaelalr.github.io/thesis/images/kitchen/14_segmented_sun_adswmdfkombffqhi.jpg,Mug,"[[856,6],[717,17],[728,311],[870,294]]","[[856,6],[717,17],[728,311],[870,294]]","[[615,55],[545,81],[549,334],[627,323]]"
https://michaelalr.github.io/thesis/images/kitchen/10_segmented_sun_ansziielvokvppkf.jpg,Mug,"[[525,140],[523,307],[566,311],[569,155]]","[[200,35],[201,303],[310,310],[307,72]]","[[35,0],[24,310],[178,305],[178,27]]"
https://michaelalr.github.io/thesis/images/kitchen/10_segmented_sun_amtjxsanqdidbljy.jpg,Cutting knife,"[[216,157],[215,210],[230,214],[231,159]]","[[216,157],[215,210],[230,214],[231,159]]","[[216,157],[215,210],[230,214],[231,159]]"
https://michaelalr.github.io/thesis/images/kitchen/10_segmented_sun_axigcfpcmefosgzo.jpg,Pot,[],"[[57,212],[21,255],[61,255]]",[]
https://michaelalr.github.io/thesis/images/kitchen/7_segmented_sun_akiemvqrcyuwkarb.jpg,Pan,"[[133,161],[132,239],[147,253],[149,164]]","[[133,161],[132,239],[147,253],[149,164]]","[[133,161],[132,239],[147,253],[149,164]]"
https://michaelalr.github.io/thesis/images/kitchen/10_segmented_sun_aqrgxouxamttjihl.jpg,Cutting knife,[],"[[134,138],[142,154],[238,171],[236,148]]",[]
https://michaelalr.github.io/thesis/images/kitchen/15_segmented_sun_ajdethecbcfhexju.jpg,Dish towels,[],"[[1560,1688],[1556,2106],[1637,2132],[1658,2248],[1787,2256],[1784,1708]]","[[1039,2228],[856,2353],[876,2676],[1041,2559]]"
https://michaelalr.github.io/thesis/images/kitchen/20_segmented_sun_auksfarmnnpddmoh.jpg,Bottle opener,"[[179,162],[180,166],[209,167],[208,161],[184,160]]","[[211,162],[211,169],[246,172],[244,164]]","[[172,164],[170,163],[151,168],[151,176],[153,177],[172,171]]"
https://michaelalr.github.io/thesis/images/kitchen/12_segmented_sun_aexzxfrsdauinjle.jpg,Dish towels,"[[99,115],[76,116],[76,178],[101,169]]","[[102,125],[101,123],[76,124],[76,133],[101,132]]","[[99,115],[76,116],[76,178],[101,169]]"
https://michaelalr.github.io/thesis/images/kitchen/10_segmented_sun_atklyngtuqjksbij.jpg,Cooking oil,[],[],[]
https://michaelalr.github.io/thesis/images/kitchen/16_segmented_sun_amdcynvvhjqpnzwn.jpg,Dish towels,"[[197,266],[196,371],[295,359],[294,268]]","[[697,376],[665,391],[665,554],[696,528]]","[[300,268],[298,359],[373,351],[374,270]]"
https://michaelalr.github.io/thesis/images/kitchen/4_segmented_sun_aqbrjkrmhvxxrdga.jpg,Plate,"[[200,0],[203,167],[319,164],[318,0]]","[[200,0],[203,167],[319,164],[318,0]]","[[200,0],[203,167],[319,164],[318,0]]"
https://michaelalr.github.io/thesis/images/kitchen/15_segmented_sun_agwguxigrskiusya.jpg,Tupperware containers,"[[238,125],[228,125],[214,138],[214,167],[233,168],[231,156],[238,150]]","[[181,174],[159,184],[159,212],[169,209],[167,215],[181,206]]","[[181,174],[159,184],[159,212],[169,209],[167,215],[181,206]]"
https://michaelalr.github.io/thesis/images/kitchen/14_segmented_sun_azwkhsfanfuwmnxf.jpg,Tupperware containers,"[[173,312],[146,336],[148,444],[176,406]]","[[61,404],[2,450],[2,511],[68,511]]","[[202,77],[202,127],[213,129],[216,83]]"
https://michaelalr.github.io/thesis/images/kitchen/17_segmented_sun_aiolecljpamcnixg.jpg,Cooking oil,"[[276,72],[280,160],[255,170],[255,253],[316,255],[314,82]]","[[276,72],[280,160],[255,170],[255,253],[316,255],[314,82]]","[[214,187],[200,198],[200,255],[251,257],[251,196]]"
https://michaelalr.github.io/thesis/images/kitchen/19_segmented_sun_aeueynscrgoqixur.jpg,Cutting knife,"[[761,432],[762,469],[832,484],[831,443]]","[[762,392],[762,428],[832,441],[831,401]]","[[761,432],[762,469],[832,484],[831,443]]"
https://michaelalr.github.io/thesis/images/kitchen/36_segmented_sun_aikaetzelrkhwess.jpg,Bowl,"[[1366,317],[1274,324],[1276,528],[1367,527]]","[[1466,311],[1372,320],[1374,529],[1468,529]]","[[1466,311],[1372,320],[1374,529],[1468,529]]"
https://michaelalr.github.io/thesis/images/kitchen/36_segmented_sun_aizsqfinvrumontk.jpg,Mug,"[[229,79],[208,84],[208,136],[229,136]]","[[160,82],[159,137],[183,136],[184,85]]","[[59,51],[57,150],[75,151],[74,52]]"
https://michaelalr.github.io/thesis/images/kitchen/16_segmented_sun_ahokzwcloavxnyaz.jpg,Bowl,"[[763,81],[658,87],[655,297],[757,299]]","[[763,81],[658,87],[655,297],[757,299]]","[[763,81],[658,87],[655,297],[757,299]]"
https://michaelalr.github.io/thesis/images/kitchen/4_segmented_sun_apztvluktqeaaysa.jpg,Pot,[],"[[205,164],[210,195],[294,213],[295,176]]","[[205,164],[210,195],[294,213],[295,176]]"
https://michaelalr.github.io/thesis/images/kitchen/18_segmented_sun_aervnbfolgwloupr.jpg,Cooking oil,"[[760,265],[735,270],[730,318],[763,318]]","[[548,269],[548,319],[585,320],[586,268]]","[[760,265],[735,270],[730,318],[763,318]]"
https://michaelalr.github.io/thesis/images/kitchen/12_segmented_sun_anfzulzazofakfhm.jpg,Pan,"[[84,136],[86,203],[123,198],[123,137]]","[[84,136],[86,203],[123,198],[123,137]]","[[134,17],[136,81],[169,81],[173,18]]"
https://michaelalr.github.io/thesis/images/kitchen/29_segmented_sun_aqxypwrjaptqejmz.jpg,Spices,"[[626,186],[596,193],[600,295],[627,293]]","[[870,149],[812,157],[812,290],[871,285]]","[[870,149],[812,157],[812,290],[871,285]]"
https://michaelalr.github.io/thesis/images/kitchen/9_segmented_sun_aedzudpnmvqsyiyr.jpg,Mug,[],"[[759,199],[757,314],[797,319],[797,203]]","[[759,199],[757,314],[797,319],[797,203]]"
https://michaelalr.github.io/thesis/images/kitchen/14_segmented_sun_ascfooqvownsolfd.jpg,Cooking oil,"[[47,60],[37,65],[37,96],[42,98],[37,102],[38,111],[49,109]]","[[197,61],[197,94],[210,94],[211,61]]","[[47,60],[37,65],[37,96],[42,98],[37,102],[38,111],[49,109]]"
https://michaelalr.github.io/thesis/images/kitchen/12_segmented_sun_aulexwrnmufngnkf.jpg,Spices,"[[680,167],[644,170],[648,245],[683,243]]","[[680,167],[644,170],[648,245],[683,243]]","[[641,169],[603,173],[602,216],[641,216]]"
https://michaelalr.github.io/thesis/images/kitchen/7_segmented_sun_aglpqkbwvbofhrgt.jpg,Tupperware containers,"[[1020,752],[1018,956],[1176,956],[1183,819]]","[[1020,752],[1018,956],[1176,956],[1183,819]]","[[657,577],[663,807],[729,858],[732,612]]"
https://michaelalr.github.io/thesis/images/kitchen/7_segmented_sun_aornnwoorvjqtqpn.jpg,Cutting knife,[],"[[191,111],[191,119],[207,119],[207,111]]","[[191,111],[191,119],[207,119],[207,111]]"
https://michaelalr.github.io/thesis/images/kitchen/6_segmented_sun_aqdyfbdpblnrbpee.jpg,Dish towels,"[[204,46],[185,49],[185,59],[177,60],[177,108],[205,97]]","[[121,176],[122,214],[135,220],[137,182]]","[[121,176],[122,214],[135,220],[137,182]]"
https://michaelalr.github.io/thesis/images/kitchen/27_segmented_sun_awbnzluklpybgpfv.jpg,Bottle opener,"[[318,272],[349,276],[350,266],[330,263]]","[[560,291],[560,307],[610,313],[609,296]]","[[612,297],[614,316],[670,323],[670,303]]"
https://michaelalr.github.io/thesis/images/kitchen/17_segmented_sun_akklrypwxrgfswbe.jpg,Bottle opener,"[[391,411],[274,427],[274,457],[381,439]]","[[391,411],[274,427],[274,457],[381,439]]","[[390,381],[273,394],[272,423],[389,406]]"
https://michaelalr.github.io/thesis/images/kitchen/9_segmented_sun_aslizjlirctmttep.jpg,Pot,"[[134,181],[80,217],[81,255],[127,255],[136,244]]","[[226,204],[225,255],[255,255],[255,206]]","[[106,8],[103,97],[127,93],[127,16]]"
https://michaelalr.github.io/thesis/images/kitchen/11_segmented_sun_awlzbrppjjnpxgbv.jpg,Plate,"[[1942,1027],[1581,1151],[1567,1793],[1902,1580]]","[[1566,972],[1288,1050],[1305,1927],[1555,1777]]","[[949,951],[996,1736],[1250,1935],[1225,1053]]"
https://michaelalr.github.io/thesis/images/kitchen/18_segmented_sun_abkpqqbuuvmwwwje.jpg,Bowl,"[[105,0],[103,79],[135,77],[136,0]]","[[105,0],[103,79],[135,77],[136,0]]","[[105,0],[103,79],[135,77],[136,0]]"
https://michaelalr.github.io/thesis/images/kitchen/6_segmented_sun_atdfrsodpyskmywe.jpg,Mug,[],"[[267,228],[264,365],[296,371],[298,233]]","[[220,222],[216,367],[250,371],[252,226]]"
https://michaelalr.github.io/thesis/images/kitchen/32_segmented_sun_avwvwcxylycmtupu.jpg,Tupperware containers,"[[172,134],[142,138],[143,183],[174,176]]","[[137,139],[98,144],[98,192],[138,183]]","[[246,36],[246,78],[255,79],[255,35]]"
https://michaelalr.github.io/thesis/images/kitchen/16_segmented_sun_adjgzxbxeghvafsh.jpg,Plate,"[[164,67],[162,191],[197,193],[201,74]]","[[164,67],[162,191],[197,193],[201,74]]","[[352,106],[349,189],[386,193],[386,114]]"
https://michaelalr.github.io/thesis/images/kitchen/12_segmented_sun_aohqvhrlwvbexvnk.jpg,Spoon,"[[348,636],[350,669],[375,656],[389,666],[397,664],[397,640]]","[[655,655],[656,678],[749,681],[746,658]]","[[655,655],[656,678],[749,681],[746,658]]"
https://michaelalr.github.io/thesis/images/kitchen/14_segmented_sun_agjgqbkyzrmbshcm.jpg,Pot,"[[239,407],[237,444],[243,474],[263,478],[272,447],[272,415],[260,408]]","[[239,407],[237,444],[243,474],[263,478],[272,447],[272,415],[260,408]]","[[239,407],[237,444],[243,474],[263,478],[272,447],[272,415],[260,408]]"
https://michaelalr.github.io/thesis/images/kitchen/11_segmented_sun_akkotpkrrvgimqpo.jpg,Dish towels,"[[226,0],[226,34],[297,28],[298,0]]","[[231,141],[229,193],[263,211],[267,152]]","[[270,134],[270,150],[299,159],[299,141]]"
https://michaelalr.github.io/thesis/images/kitchen/6_segmented_sun_aucorrqtnlnaueqo.jpg,Dish towels,"[[213,133],[211,218],[230,227],[255,221],[255,142]]","[[166,123],[166,197],[212,219],[209,140],[204,131]]","[[213,133],[211,218],[230,227],[255,221],[255,142]]"
https://michaelalr.github.io/thesis/images/kitchen/10_segmented_sun_anrirjuiddtxmngl.jpg,Mug,"[[555,72],[524,93],[525,232],[585,230],[583,90]]","[[555,72],[524,93],[525,232],[585,230],[583,90]]","[[50,106],[53,223],[60,231],[57,224],[73,222],[74,113]]"
https://michaelalr.github.io/thesis/images/kitchen/21_segmented_sun_agctenfauzfbsmaz.jpg,Tupperware containers,[],"[[116,183],[64,181],[64,383],[117,375]]","[[123,119],[124,178],[169,182],[170,126]]"
https://michaelalr.github.io/thesis/images/kitchen/7_segmented_sun_atbrubjjcpqbijgq.jpg,Pot,[],"[[3880,235],[3554,296],[3463,1693],[3887,1780]]","[[1677,298],[1673,925],[2013,927],[2021,373]]"
https://michaelalr.github.io/thesis/images/kitchen/5_segmented_sun_azqedyhzopkxaims.jpg,Cooking oil,[],[],[]
https://michaelalr.github.io/thesis/images/kitchen/19_segmented_sun_aoowxyylbnalpvvx.jpg,Plate,"[[593,106],[521,110],[525,255],[597,249]]","[[593,106],[521,110],[525,255],[597,249]]","[[650,95],[600,108],[606,254],[643,251]]"
https://michaelalr.github.io/thesis/images/kitchen/3_segmented_sun_apumvnycvwtrdlmc.jpg,Spoon,"[[276,210],[132,209],[131,252],[152,272],[136,300],[180,312],[272,275]]","[[276,210],[132,209],[131,252],[152,272],[136,300],[180,312],[272,275]]",[]
https://michaelalr.github.io/thesis/images/kitchen/4_segmented_sun_abrxiuwtkjztdnzi.jpg,Spoon,"[[516,962],[513,1057],[651,1116],[653,1009]]","[[516,962],[513,1057],[651,1116],[653,1009]]","[[516,962],[513,1057],[651,1116],[653,1009]]"
https://michaelalr.github.io/thesis/images/kitchen/13_segmented_sun_akjsdritahkyvhuh.jpg,Cooking oil,"[[397,17],[338,26],[338,177],[394,177]]","[[332,26],[213,40],[210,108],[328,101]]","[[397,17],[338,26],[338,177],[394,177]]"
https://michaelalr.github.io/thesis/images/kitchen/8_segmented_sun_acbvicplscwnpfws.jpg,Spices,"[[45,50],[45,108],[66,107],[67,53]]","[[45,50],[45,108],[66,107],[67,53]]","[[35,164],[9,173],[9,189],[35,178]]"
https://michaelalr.github.io/thesis/images/kitchen/10_segmented_sun_asoklguoluqtcgcp.jpg,Spices,"[[359,171],[340,175],[340,241],[361,241],[351,228],[360,221]]","[[410,160],[411,236],[421,237],[422,157]]","[[410,160],[411,236],[421,237],[422,157]]"
https://michaelalr.github.io/thesis/images/kitchen/43_segmented_sun_ayavnqtnktcsqnmd.jpg,Bowl,"[[32,79],[29,222],[85,225],[89,92]]","[[31,228],[29,458],[136,450],[141,233]]","[[277,132],[276,236],[315,240],[316,136]]"
https://michaelalr.github.io/thesis/images/kitchen/20_segmented_sun_aasmevtpkslccptd.jpg,Plate,"[[466,46],[469,410],[618,411],[620,71]]","[[466,46],[469,410],[618,411],[620,71]]","[[466,46],[469,410],[618,411],[620,71]]"
https://michaelalr.github.io/thesis/images/kitchen/16_segmented_sun_aocbqjjzthdaefyp.jpg,Cutting knife,"[[548,469],[501,500],[504,538],[515,564],[552,529]]","[[548,469],[501,500],[504,538],[515,564],[552,529]]","[[548,469],[501,500],[504,538],[515,564],[552,529]]"
https://michaelalr.github.io/thesis/images/kitchen/9_segmented_sun_adeshgfapdtxwubl.jpg,Bottle opener,[],[],[]
https://michaelalr.github.io/thesis/images/kitchen/7_segmented_sun_ayogpdudxlcsljgw.jpg,Spoon,"[[153,73],[145,68],[139,69],[128,79],[130,89],[134,90],[151,82]]","[[153,73],[145,68],[139,69],[128,79],[130,89],[134,90],[151,82]]","[[153,73],[145,68],[139,69],[128,79],[130,89],[134,90],[151,82]]"
https://michaelalr.github.io/thesis/images/kitchen/20_segmented_sun_armfagbjwyxqyxuu.jpg,Dish towels,[],"[[839,717],[833,878],[907,918],[913,830],[897,795],[923,739]]","[[497,671],[389,694],[388,761],[494,729]]"
https://michaelalr.github.io/thesis/images/kitchen/27_segmented_sun_aryemauxglpckieh.jpg,Pan,"[[1202,1000],[1049,1014],[1043,1066],[1192,1091]]","[[1390,987],[1239,997],[1247,1096],[1394,1114]]","[[1390,987],[1239,997],[1247,1096],[1394,1114]]"
https://michaelalr.github.io/thesis/images/kitchen/5_segmented_sun_aunbvudubwlyozvt.jpg,Tupperware containers,"[[470,345],[469,479],[514,529],[512,360]]","[[470,345],[469,479],[514,529],[512,360]]",[]
https://michaelalr.github.io/thesis/images/kitchen/14_segmented_sun_aypcskgepdlkzbsn.jpg,Mug,"[[0,0],[0,49],[255,210],[255,0]]","[[0,0],[0,49],[255,210],[255,0]]","[[816,263],[817,451],[876,456],[877,266]]"
https://michaelalr.github.io/thesis/images/kitchen/9_segmented_sun_afdefsrtlbtfdhxq.jpg,Mug,"[[54,490],[19,518],[24,746],[57,679]]","[[442,455],[342,463],[343,610],[444,587]]","[[442,455],[342,463],[343,610],[444,587]]"
https://michaelalr.github.io/thesis/images/kitchen/9_segmented_sun_aebobtlvnheeqaos.jpg,Mug,[],"[[475,173],[480,415],[515,405],[513,184]]",[]
https://michaelalr.github.io/thesis/images/kitchen/11_segmented_sun_apbtinfyvvcriewx.jpg,Spices,[],"[[138,164],[138,175],[199,179],[199,167]]","[[245,166],[203,168],[202,247],[245,243]]"
https://michaelalr.github.io/thesis/images/kitchen/9_segmented_sun_atbaxsaxkrapxylc.jpg,Dish towels,"[[1712,1291],[1721,1377],[1923,1401],[1930,1324],[1914,1308]]","[[1723,1420],[1723,1682],[1912,1699],[1908,1435]]","[[1712,1291],[1721,1377],[1923,1401],[1930,1324],[1914,1308]]"
https://michaelalr.github.io/thesis/images/kitchen/6_segmented_sun_anqbgsrsrexcysjo.jpg,Cutting knife,[],[],[]
https://michaelalr.github.io/thesis/images/kitchen/16_segmented_sun_avoysclcqtohyxqk.jpg,Plate,"[[547,519],[469,540],[469,683],[547,663]]","[[1012,128],[893,153],[897,271],[1013,259]]","[[562,221],[499,235],[497,298],[564,295]]"
https://michaelalr.github.io/thesis/images/kitchen/5_segmented_sun_aezzfycgqydyfhis.jpg,Bowl,[],"[[185,116],[186,139],[217,141],[217,116]]","[[185,116],[186,139],[217,141],[217,116]]"
https://michaelalr.github.io/thesis/images/kitchen/8_segmented_sun_awuawixsfaurzuaa.jpg,Dish towels,"[[3,1],[6,80],[103,78],[101,1]]","[[189,224],[123,232],[125,310],[191,310]]",[]
https://michaelalr.github.io/thesis/images/kitchen/5_segmented_sun_adkmgnqaiypcnhqy.jpg,Plate,"[[222,77],[222,121],[240,122],[240,77]]","[[222,77],[222,121],[240,122],[240,77]]","[[243,77],[242,122],[255,123],[255,77]]"
https://michaelalr.github.io/thesis/images/kitchen/8_segmented_sun_agrscovsmeryzsbk.jpg,Pot,[],"[[119,218],[67,226],[67,255],[119,255],[119,249],[111,253],[119,247]]","[[172,27],[161,118],[190,123],[191,39]]"
https://michaelalr.github.io/thesis/images/kitchen/10_segmented_sun_auticobqsbwgoppi.jpg,Plate,"[[1376,8],[1361,781],[1711,801],[1745,0]]","[[1346,12],[1017,48],[1019,772],[1344,778]]","[[1376,8],[1361,781],[1711,801],[1745,0]]"
https://michaelalr.github.io/thesis/images/kitchen/13_segmented_sun_aoawkgrofilyajln.jpg,Spoon,"[[1,153],[1,166],[37,169],[35,155]]","[[1,153],[1,166],[37,169],[35,155]]","[[1,153],[1,166],[37,169],[35,155]]"
https://michaelalr.github.io/thesis/images/kitchen/7_segmented_sun_alouvjfpycbghnrv.jpg,Cutting knife,[],"[[1840,1219],[1845,1683],[2096,1700],[2094,1226]]","[[1291,448],[1301,905],[1443,886],[1426,475]]"
https://michaelalr.github.io/thesis/images/kitchen/6_segmented_sun_aejgosigmakrxpqp.jpg,Bowl,"[[16,303],[16,333],[63,356],[63,320]]","[[374,165],[336,170],[337,229],[375,227]]","[[374,165],[336,170],[337,229],[375,227]]"
https://michaelalr.github.io/thesis/images/kitchen/22_segmented_sun_aphhwoyobvnfgibd.jpg,Bottle opener,"[[204,132],[205,147],[209,144],[231,151],[231,138]]","[[204,132],[205,147],[209,144],[231,151],[231,138]]","[[204,132],[205,147],[209,144],[231,151],[231,138]]"
https://michaelalr.github.io/thesis/images/kitchen/17_segmented_sun_akocsxpmhjiwaldf.jpg,Dish towels,"[[555,110],[510,120],[513,231],[569,230],[569,120]]","[[606,367],[603,467],[655,401]]","[[491,341],[492,367],[580,391],[580,359]]"
https://michaelalr.github.io/thesis/images/kitchen/3_segmented_sun_atotscbxjtjgsnnc.jpg,Spoon,"[[109,163],[68,164],[69,179],[108,175]]","[[109,163],[68,164],[69,179],[108,175]]","[[109,163],[68,164],[69,179],[108,175]]"
https://michaelalr.github.io/thesis/images/kitchen/4_segmented_sun_arjsvuzbpooxttyz.jpg,Mug,[],"[[561,479],[562,606],[677,637],[665,510],[680,500]]",[]
https://michaelalr.github.io/thesis/images/kitchen/24_segmented_sun_ayaudcpmpcxbntrj.jpg,Cutting knife,"[[300,277],[240,279],[239,294],[262,294],[260,287],[264,283],[299,282]]","[[591,293],[592,312],[652,319],[652,298]]","[[479,278],[478,291],[484,294],[495,295],[497,287],[496,280]]"
https://michaelalr.github.io/thesis/images/kitchen/12_segmented_sun_ajuqshhjcubjzedh.jpg,Pan,"[[957,498],[955,645],[1087,674],[1086,508]]","[[957,498],[955,645],[1087,674],[1086,508]]","[[691,482],[690,591],[767,606],[766,482]]"
https://michaelalr.github.io/thesis/images/kitchen/5_segmented_sun_ajbjzvnvliuihzza.jpg,Mug,[],"[[0,713],[4,865],[92,920],[94,752]]","[[0,713],[4,865],[92,920],[94,752]]"
https://michaelalr.github.io/thesis/images/kitchen/10_segmented_sun_ahzsfyjetgutuwgo.jpg,Cooking oil,[],"[[264,162],[262,218],[281,233],[294,233],[295,175]]","[[264,162],[262,218],[281,233],[294,233],[295,175]]"
https://michaelalr.github.io/thesis/images/kitchen/14_segmented_sun_arphotgpeqilmfde.jpg,Spices,"[[63,139],[60,237],[105,241],[112,147]]","[[267,162],[266,243],[300,243],[301,168]]","[[267,162],[266,243],[300,243],[301,168]]"
https://michaelalr.github.io/thesis/images/kitchen/17_segmented_sun_aovnyfewezfmgwke.jpg,Cutting board,[],"[[486,660],[524,856],[664,861],[639,660]]","[[979,663],[972,866],[1098,866],[1117,665]]"
https://michaelalr.github.io/thesis/images/kitchen/15_segmented_sun_aruhecednqregzne.jpg,Pan,"[[0,333],[0,460],[32,479],[32,339]]","[[456,384],[457,421],[507,428],[506,389]]","[[142,391],[142,523],[220,531],[221,413]]"
https://michaelalr.github.io/thesis/images/kitchen/3_segmented_sun_azpluftypvhkhbcy.jpg,Spices,[],"[[87,107],[86,164],[124,165],[125,108]]",[]
https://michaelalr.github.io/thesis/images/kitchen/20_segmented_sun_adtnlxesvvcdwyry.jpg,Pan,"[[868,433],[866,703],[1023,715],[1023,514]]","[[866,491],[865,594],[978,709],[1023,715],[1023,605]]","[[753,409],[748,525],[762,554],[764,416]]"
https://michaelalr.github.io/thesis/images/kitchen/17_segmented_sun_azasqdtcqckquplg.jpg,Dish towels,"[[563,387],[562,492],[634,496],[635,388]]","[[563,387],[562,492],[634,496],[635,388]]","[[561,356],[563,385],[636,384],[635,354]]"
https://michaelalr.github.io/thesis/images/kitchen/35_segmented_sun_amjjdeyrggfqgmom.jpg,Cutting knife,"[[759,305],[760,320],[799,326],[799,309]]","[[276,301],[276,313],[326,313],[324,300]]","[[88,329],[21,341],[20,368],[87,351]]"
https://michaelalr.github.io/thesis/images/kitchen/6_segmented_sun_aoojlxghnlbytrsw.jpg,Dish towels,"[[35,109],[35,146],[44,152],[44,113]]","[[121,100],[121,107],[122,108],[128,108],[128,100]]","[[121,100],[121,107],[122,108],[128,108],[128,100]]"
https://michaelalr.github.io/thesis/images/kitchen/7_segmented_sun_aaebjpeispxohmfv.jpg,Tupperware containers,"[[1089,609],[807,645],[804,1002],[1002,1001],[990,706],[1084,684]]","[[1089,609],[807,645],[804,1002],[1002,1001],[990,706],[1084,684]]","[[208,0],[90,0],[91,411],[234,359]]"
https://michaelalr.github.io/thesis/images/kitchen/14_segmented_sun_aizzedfjjxlasvid.jpg,Pot,"[[232,134],[229,192],[245,199],[247,138]]","[[201,132],[197,144],[224,153],[225,160],[196,166],[195,189],[226,192],[229,135]]","[[201,132],[197,144],[224,153],[225,160],[196,166],[195,189],[226,192],[229,135]]"
https://michaelalr.github.io/thesis/images/kitchen/25_segmented_sun_afpgihxxxjiidruj.jpg,Pan,"[[2342,1112],[2329,1227],[2443,1238],[2447,1118]]","[[1003,1012],[812,1071],[1000,1085]]","[[1003,1012],[812,1071],[1000,1085]]"
https://michaelalr.github.io/thesis/images/kitchen/21_segmented_sun_awhdibwrmiqaertd.jpg,Bowl,"[[414,104],[411,181],[448,185],[450,114]]","[[414,104],[411,181],[448,185],[450,114]]","[[455,103],[453,185],[484,189],[485,113],[477,99]]"
https://michaelalr.github.io/thesis/images/kitchen/7_segmented_sun_asxolzqcqtihmbju.jpg,Spoon,[],"[[1417,497],[1413,700],[1499,717],[1499,504]]",[]
https://michaelalr.github.io/thesis/images/kitchen/9_segmented_sun_acpufsxakyzrtcti.jpg,Plate,"[[1113,0],[1100,240],[1352,252],[1367,0]]","[[705,0],[704,239],[899,241],[903,0],[859,0],[841,193],[752,189],[751,0]]","[[1113,0],[1100,240],[1352,252],[1367,0]]"
https://michaelalr.github.io/thesis/images/kitchen/19_segmented_sun_aseyvfffzlpkbydk.jpg,Tupperware containers,"[[106,718],[110,800],[210,872],[208,779]]","[[106,718],[110,800],[210,872],[208,779]]","[[268,161],[176,193],[187,417],[273,415]]"
https://michaelalr.github.io/thesis/images/kitchen/16_segmented_sun_ahhgskanediiligq.jpg,Cutting knife,[],"[[726,399],[727,433],[787,448],[785,409]]",[]
https://michaelalr.github.io/thesis/images/kitchen/6_segmented_sun_acyphxboaysxkgcn.jpg,Dish towels,[],"[[141,13],[140,45],[145,47],[146,60],[173,61],[173,15]]",[]
https://michaelalr.github.io/thesis/images/kitchen/20_segmented_sun_afoysjszhjasxmhs.jpg,Cutting knife,"[[540,253],[540,309],[564,333],[565,261],[556,253]]","[[104,264],[38,269],[38,287],[104,279]]",[]
https://michaelalr.github.io/thesis/images/kitchen/36_segmented_sun_aiwjjxhtgtrwjdsf.jpg,Cutting board,"[[1579,985],[1366,1007],[1362,1074],[1577,1044]]","[[1167,1246],[1169,1751],[1282,1821],[1283,1291],[1222,1278],[1234,1334],[1192,1325]]","[[1167,1246],[1169,1751],[1282,1821],[1283,1291],[1222,1278],[1234,1334],[1192,1325]]"
https://michaelalr.github.io/thesis/images/kitchen/5_segmented_sun_akypaezjzxeuuomf.jpg,Cutting knife,[],"[[222,11],[222,37],[243,37],[243,10]]",[]
https://michaelalr.github.io/thesis/images/kitchen/7_segmented_sun_aoscjxhooqazkrpx.jpg,Bowl,"[[131,25],[108,33],[107,103],[128,103]]","[[131,25],[108,33],[107,103],[128,103]]","[[165,18],[138,25],[134,106],[162,113]]"
https://michaelalr.github.io/thesis/images/kitchen/15_segmented_sun_aryoaqwczywhgalc.jpg,Pot,[],"[[188,586],[57,589],[66,855],[196,850]]",[]
https://michaelalr.github.io/thesis/images/kitchen/13_segmented_sun_ahmtwjhnkkalblbh.jpg,Mug,"[[422,195],[380,231],[380,344],[423,336],[424,296],[406,286]]","[[835,0],[833,464],[1023,496],[1023,432],[887,421],[884,10]]","[[623,16],[525,102],[527,315],[626,294]]"
https://michaelalr.github.io/thesis/images/kitchen/19_segmented_sun_aoolvrawhfwoiiwg.jpg,Bottle opener,"[[551,300],[537,307],[537,320],[539,325],[552,317]]","[[471,341],[423,363],[425,398],[472,368]]","[[214,305],[104,318],[103,343],[211,323]]"
https://michaelalr.github.io/thesis/images/kitchen/15_segmented_sun_aefsayafrcxytabd.jpg,Pot,"[[72,147],[53,153],[53,223],[72,209]]","[[72,147],[53,153],[53,223],[72,209]]","[[72,147],[53,153],[53,223],[72,209]]"
https://michaelalr.github.io/thesis/images/kitchen/16_segmented_sun_ajavbvbuyjndvbxi.jpg,Bowl,[],"[[116,192],[117,255],[184,255],[182,191]]",[]
https://michaelalr.github.io/thesis/images/kitchen/15_segmented_sun_amscechynyhbtele.jpg,Spices,"[[908,0],[841,3],[841,223],[910,186]]","[[908,0],[841,3],[841,223],[910,186]]","[[126,158],[126,278],[165,283],[167,174]]"
https://michaelalr.github.io/thesis/images/kitchen/4_segmented_sun_asgbnvkubhjfvcft.jpg,Cutting knife,[],[],[]
https://michaelalr.github.io/thesis/images/kitchen/9_segmented_sun_aubkfohcjjlukpbv.jpg,Tupperware containers,"[[108,122],[65,136],[71,198],[112,179]]","[[124,0],[125,21],[181,20],[181,0]]","[[303,1],[304,15],[352,12],[352,0]]"
https://michaelalr.github.io/thesis/images/kitchen/16_segmented_sun_aitugazcpdxlcexr.jpg,Pan,"[[684,1986],[331,2020],[330,2189],[686,2142]]","[[684,1986],[331,2020],[330,2189],[686,2142]]","[[173,1085],[171,1455],[400,1456],[430,1113]]"
https://michaelalr.github.io/thesis/images/kitchen/12_segmented_sun_armspycdjalsfsby.jpg,Pot,"[[159,373],[109,380],[109,456],[159,456]]","[[351,397],[286,413],[285,470],[351,448]]","[[159,373],[109,380],[109,456],[159,456]]"
https://michaelalr.github.io/thesis/images/kitchen/9_segmented_sun_agpbpdmorbfwqfpf.jpg,Cutting board,"[[154,135],[168,227],[181,225],[184,206],[208,205],[208,221],[247,213],[250,151],[212,133],[199,144]]","[[143,125],[130,127],[129,166],[143,166]]",[]
https://michaelalr.github.io/thesis/images/kitchen/19_segmented_sun_awnfhtcxupfqozzn.jpg,Mug,"[[3,52],[0,174],[49,174],[52,60]]","[[56,60],[54,172],[95,175],[96,66]]","[[3,52],[0,174],[49,174],[52,60]]"
https://michaelalr.github.io/thesis/images/kitchen/18_segmented_sun_atgpcvhxgyoezzht.jpg,Pot,"[[766,1182],[512,1210],[528,1549],[776,1507]]","[[512,1388],[239,1421],[269,1589],[519,1553]]","[[1806,1067],[1691,1082],[1687,1349],[1803,1325]]"
https://michaelalr.github.io/thesis/images/kitchen/15_segmented_sun_abeqonkejhjtrtgy.jpg,Mug,"[[719,54],[623,67],[621,194],[719,194]]","[[719,54],[623,67],[621,194],[719,194]]","[[77,0],[72,60],[114,68],[116,178],[153,178],[156,23]]"
https://michaelalr.github.io/thesis/images/kitchen/17_segmented_sun_asbmvidrlixrjsze.jpg,Pan,"[[458,435],[431,444],[437,550],[464,526]]","[[534,419],[534,498],[600,501],[599,418]]","[[534,419],[534,498],[600,501],[599,418]]"
https://michaelalr.github.io/thesis/images/kitchen/10_segmented_sun_ajxqlzmoovksgjbl.jpg,Dish towels,[],"[[502,435],[502,459],[560,474],[558,447]]","[[502,435],[502,459],[560,474],[558,447]]"
https://michaelalr.github.io/thesis/images/kitchen/3_segmented_sun_afxidvniokauxolz.jpg,Tupperware containers,"[[0,35],[0,188],[339,198],[338,58]]","[[0,35],[0,188],[339,198],[338,58]]","[[0,35],[0,188],[339,198],[338,58]]"
https://michaelalr.github.io/thesis/images/kitchen/19_segmented_sun_aseyvfffzlpkbydk.jpg,Cutting knife,"[[99,583],[103,627],[203,668],[201,616]]","[[618,760],[617,845],[798,914],[797,815]]","[[99,583],[103,627],[203,668],[201,616]]"
https://michaelalr.github.io/thesis/images/kitchen/10_segmented_sun_aypmqwcualkenuoe.jpg,Plate,[],[],"[[1539,1294],[1487,1325],[1500,1634],[1550,1604]]"
https://michaelalr.github.io/thesis/images/kitchen/16_segmented_sun_abrqmjxbzdfuepbb.jpg,Tupperware containers,"[[273,399],[274,530],[357,532],[358,461]]","[[360,465],[361,532],[456,532]]","[[357,58],[356,205],[402,205],[394,157],[372,131],[407,111],[408,66]]"
https://michaelalr.github.io/thesis/images/kitchen/7_segmented_sun_dbgxjxlpaglnkoyy.jpg,Spices,"[[95,236],[22,237],[15,366],[95,359]]","[[447,238],[374,239],[378,359],[448,355]]","[[447,238],[374,239],[378,359],[448,355]]"
https://michaelalr.github.io/thesis/images/kitchen/20_segmented_sun_auksfarmnnpddmoh.jpg,Pan,"[[140,183],[106,191],[106,242],[139,224]]","[[140,183],[106,191],[106,242],[139,224]]","[[140,183],[106,191],[106,242],[139,224]]"
https://michaelalr.github.io/thesis/images/kitchen/17_segmented_sun_ahxnjeaijhcbfwyn.jpg,Cutting board,"[[266,651],[269,724],[361,725],[359,651]]","[[512,596],[513,765],[567,765],[618,742],[621,598]]","[[512,596],[513,765],[567,765],[618,742],[621,598]]"
https://michaelalr.github.io/thesis/images/kitchen/7_segmented_sun_aqarpfdajocdauap.jpg,Bowl,[],"[[421,288],[327,292],[327,430],[417,430]]",[]
https://michaelalr.github.io/thesis/images/kitchen/42_segmented_sun_auqgmebxcqwcczhr.jpg,Bowl,"[[130,155],[131,304],[186,308],[189,169]]","[[803,186],[724,190],[724,303],[802,300]]","[[900,81],[883,123],[889,297],[902,292]]"
https://michaelalr.github.io/thesis/images/kitchen/25_segmented_sun_anvnteddcdamdehd.jpg,Plate,"[[161,48],[168,341],[214,342],[212,103]]","[[321,205],[320,338],[373,341],[375,217]]","[[321,205],[320,338],[373,341],[375,217]]"
https://michaelalr.github.io/thesis/images/kitchen/15_segmented_sun_apnxsgbjjdleuhdu.jpg,Cooking oil,"[[351,145],[349,248],[334,250],[332,264],[381,264],[385,156]]","[[389,155],[389,263],[429,264],[429,166]]","[[351,145],[349,248],[334,250],[332,264],[381,264],[385,156]]"
https://michaelalr.github.io/thesis/images/kitchen/10_segmented_sun_aholydgigohowhui.jpg,Cutting board,"[[954,809],[953,876],[1011,890],[1014,1078],[1196,1099],[1197,823]]","[[954,809],[953,876],[1011,890],[1014,1078],[1196,1099],[1197,823]]","[[954,809],[953,876],[1011,890],[1014,1078],[1196,1099],[1197,823]]"
https://michaelalr.github.io/thesis/images/kitchen/11_segmented_sun_aqsbukzqlumrfjjh.jpg,Tupperware containers,"[[1147,830],[708,892],[754,1315],[1174,1217]]","[[1484,789],[1489,1163],[1732,1296],[1731,852]]","[[43,0],[101,423],[517,395],[471,0]]"
https://michaelalr.github.io/thesis/images/kitchen/34_segmented_sun_axpesxgsnxrsdqtr.jpg,Mug,"[[722,200],[681,208],[683,330],[723,326]]","[[722,200],[681,208],[683,330],[723,326]]","[[149,142],[149,353],[202,334],[202,169]]"
https://michaelalr.github.io/thesis/images/kitchen/24_segmented_sun_avzlrdhdwxjjfrfe.jpg,Spices,"[[834,23],[694,63],[699,303],[835,295]]","[[64,0],[0,0],[14,329],[66,315]]","[[274,83],[272,317],[310,320],[313,98]]"
https://michaelalr.github.io/thesis/images/kitchen/3_segmented_sun_aggvhkfjwnmncnla.jpg,Pan,"[[71,157],[77,255],[144,255],[139,173]]","[[71,157],[77,255],[144,255],[139,173]]","[[71,157],[77,255],[144,255],[139,173]]"
https://michaelalr.github.io/thesis/images/kitchen/12_segmented_sun_akbnmlrjtsjeztqg.jpg,Mug,"[[158,0],[165,92],[340,88],[334,0]]","[[340,0],[344,90],[494,90],[492,0]]","[[340,0],[344,90],[494,90],[492,0]]"
https://michaelalr.github.io/thesis/images/kitchen/9_segmented_sun_ayqymgxqhxxiykiw.jpg,Plate,"[[1071,190],[759,194],[763,604],[1074,598]]","[[1071,190],[759,194],[763,604],[1074,598]]","[[746,183],[415,188],[433,610],[751,602]]"
https://michaelalr.github.io/thesis/images/kitchen/12_segmented_sun_acvbclprdnyhjkge.jpg,Spoon,"[[56,122],[56,130],[79,130],[79,121]]","[[201,138],[200,159],[207,158],[217,161],[218,145]]","[[201,138],[200,159],[207,158],[217,161],[218,145]]"
https://michaelalr.github.io/thesis/images/kitchen/36_segmented_sun_apivfqbmmscioozr.jpg,Bottle opener,"[[1049,1854],[858,2002],[869,2176],[1060,2001]]","[[1049,1854],[858,2002],[869,2176],[1060,2001]]","[[2863,1863],[2852,2021],[2958,2145],[2966,1978]]"
https://michaelalr.github.io/thesis/images/kitchen/22_segmented_sun_abplyqswnymoowdc.jpg,Cutting board,"[[174,190],[175,208],[208,216],[206,196]]","[[166,165],[152,167],[152,215],[167,207]]","[[174,165],[174,175],[207,180],[206,168]]"
https://michaelalr.github.io/thesis/images/kitchen/12_segmented_sun_atofyjkewudvrgko.jpg,Cooking oil,"[[224,46],[213,47],[213,92],[224,92]]","[[228,46],[228,65],[242,65],[242,45]]","[[224,46],[213,47],[213,92],[224,92]]"
https://michaelalr.github.io/thesis/images/kitchen/7_segmented_sun_apwalivabmhpsulc.jpg,Plate,"[[791,766],[558,850],[564,1196],[717,1196],[779,1159]]","[[791,766],[558,850],[564,1196],[717,1196],[779,1159]]","[[791,766],[558,850],[564,1196],[717,1196],[779,1159]]"
https://michaelalr.github.io/thesis/images/kitchen/13_segmented_sun_arerafgvufvljolx.jpg,Cutting board,"[[49,173],[0,178],[0,209],[47,201]]","[[50,204],[1,210],[0,242],[50,230]]","[[49,173],[0,178],[0,209],[47,201]]"
https://michaelalr.github.io/thesis/images/kitchen/15_segmented_sun_anaaafpyeqdsnimg.jpg,Bowl,"[[34,219],[28,548],[154,551],[140,251]]","[[160,254],[158,550],[261,553],[265,283]]","[[738,373],[659,381],[659,566],[744,564]]"
https://michaelalr.github.io/thesis/images/kitchen/8_segmented_sun_aheymxjdkejwbehi.jpg,Pot,"[[106,684],[162,727],[206,667],[192,771],[504,934],[681,574],[898,550],[107,520]]","[[381,582],[384,855],[473,888],[473,597]]","[[381,582],[384,855],[473,888],[473,597]]"
https://michaelalr.github.io/thesis/images/kitchen/9_segmented_sun_altetwarotepnrsv.jpg,Cooking oil,"[[1024,544],[1022,845],[1121,852],[1104,823],[1122,547]]","[[1133,544],[1130,729],[1301,730],[1285,663],[1306,648],[1306,546]]","[[1024,544],[1022,845],[1121,852],[1104,823],[1122,547]]"
https://michaelalr.github.io/thesis/images/kitchen/11_segmented_sun_akfkrhjstcyqvgne.jpg,Tupperware containers,"[[145,115],[144,167],[201,169],[200,114]]","[[205,115],[204,169],[224,169],[227,117]]","[[205,115],[204,169],[224,169],[227,117]]"
https://michaelalr.github.io/thesis/images/kitchen/12_segmented_sun_agzzivivdpnawacl.jpg,Spices,"[[689,201],[465,210],[481,635],[698,627]]","[[1697,889],[1525,898],[1530,1187],[1694,1177]]","[[973,204],[981,633],[1199,633],[1192,212]]"
https://michaelalr.github.io/thesis/images/kitchen/15_segmented_sun_aqllosacsequwhtx.jpg,Pot,"[[706,487],[706,519],[776,512],[772,499]]","[[674,483],[632,484],[630,523],[676,521]]","[[391,153],[394,309],[410,318],[413,379],[443,380],[450,159]]"
https://michaelalr.github.io/thesis/images/kitchen/18_segmented_sun_abuieswzsgumckve.jpg,Bowl,"[[114,46],[96,48],[97,106],[115,107]]","[[117,46],[117,107],[134,109],[135,45]]","[[86,48],[68,50],[69,103],[86,104]]"
https://michaelalr.github.io/thesis/images/kitchen/17_segmented_sun_aaytkejeysyxtnbo.jpg,Pot,"[[319,270],[318,392],[348,410],[348,276]]","[[319,270],[318,392],[348,410],[348,276]]","[[334,64],[332,187],[365,189],[366,70]]"
https://michaelalr.github.io/thesis/images/kitchen/15_segmented_sun_ashyqoowjyrdmhow.jpg,Cutting board,"[[1971,1379],[1762,1396],[1754,1481],[1960,1466]]","[[1152,1461],[875,1481],[861,1520],[862,1491],[835,1492],[836,1528],[1149,1533]]","[[1153,1322],[828,1342],[827,1444],[1150,1421]]"
https://michaelalr.github.io/thesis/images/kitchen/8_segmented_sun_abyobfjwqslfgioi.jpg,Pan,"[[182,147],[182,184],[210,192],[211,149]]","[[182,147],[182,184],[210,192],[211,149]]","[[144,62],[126,65],[125,102],[143,102]]"
https://michaelalr.github.io/thesis/images/kitchen/11_segmented_sun_andzglcqubvbzfhz.jpg,Cooking oil,"[[145,9],[148,145],[168,146],[169,60]]","[[445,112],[429,123],[432,224],[447,220]]","[[145,9],[148,145],[168,146],[169,60]]"
https://michaelalr.github.io/thesis/images/kitchen/4_segmented_sun_apxvgbcdyaxmptfe.jpg,Plate,"[[163,9],[153,39],[144,36],[136,10],[122,11],[123,70],[144,71],[150,63],[164,71]]","[[163,9],[153,39],[144,36],[136,10],[122,11],[123,70],[144,71],[150,63],[164,71]]","[[163,9],[153,39],[144,36],[136,10],[122,11],[123,70],[144,71],[150,63],[164,71]]"
https://michaelalr.github.io/thesis/images/kitchen/16_segmented_sun_amtngujfdqlygigl.jpg,Pan,"[[449,432],[447,520],[454,530],[500,535],[500,437]]","[[449,432],[447,520],[454,530],[500,535],[500,437]]","[[845,143],[786,162],[786,330],[843,329]]"
https://michaelalr.github.io/thesis/images/kitchen/8_segmented_sun_anxrzblupphodnlr.jpg,Cooking oil,"[[212,44],[210,125],[235,127],[238,71],[225,61],[220,44]]","[[212,44],[210,125],[235,127],[238,71],[225,61],[220,44]]","[[212,44],[210,125],[235,127],[238,71],[225,61],[220,44]]"
https://michaelalr.github.io/thesis/images/kitchen/4_segmented_sun_aekutbaiequswdvq.jpg,Plate,"[[1631,0],[1627,155],[2047,170],[2047,0]]","[[1631,0],[1627,155],[2047,170],[2047,0]]","[[1631,0],[1627,155],[2047,170],[2047,0]]"
https://michaelalr.github.io/thesis/images/kitchen/5_segmented_sun_amrmgzibwncklrsh.jpg,Tupperware containers,"[[29,163],[32,215],[20,232],[8,215],[6,254],[60,255],[63,166]]","[[29,163],[32,215],[20,232],[8,215],[6,254],[60,255],[63,166]]",[]
https://michaelalr.github.io/thesis/images/kitchen/4_segmented_sun_asvwrowcxkjhujhk.jpg,Cooking oil,"[[361,1052],[381,1365],[544,1461],[541,1117]]","[[361,1052],[381,1365],[544,1461],[541,1117]]","[[361,1052],[381,1365],[544,1461],[541,1117]]"
https://michaelalr.github.io/thesis/images/kitchen/12_segmented_sun_afnvtkyqzpewbeoh.jpg,Bowl,"[[244,59],[228,182],[292,205],[294,295],[329,300],[329,69]]","[[677,70],[670,303],[783,307],[786,147],[728,137],[724,74]]","[[677,70],[670,303],[783,307],[786,147],[728,137],[724,74]]"
https://michaelalr.github.io/thesis/images/kitchen/17_segmented_sun_arrzxkefyqwoscwy.jpg,Bowl,"[[200,173],[172,178],[175,268],[204,266]]","[[200,173],[172,178],[175,268],[204,266]]","[[394,157],[351,164],[355,268],[397,266]]"
https://michaelalr.github.io/thesis/images/kitchen/26_segmented_sun_aymvwlarqodbwuoc.jpg,Spices,"[[442,197],[391,204],[393,338],[445,335]]","[[794,152],[699,166],[701,343],[798,341]]","[[794,152],[699,166],[701,343],[798,341]]"
https://michaelalr.github.io/thesis/images/kitchen/14_segmented_sun_acbusmoubediabuo.jpg,Spoon,"[[1054,2412],[1016,2241],[129,2353],[156,2444]]","[[1054,2412],[1016,2241],[129,2353],[156,2444]]","[[1054,2412],[1016,2241],[129,2353],[156,2444]]"
https://michaelalr.github.io/thesis/images/kitchen/7_segmented_sun_akjyxnrawtgxtauh.jpg,Cutting knife,[],"[[64,169],[2,168],[1,194],[64,191]]","[[64,169],[2,168],[1,194],[64,191]]"
https://michaelalr.github.io/thesis/images/kitchen/17_segmented_sun_ahpczsiumwwocjkv.jpg,Dish towels,"[[881,413],[834,419],[832,442],[880,434]]","[[700,440],[629,459],[628,611],[693,637]]","[[881,413],[834,419],[832,442],[880,434]]"
https://michaelalr.github.io/thesis/images/kitchen/6_segmented_sun_agzyxoehwtiyumly.jpg,Tupperware containers,[],"[[1969,1152],[1928,1987],[2224,2038],[2251,1179]]","[[1997,6],[1997,579],[2265,580],[2267,12]]"
https://michaelalr.github.io/thesis/images/kitchen/18_segmented_sun_akzythovovqwguwk.jpg,Spices,"[[876,0],[877,206],[971,195],[970,2]]","[[876,0],[877,206],[971,195],[970,2]]","[[876,0],[877,206],[971,195],[970,2]]"
https://michaelalr.github.io/thesis/images/kitchen/24_segmented_sun_abtdlltafvpypcff.jpg,Cutting knife,"[[1405,1145],[1413,1230],[1625,1238],[1621,1148]]","[[1405,1145],[1413,1230],[1625,1238],[1621,1148]]","[[1405,1145],[1413,1230],[1625,1238],[1621,1148]]"
https://michaelalr.github.io/thesis/images/kitchen/11_segmented_sun_aegcjlqzhylhpcvh.jpg,Pot,"[[125,198],[123,244],[134,254],[144,255],[144,206]]","[[108,178],[90,180],[90,241],[110,236]]","[[108,178],[90,180],[90,241],[110,236]]"
https://michaelalr.github.io/thesis/images/kitchen/25_segmented_sun_aaxxjlsuzvqlgylf.jpg,Plate,"[[899,33],[791,68],[795,337],[899,346],[840,322],[899,319]]","[[575,143],[541,159],[546,314],[575,307],[559,300],[589,301]]","[[899,33],[791,68],[795,337],[899,346],[840,322],[899,319]]"
https://michaelalr.github.io/thesis/images/kitchen/14_segmented_sun_azzuzmrpushtcqso.jpg,Plate,"[[0,35],[0,127],[20,126],[19,37]]","[[0,35],[0,127],[20,126],[19,37]]","[[0,35],[0,127],[20,126],[19,37]]"
https://michaelalr.github.io/thesis/images/kitchen/15_segmented_sun_aeduawzgdxyhcaka.jpg,Cutting board,"[[929,545],[929,585],[1053,609],[1056,567]]","[[698,421],[696,567],[773,588],[779,432]]","[[933,498],[932,541],[1059,563],[1063,519]]"
https://michaelalr.github.io/thesis/images/kitchen/16_segmented_sun_avgmuomzzvtdobun.jpg,Cutting board,[],"[[901,418],[892,538],[945,559],[951,430]]","[[872,418],[792,429],[790,556],[872,538]]"
https://michaelalr.github.io/thesis/images/kitchen/13_segmented_sun_asdthswybwhucoii.jpg,Spoon,"[[224,602],[35,612],[34,688],[217,683]]","[[421,592],[256,600],[253,678],[417,665]]","[[421,592],[256,600],[253,678],[417,665]]"
https://michaelalr.github.io/thesis/images/kitchen/16_segmented_sun_arutcrqcinqifffz.jpg,Tupperware containers,"[[532,268],[529,356],[599,380],[599,282]]","[[532,268],[529,356],[599,380],[599,282]]","[[294,53],[268,57],[268,137],[290,137],[295,131]]"
https://michaelalr.github.io/thesis/images/kitchen/9_segmented_sun_axijfojxwxpqqujw.jpg,Pan,"[[289,2500],[295,3322],[920,3434],[925,2682],[814,2633],[922,2570]]","[[1019,2585],[1045,2687],[936,2688],[938,3432],[1797,3503],[1807,2668]]",[]
https://michaelalr.github.io/thesis/images/kitchen/5_segmented_sun_anjtfklnounbuyez.jpg,Dish towels,"[[195,372],[48,511],[193,511]]","[[195,372],[48,511],[193,511]]","[[195,372],[48,511],[193,511]]"
https://michaelalr.github.io/thesis/images/kitchen/4_segmented_sun_axzmxlymdvjqqfpk.jpg,Bottle opener,[],"[[138,156],[91,159],[94,254],[143,249]]",[]
https://michaelalr.github.io/thesis/images/kitchen/25_segmented_sun_ahlfuymrubtqtisr.jpg,Spoon,"[[314,370],[256,383],[255,406],[305,401],[296,398],[307,393],[314,398]]","[[314,370],[256,383],[255,406],[305,401],[296,398],[307,393],[314,398]]","[[314,370],[256,383],[255,406],[305,401],[296,398],[307,393],[314,398]]"
https://michaelalr.github.io/thesis/images/kitchen/7_segmented_sun_azyvmcbjcmgkvtqt.jpg,Cutting board,[],"[[95,1],[97,67],[133,68],[135,1]]","[[32,155],[11,164],[7,234],[20,229],[18,189],[33,177]]"
https://michaelalr.github.io/thesis/images/kitchen/13_segmented_sun_agftjtvrnurcugdy.jpg,Cutting board,"[[1166,265],[1160,301],[1122,314],[1117,527],[1192,532],[1219,268]]","[[480,347],[473,476],[530,478],[536,356]]",[]
https://michaelalr.github.io/thesis/images/kitchen/12_segmented_sun_aaoqsrgxwepdyzdy.jpg,Mug,[],"[[491,475],[533,1021],[739,1025],[716,477]]",[]
https://michaelalr.github.io/thesis/images/kitchen/13_segmented_sun_ayakdnbiuvnibwap.jpg,Cutting board,"[[930,693],[907,709],[902,748],[962,778],[965,706]]","[[930,693],[907,709],[902,748],[962,778],[965,706]]","[[874,633],[876,649],[924,667],[928,682],[966,696],[966,663]]"
https://michaelalr.github.io/thesis/images/kitchen/32_segmented_sun_aehawpgmrlhlvcow.jpg,Bowl,"[[0,145],[0,348],[104,346],[102,163]]","[[0,145],[0,348],[104,346],[102,163]]","[[212,183],[209,342],[271,344],[272,195]]"
https://michaelalr.github.io/thesis/images/kitchen/4_segmented_sun_ayblvmglclwcvfuy.jpg,Mug,"[[1006,57],[954,89],[953,351],[998,351]]","[[1006,57],[954,89],[953,351],[998,351]]","[[1006,57],[954,89],[953,351],[998,351]]"
https://michaelalr.github.io/thesis/images/kitchen/15_segmented_sun_avtqdvhwdfzykzby.jpg,Cooking oil,"[[687,295],[604,308],[612,521],[690,519]]","[[687,295],[604,308],[612,521],[690,519]]","[[687,295],[604,308],[612,521],[690,519]]"
https://michaelalr.github.io/thesis/images/kitchen/13_segmented_sun_aqkqrnfwegwdkjbj.jpg,Pot,"[[359,230],[349,236],[348,284],[374,288],[375,231]]","[[501,220],[500,306],[532,311],[538,224]]","[[463,218],[458,299],[491,304],[495,220]]"
https://michaelalr.github.io/thesis/images/kitchen/15_segmented_sun_aodecucgusiyouky.jpg,Bottle opener,[],"[[1367,1330],[1370,1453],[1575,1480],[1566,1345]]","[[1367,1330],[1370,1453],[1575,1480],[1566,1345]]"
https://michaelalr.github.io/thesis/images/kitchen/12_segmented_sun_atofyjkewudvrgko.jpg,Dish towels,"[[243,157],[245,159],[255,160],[263,163],[264,159],[244,153]]","[[244,141],[245,146],[263,149],[263,144]]","[[244,141],[245,146],[263,149],[263,144]]"
https://michaelalr.github.io/thesis/images/kitchen/21_segmented_sun_atazuefukxmiuuuz.jpg,Plate,"[[240,18],[237,104],[255,106],[255,18]]","[[240,18],[237,104],[255,106],[255,18]]","[[240,18],[237,104],[255,106],[255,18]]"
https://michaelalr.github.io/thesis/images/kitchen/17_segmented_sun_ahpczsiumwwocjkv.jpg,Cooking oil,"[[42,70],[55,411],[194,403],[196,95]]","[[325,225],[326,304],[426,306],[427,245],[384,242],[378,227]]","[[325,225],[326,304],[426,306],[427,245],[384,242],[378,227]]"
https://michaelalr.github.io/thesis/images/kitchen/17_segmented_sun_aajnubwzelxjzhxh.jpg,Plate,"[[994,878],[985,1281],[1160,1291],[1170,910]]","[[763,825],[752,1256],[956,1291],[977,883]]","[[0,668],[0,1294],[173,1292],[195,717]]"
https://michaelalr.github.io/thesis/images/kitchen/16_segmented_sun_audsdmgqokopasvc.jpg,Cutting board,"[[597,330],[598,347],[687,355],[686,336]]","[[349,118],[348,241],[390,245],[395,119]]","[[690,337],[691,357],[754,363],[753,341]]"
https://michaelalr.github.io/thesis/images/kitchen/11_segmented_sun_aiohotqhgdcwynvg.jpg,Mug,"[[12,52],[13,82],[39,82],[39,53]]","[[12,52],[13,82],[39,82],[39,53]]","[[12,52],[13,82],[39,82],[39,53]]"
https://michaelalr.github.io/thesis/images/kitchen/27_segmented_sun_akeysdyrbtijkktp.jpg,Pot,[],"[[551,228],[548,403],[610,415],[611,228]]","[[397,269],[396,293],[410,299],[403,331],[413,345],[403,363],[435,375],[436,272]]"
https://michaelalr.github.io/thesis/images/kitchen/11_segmented_sun_axdfhsszzzqksxnx.jpg,Cutting knife,"[[66,176],[68,187],[137,191],[137,181]]","[[66,176],[68,187],[137,191],[137,181]]","[[66,176],[68,187],[137,191],[137,181]]"
https://michaelalr.github.io/thesis/images/kitchen/15_segmented_sun_agtwsuhzdcphofey.jpg,Plate,"[[286,3],[256,8],[252,75],[280,75],[287,52]]","[[286,3],[256,8],[252,75],[280,75],[287,52]]","[[286,3],[256,8],[252,75],[280,75],[287,52]]"
https://michaelalr.github.io/thesis/images/kitchen/12_segmented_sun_afphfxkabyerpwkz.jpg,Bottle opener,"[[987,505],[950,518],[952,552],[988,536]]","[[947,518],[894,536],[896,580],[947,557]]","[[987,505],[950,518],[952,552],[988,536]]"
https://michaelalr.github.io/thesis/images/kitchen/24_segmented_sun_akndyxefbqzbqsqy.jpg,Cooking oil,"[[502,220],[498,364],[536,365],[539,226]]","[[444,212],[444,298],[494,302],[493,219]]","[[502,220],[498,364],[536,365],[539,226]]"
https://michaelalr.github.io/thesis/images/kitchen/31_segmented_sun_azkalqubuavyhanp.jpg,Tupperware containers,"[[687,1066],[547,1102],[551,1399],[685,1363]]","[[470,850],[353,860],[353,963],[471,945]]","[[1075,965],[977,992],[975,1243],[1073,1202]]"
https://michaelalr.github.io/thesis/images/kitchen/11_segmented_sun_aexklacwqwezaorf.jpg,Dish towels,"[[308,316],[308,345],[315,338],[317,344],[331,356],[331,345],[323,330]]","[[210,310],[190,326],[178,347],[189,342],[195,352],[200,347],[203,351],[210,349]]","[[210,310],[190,326],[178,347],[189,342],[195,352],[200,347],[203,351],[210,349]]"
https://michaelalr.github.io/thesis/images/kitchen/16_segmented_sun_apqkrubcqlwlydgt.jpg,Bottle opener,[],"[[1230,424],[1222,623],[1256,637],[1319,625],[1324,441]]",[]
https://michaelalr.github.io/thesis/images/kitchen/11_segmented_sun_andzglcqubvbzfhz.jpg,Dish towels,"[[407,309],[406,333],[422,342],[425,336],[424,315]]","[[391,302],[395,419],[432,461],[497,461],[497,340]]","[[391,303],[391,326],[402,331],[404,328],[404,308]]"
https://michaelalr.github.io/thesis/images/kitchen/19_segmented_sun_ajuezengxvzuxlun.jpg,Tupperware containers,"[[365,262],[364,365],[443,363],[439,262]]","[[198,290],[168,305],[171,403],[200,369]]","[[118,35],[116,174],[153,183],[158,75]]"
https://michaelalr.github.io/thesis/images/kitchen/21_segmented_sun_aymtuhmvmnoftepq.jpg,Bottle opener,"[[797,429],[798,466],[900,475],[895,437]]","[[706,423],[708,453],[793,465],[793,429]]","[[706,423],[708,453],[793,465],[793,429]]"
https://michaelalr.github.io/thesis/images/kitchen/9_segmented_sun_aawzwijpmowksmpn.jpg,Mug,"[[681,215],[665,209],[611,218],[611,310],[681,308]]","[[593,213],[550,221],[551,358],[594,357]]","[[681,215],[665,209],[611,218],[611,310],[681,308]]"
https://michaelalr.github.io/thesis/images/kitchen/7_segmented_sun_akjyxnrawtgxtauh.jpg,Tupperware containers,"[[168,167],[169,254],[248,253],[250,166]]","[[62,167],[1,168],[1,255],[70,254]]",[]
https://michaelalr.github.io/thesis/images/kitchen/21_segmented_sun_aqysdgbofmsdlpdz.jpg,Dish towels,"[[778,74],[777,352],[921,351],[922,137],[822,139],[842,61]]","[[653,501],[653,584],[840,623],[838,525]]","[[93,529],[0,542],[0,677],[95,677]]"
https://michaelalr.github.io/thesis/images/kitchen/16_segmented_sun_axniweeepnlqholz.jpg,Plate,"[[103,192],[52,210],[53,255],[104,255]]","[[159,57],[157,136],[175,138],[178,60]]","[[239,48],[216,49],[216,131],[242,128]]"
https://michaelalr.github.io/thesis/images/kitchen/16_segmented_sun_apqkrubcqlwlydgt.jpg,Pan,"[[962,966],[955,1185],[1274,1193],[1275,1029]]","[[962,966],[955,1185],[1274,1193],[1275,1029]]","[[962,966],[955,1185],[1274,1193],[1275,1029]]"
https://michaelalr.github.io/thesis/images/kitchen/7_segmented_sun_aaktvzxuzcrholrn.jpg,Pan,"[[1619,630],[1618,879],[1721,893],[1718,641]]","[[1513,625],[1512,866],[1614,881],[1614,630]]",[]
https://michaelalr.github.io/thesis/images/kitchen/18_segmented_sun_avegzxqrhuvxfqst.jpg,Spices,"[[624,189],[544,201],[541,499],[621,496]]","[[624,189],[544,201],[541,499],[621,496]]","[[886,158],[783,174],[780,359],[882,355]]"
https://michaelalr.github.io/thesis/images/kitchen/10_segmented_sun_atklyngtuqjksbij.jpg,Dish towels,"[[54,176],[51,175],[51,169],[20,173],[21,182]]","[[102,161],[98,168],[98,202],[111,197],[112,168],[103,166],[105,162]]","[[96,170],[79,170],[80,190],[96,187]]"
https://michaelalr.github.io/thesis/images/kitchen/36_segmented_sun_atbaoghsljmshpma.jpg,Spices,"[[574,197],[555,200],[556,291],[576,290]]","[[874,119],[790,139],[795,290],[878,287]]","[[592,186],[576,196],[577,290],[624,292],[591,230],[602,226],[602,190]]"
https://michaelalr.github.io/thesis/images/kitchen/19_segmented_sun_aaedkdzalmgthmau.jpg,Spoon,"[[96,145],[54,149],[54,158],[96,152]]","[[96,145],[54,149],[54,158],[96,152]]","[[96,145],[54,149],[54,158],[96,152]]"
https://michaelalr.github.io/thesis/images/kitchen/8_segmented_sun_aiglcvlromhhtwwt.jpg,Cutting knife,"[[354,1207],[353,1279],[519,1275],[512,1205]]","[[1156,1195],[1143,1182],[1028,1186],[1015,1200],[1015,1259],[1148,1261]]","[[1156,1195],[1143,1182],[1028,1186],[1015,1200],[1015,1259],[1148,1261]]"
https://michaelalr.github.io/thesis/images/kitchen/20_segmented_sun_aqablbfuuqtxxfmn.jpg,Bottle opener,"[[844,480],[847,520],[966,621],[968,554]]","[[844,480],[847,520],[966,621],[968,554]]","[[844,480],[847,520],[966,621],[968,554]]"
https://michaelalr.github.io/thesis/images/kitchen/4_segmented_sun_aelcibcsjcbumbox.jpg,Dish towels,[],"[[68,152],[66,142],[35,145],[40,156]]",[]
https://michaelalr.github.io/thesis/images/kitchen/10_segmented_sun_avfsqwoiantddppx.jpg,Tupperware containers,"[[197,160],[152,162],[155,214],[197,212]]","[[197,160],[152,162],[155,214],[197,212]]","[[163,10],[139,11],[140,71],[163,70]]"
https://michaelalr.github.io/thesis/images/kitchen/4_segmented_sun_atsywuyhmnvgorge.jpg,Tupperware containers,"[[140,257],[116,284],[119,361],[139,361],[145,348]]","[[140,257],[116,284],[119,361],[139,361],[145,348]]","[[28,0],[40,157],[93,150],[81,1]]"
https://michaelalr.github.io/thesis/images/kitchen/24_segmented_sun_abjllhhfuvcygwtk.jpg,Tupperware containers,"[[702,1520],[182,1532],[196,1771],[711,1758]]","[[1856,1099],[1644,1104],[1635,1711],[1841,1695]]","[[188,8],[210,653],[452,654],[445,20]]"
https://michaelalr.github.io/thesis/images/kitchen/15_segmented_sun_aijgpwskalofehtx.jpg,Cooking oil,"[[187,70],[183,140],[194,143],[201,139],[198,74]]","[[124,43],[123,95],[154,102],[157,57],[133,43]]","[[413,55],[374,62],[380,140],[414,140]]"
https://michaelalr.github.io/thesis/images/kitchen/24_segmented_sun_avgavmxqjvtwbqfp.jpg,Bottle opener,"[[303,429],[129,443],[128,471],[299,450]]","[[687,426],[688,450],[738,460],[735,431]]","[[687,426],[688,450],[738,460],[735,431]]"
https://michaelalr.github.io/thesis/images/kitchen/19_segmented_sun_aoywzstvdkkbwrdc.jpg,Cutting knife,"[[678,258],[680,276],[763,285],[760,266]]","[[450,233],[451,243],[504,251],[503,238]]","[[544,245],[545,257],[570,260],[587,257],[585,248]]"
https://michaelalr.github.io/thesis/images/kitchen/33_segmented_sun_awbppqusbpubsfeq.jpg,Plate,"[[245,157],[244,267],[289,268],[291,158]]","[[504,157],[502,267],[532,270],[534,158]]","[[599,174],[598,267],[628,269],[633,176]]"
https://michaelalr.github.io/thesis/images/kitchen/10_segmented_sun_aghnvwyesmnmdysw.jpg,Spices,"[[90,0],[92,79],[115,83],[118,0]]","[[90,0],[92,79],[115,83],[118,0]]","[[90,0],[92,79],[115,83],[118,0]]"
https://michaelalr.github.io/thesis/images/kitchen/12_segmented_sun_abojfnhnriktbvha.jpg,Cooking oil,[],"[[92,19],[72,24],[74,82],[92,79]]",[]
https://michaelalr.github.io/thesis/images/kitchen/32_segmented_sun_axvfcxucpkhbmcop.jpg,Bowl,"[[436,189],[435,304],[486,307],[488,194]]","[[800,119],[753,146],[755,303],[801,300],[791,282],[802,269]]","[[841,94],[803,117],[804,301],[841,299]]"
https://michaelalr.github.io/thesis/images/kitchen/16_segmented_sun_amdcynvvhjqpnzwn.jpg,Cooking oil,"[[300,268],[298,359],[373,351],[374,270]]","[[657,189],[618,194],[621,215],[644,222],[621,222],[620,233],[658,230]]","[[300,268],[298,359],[373,351],[374,270]]"
https://michaelalr.github.io/thesis/images/kitchen/19_segmented_sun_aiimvpmdhvdplgku.jpg,Dish towels,"[[79,474],[80,514],[134,508],[129,481]]","[[552,398],[505,399],[505,411],[513,416],[550,416]]","[[79,474],[80,514],[134,508],[129,481]]"
https://michaelalr.github.io/thesis/images/kitchen/9_segmented_sun_atqtozdyytwnbyzb.jpg,Spoon,"[[191,245],[38,278],[42,372],[93,373],[152,347],[151,313],[132,302],[191,280]]","[[191,245],[38,278],[42,372],[93,373],[152,347],[151,313],[132,302],[191,280]]",[]
https://michaelalr.github.io/thesis/images/kitchen/11_segmented_sun_adgwfcgzbmhgttep.jpg,Spices,"[[646,0],[639,164],[683,171],[679,103],[698,94],[702,2]]","[[402,0],[393,157],[500,161],[504,0]]","[[402,0],[393,157],[500,161],[504,0]]"
https://michaelalr.github.io/thesis/images/kitchen/20_segmented_sun_ajjzclmfruwfwclr.jpg,Dish towels,"[[842,131],[788,144],[790,243],[843,236]]","[[738,435],[721,456],[722,536],[781,555],[783,439]]","[[724,449],[784,458],[782,437],[737,433],[736,443]]"
https://michaelalr.github.io/thesis/images/kitchen/8_segmented_sun_ayyzminaxvwhwfvn.jpg,Bowl,"[[544,171],[476,176],[478,306],[545,306]]","[[744,161],[622,168],[622,308],[739,310]]","[[549,170],[547,305],[618,307],[618,204],[553,204],[552,188],[575,170]]"
https://michaelalr.github.io/thesis/images/kitchen/15_segmented_sun_arncjbhdgmgximal.jpg,Tupperware containers,"[[624,404],[624,436],[663,442],[627,482],[625,523],[694,534],[696,409]]","[[870,147],[789,159],[791,318],[873,317]]","[[991,96],[906,109],[909,319],[991,318]]"
https://michaelalr.github.io/thesis/images/kitchen/14_segmented_sun_avcefvkbbyeetisk.jpg,Bowl,"[[18,1],[29,94],[47,92],[47,11]]","[[93,21],[97,85],[127,84],[126,22]]","[[148,18],[128,21],[131,83],[150,79]]"
https://michaelalr.github.io/thesis/images/kitchen/10_segmented_sun_aoxbeapkwbtxitgh.jpg,Pan,[],"[[157,282],[122,283],[121,296],[155,294]]",[]
https://michaelalr.github.io/thesis/images/kitchen/5_segmented_sun_amrmgzibwncklrsh.jpg,Cutting knife,"[[189,175],[189,203],[211,205],[221,192],[221,206],[251,206],[250,175]]","[[187,144],[188,172],[216,177],[252,173],[255,145]]","[[187,144],[188,172],[216,177],[252,173],[255,145]]"
https://michaelalr.github.io/thesis/images/kitchen/3_segmented_sun_aowvammdqpmypflg.jpg,Plate,"[[517,0],[519,205],[639,205],[639,0]]",[],[]
https://michaelalr.github.io/thesis/images/kitchen/11_segmented_sun_asviowgxnvxahlem.jpg,Spoon,"[[1716,1978],[1720,2041],[1861,2046],[1912,2026],[1905,1971]]","[[1386,1974],[1275,2004],[1265,2070],[1289,2075],[1379,2043]]","[[1386,1974],[1275,2004],[1265,2070],[1289,2075],[1379,2043]]"
https://michaelalr.github.io/thesis/images/kitchen/11_segmented_sun_abhsfpzcpzqhdoxa.jpg,Plate,[],[],"[[209,159],[209,224],[230,234],[230,162]]"
https://michaelalr.github.io/thesis/images/kitchen/19_segmented_sun_arzuedxfvggotalr.jpg,Spoon,"[[402,1249],[412,1452],[477,1544],[480,1252]]","[[1125,1524],[749,1543],[740,1604],[1111,1583]]","[[2624,1416],[2390,1429],[2382,1481],[2616,1463]]"
https://michaelalr.github.io/thesis/images/kitchen/11_segmented_sun_akcqxkfkoerupltg.jpg,Cutting knife,"[[426,297],[389,300],[388,314],[423,310],[426,307]]","[[425,282],[389,285],[388,299],[425,295]]","[[425,282],[389,285],[388,299],[425,295]]"
https://michaelalr.github.io/thesis/images/kitchen/5_segmented_sun_aqtnebfegavdqvzg.jpg,Bottle opener,[],"[[307,463],[251,471],[250,502],[270,500],[264,505],[306,498]]","[[307,463],[251,471],[250,502],[270,500],[264,505],[306,498]]"
https://michaelalr.github.io/thesis/images/kitchen/14_segmented_sun_aaofphpvkeqlhwgu.jpg,Cutting board,"[[146,958],[146,1094],[367,1101],[364,964]]","[[372,821],[372,1101],[581,1106],[581,827]]","[[145,891],[149,955],[365,959],[364,892]]"
https://michaelalr.github.io/thesis/images/kitchen/8_segmented_sun_aqxypnffmypblepf.jpg,Pan,[],"[[1977,983],[1474,1076],[1467,1614],[1959,1405]]",[]
https://michaelalr.github.io/thesis/images/kitchen/9_segmented_sun_alewrcyogvxhxyed.jpg,Bowl,"[[160,59],[142,63],[143,98],[161,98]]","[[160,59],[142,63],[143,98],[161,98]]","[[191,53],[177,56],[178,98],[193,96]]"
https://michaelalr.github.io/thesis/images/kitchen/5_segmented_sun_axjklwmyyuucdiap.jpg,Cutting board,[],"[[37,171],[6,172],[6,216],[37,209]]","[[63,169],[39,170],[39,209],[61,204]]"
https://michaelalr.github.io/thesis/images/kitchen/20_segmented_sun_asihqiludfduwqgb.jpg,Cutting board,"[[250,455],[252,471],[324,482],[322,462]]","[[502,554],[500,622],[584,647],[586,572]]","[[418,478],[422,512],[496,524],[495,488]]"
https://michaelalr.github.io/thesis/images/kitchen/15_segmented_sun_abxcbboqmegyjmav.jpg,Cooking oil,[],"[[132,0],[133,20],[169,18],[169,0]]","[[93,0],[94,22],[125,20],[125,0]]"
https://michaelalr.github.io/thesis/images/kitchen/13_segmented_sun_amjjibveuuidjzks.jpg,Mug,"[[348,337],[346,477],[406,500],[408,345]]","[[106,34],[102,219],[176,227],[179,51]]","[[14,10],[11,215],[99,220],[100,33]]"
https://michaelalr.github.io/thesis/images/kitchen/4_segmented_sun_ajgisfszhervnyxr.jpg,Mug,[],"[[1675,1045],[1239,1120],[1234,1301],[1652,1192]]","[[54,587],[54,774],[194,771],[191,590]]"
https://michaelalr.github.io/thesis/images/kitchen/14_segmented_sun_aahyfqarmjfribbj.jpg,Mug,"[[30,0],[32,37],[109,35],[108,0]]","[[30,0],[32,37],[109,35],[108,0]]","[[30,0],[32,37],[109,35],[108,0]]"
https://michaelalr.github.io/thesis/images/kitchen/20_segmented_sun_azulmgwchddndaad.jpg,Spices,"[[999,77],[981,486],[1106,505],[1071,403],[1133,87]]",[],"[[999,77],[981,486],[1106,505],[1071,403],[1133,87]]"
https://michaelalr.github.io/thesis/images/kitchen/14_segmented_sun_azwwjcrzdvvyzgoe.jpg,Spices,"[[404,134],[352,150],[353,242],[405,242]]","[[302,166],[281,173],[282,242],[302,241]]","[[655,56],[579,81],[586,251],[688,242],[689,74]]"
https://michaelalr.github.io/thesis/images/kitchen/3_segmented_sun_apxiquojjekygeoz.jpg,Tupperware containers,[],"[[200,0],[200,22],[210,32],[200,38],[201,46],[231,41],[233,1]]","[[236,1],[239,39],[274,34],[272,0]]"
https://michaelalr.github.io/thesis/images/kitchen/7_segmented_sun_amyxoyevwxkyrews.jpg,Tupperware containers,[],"[[150,78],[146,259],[235,271],[244,95]]","[[44,58],[44,257],[140,261],[146,77]]"
https://michaelalr.github.io/thesis/images/kitchen/28_segmented_sun_applwyjeqfhkdxsj.jpg,Pot,"[[294,634],[109,674],[106,755],[291,696]]","[[294,634],[109,674],[106,755],[291,696]]","[[5,533],[0,736],[78,766],[84,545]]"
https://michaelalr.github.io/thesis/images/kitchen/26_segmented_sun_amgngweylomgpzve.jpg,Dish towels,"[[187,325],[157,331],[156,351],[186,344]]","[[148,301],[99,310],[101,358],[149,345]]","[[186,300],[157,304],[156,325],[185,320]]"
https://michaelalr.github.io/thesis/images/kitchen/5_segmented_sun_ahopcrglzqvszvrf.jpg,Bowl,"[[176,0],[176,31],[206,31],[207,0]]","[[176,0],[176,31],[206,31],[207,0]]","[[125,0],[125,33],[145,32],[144,0]]"
https://michaelalr.github.io/thesis/images/kitchen/13_segmented_sun_aqwmrxocbqqxhmnd.jpg,Mug,"[[129,13],[127,59],[142,59],[143,13]]","[[129,13],[127,59],[142,59],[143,13]]","[[129,13],[127,59],[142,59],[143,13]]"
https://michaelalr.github.io/thesis/images/kitchen/32_segmented_sun_aznaqoxfkbdxgdfn.jpg,Spoon,"[[302,272],[280,274],[279,294],[281,296],[303,291]]","[[391,267],[391,286],[422,287],[422,269]]","[[391,267],[391,286],[422,287],[422,269]]"
https://michaelalr.github.io/thesis/images/kitchen/16_segmented_sun_aydvvhqombqloffb.jpg,Spices,"[[459,145],[453,754],[571,673],[669,771],[647,932],[462,859],[458,991],[758,1004],[798,250],[721,148]]","[[1773,309],[1778,993],[2194,995],[2192,367],[2138,307]]","[[1529,327],[1526,720],[1748,725],[1750,334]]"
https://michaelalr.github.io/thesis/images/kitchen/5_segmented_sun_amigxvhrrtmfbdhu.jpg,Plate,"[[1493,542],[1342,554],[1362,836],[1494,817]]","[[1173,564],[1029,579],[1043,863],[1189,854]]","[[1660,524],[1500,543],[1523,837],[1680,826]]"
https://michaelalr.github.io/thesis/images/kitchen/15_segmented_sun_amhaqxrmuqtylgcx.jpg,Pot,"[[1156,1430],[1087,1526],[1121,1999],[1178,1898]]","[[1934,1100],[1918,1623],[1969,1800],[1984,1176]]","[[1156,1430],[1087,1526],[1121,1999],[1178,1898]]"
https://michaelalr.github.io/thesis/images/kitchen/20_segmented_sun_atvyblhzuyosywbk.jpg,Cutting board,"[[681,462],[596,466],[596,518],[677,506]]","[[184,381],[159,385],[153,495],[186,492]]","[[681,462],[596,466],[596,518],[677,506]]"
https://michaelalr.github.io/thesis/images/kitchen/27_segmented_sun_axuqnfqilroaivlw.jpg,Cutting knife,"[[208,170],[177,180],[177,194],[208,182]]","[[173,182],[128,198],[127,220],[171,199]]","[[98,117],[98,123],[100,125],[113,126],[114,119]]"
https://michaelalr.github.io/thesis/images/kitchen/9_segmented_sun_appcjzysrguvszsp.jpg,Dish towels,[],"[[432,520],[429,670],[458,763],[599,764],[604,525]]",[]
https://michaelalr.github.io/thesis/images/kitchen/10_segmented_sun_aosgdwtxputqrewh.jpg,Pot,"[[213,295],[143,297],[142,370],[201,362],[199,306],[213,303]]","[[213,295],[143,297],[142,370],[201,362],[199,306],[213,303]]","[[454,201],[417,208],[418,251],[455,250]]"
https://michaelalr.github.io/thesis/images/kitchen/4_segmented_sun_abntrinbqbsqoowj.jpg,Spices,"[[230,255],[158,271],[161,361],[181,354],[175,335],[186,320],[231,326]]","[[230,255],[158,271],[161,361],[181,354],[175,335],[186,320],[231,326]]","[[230,255],[158,271],[161,361],[181,354],[175,335],[186,320],[231,326]]"
https://michaelalr.github.io/thesis/images/kitchen/5_segmented_sun_akgdlzofsznnznzs.jpg,Pot,"[[164,167],[163,234],[224,234],[224,176]]","[[164,167],[163,234],[224,234],[224,176]]",[]
https://michaelalr.github.io/thesis/images/kitchen/10_segmented_sun_akzqpunutptijrud.jpg,Spoon,"[[237,145],[237,157],[250,164],[251,152]]","[[237,145],[237,157],[250,164],[251,152]]","[[237,145],[237,157],[250,164],[251,152]]"
https://michaelalr.github.io/thesis/images/kitchen/10_segmented_sun_alxnnlzdudyhqwig.jpg,Pan,[],"[[215,254],[219,582],[410,585],[405,268]]",[]
https://michaelalr.github.io/thesis/images/kitchen/9_segmented_sun_ahhpdyqcqetzdkul.jpg,Plate,"[[9,0],[9,39],[15,40],[9,43],[9,51],[42,51],[42,0]]","[[9,0],[9,39],[15,40],[9,43],[9,51],[42,51],[42,0]]","[[9,0],[9,39],[15,40],[9,43],[9,51],[42,51],[42,0]]"
https://michaelalr.github.io/thesis/images/kitchen/16_segmented_sun_akwvdhqsbtcesevi.jpg,Spices,"[[2434,47],[2235,61],[2163,810],[2343,833]]","[[904,66],[902,663],[1031,664],[1060,96]]","[[904,66],[902,663],[1031,664],[1060,96]]"
https://michaelalr.github.io/thesis/images/kitchen/16_segmented_sun_albvabfjscunfnug.jpg,Mug,"[[137,64],[136,139],[140,150],[160,150],[159,65]]","[[204,66],[203,148],[223,150],[223,68]]","[[182,66],[183,149],[201,149],[201,67]]"
https://michaelalr.github.io/thesis/images/kitchen/29_segmented_sun_adysrrgnddvmloix.jpg,Bottle opener,"[[1173,914],[1040,921],[1037,962],[1163,956]]","[[1173,914],[1040,921],[1037,962],[1163,956]]","[[1173,914],[1040,921],[1037,962],[1163,956]]"
https://michaelalr.github.io/thesis/images/kitchen/18_segmented_sun_aaqhazmhbhefhakh.jpg,Tupperware containers,"[[522,699],[437,704],[424,884],[530,879]]","[[659,695],[532,702],[539,880],[661,875]]","[[377,126],[412,469],[511,470],[505,127]]"
https://michaelalr.github.io/thesis/images/kitchen/12_segmented_sun_aglwoufpxbtxqecp.jpg,Dish towels,"[[443,537],[326,542],[324,582],[362,568],[441,563]]","[[955,509],[957,555],[1076,572],[1075,523]]","[[443,537],[326,542],[324,582],[362,568],[441,563]]"
https://michaelalr.github.io/thesis/images/kitchen/17_segmented_sun_aahrhcdovivimmox.jpg,Cooking oil,"[[180,0],[185,97],[277,98],[273,1]]","[[0,0],[8,84],[181,82],[175,0]]","[[180,0],[185,97],[277,98],[273,1]]"
https://michaelalr.github.io/thesis/images/kitchen/9_segmented_sun_acgtpgfybqjmzeyw.jpg,Cutting board,[],"[[535,492],[410,540],[428,816],[547,743]]","[[535,492],[410,540],[428,816],[547,743]]"
https://michaelalr.github.io/thesis/images/kitchen/13_segmented_sun_akqfxfezmgfyeuet.jpg,Plate,[],"[[10,141],[17,237],[45,251],[116,230],[116,139]]","[[255,10],[243,12],[242,60],[255,61]]"
https://michaelalr.github.io/thesis/images/kitchen/18_segmented_sun_ayimxneyvyzyydua.jpg,Mug,[],"[[81,166],[47,168],[47,213],[81,211]]",[]
https://michaelalr.github.io/thesis/images/kitchen/3_segmented_sun_aosansbnaqjypxak.jpg,Cutting board,[],"[[262,185],[234,185],[229,290],[253,286],[237,287],[236,276],[264,273]]",[]
https://michaelalr.github.io/thesis/images/kitchen/18_segmented_sun_ayltcajffbljunhp.jpg,Spoon,"[[393,396],[364,401],[363,421],[392,414]]","[[746,406],[747,420],[807,419],[806,407]]","[[402,396],[403,414],[448,414],[448,397]]"
https://michaelalr.github.io/thesis/images/kitchen/10_segmented_sun_afdsoicqiukinrep.jpg,Bottle opener,"[[191,168],[177,171],[178,189],[191,184]]","[[191,168],[177,171],[178,189],[191,184]]","[[191,168],[177,171],[178,189],[191,184]]"
https://michaelalr.github.io/thesis/images/kitchen/14_segmented_sun_aucefajtdpoipkjt.jpg,Spices,"[[954,208],[960,407],[940,442],[1097,445],[1098,214]]","[[954,208],[960,407],[940,442],[1097,445],[1098,214]]","[[954,208],[960,407],[940,442],[1097,445],[1098,214]]"
https://michaelalr.github.io/thesis/images/kitchen/14_segmented_sun_asjqhogveouhsvta.jpg,Bowl,"[[643,96],[542,111],[541,237],[645,232]]","[[643,96],[542,111],[541,237],[645,232]]","[[372,137],[329,145],[330,240],[373,239]]"
https://michaelalr.github.io/thesis/images/kitchen/8_segmented_sun_aveigbiztwzcnjpo.jpg,Spices,"[[234,18],[234,72],[275,60],[276,42],[265,39],[265,22],[276,18]]","[[223,187],[193,189],[193,215],[207,216],[209,213],[223,212]]","[[315,18],[293,18],[293,34],[279,36],[279,58],[316,46]]"
https://michaelalr.github.io/thesis/images/kitchen/5_segmented_sun_adlmcpuuxqkwtxso.jpg,Cutting knife,[],[],[]
https://michaelalr.github.io/thesis/images/kitchen/13_segmented_sun_asymyduxvrjpcvzg.jpg,Tupperware containers,"[[998,1639],[189,2008],[265,2296],[1044,2296]]","[[1445,1224],[1082,1388],[1142,2267],[1448,2084]]","[[0,0],[0,477],[378,379],[327,11]]"
https://michaelalr.github.io/thesis/images/kitchen/18_segmented_sun_adrbkrnduulprdgf.jpg,Pot,"[[1594,840],[1542,1092],[1717,1137],[1725,863]]","[[1039,694],[1058,821],[1226,830],[1224,709]]","[[1594,840],[1542,1092],[1717,1137],[1725,863]]"
https://michaelalr.github.io/thesis/images/kitchen/19_segmented_sun_aqsmztrzytxeqngz.jpg,Spoon,"[[347,195],[348,213],[376,218],[375,199]]","[[378,201],[379,220],[413,227],[413,206]]","[[378,201],[379,220],[413,227],[413,206]]"
https://michaelalr.github.io/thesis/images/kitchen/7_segmented_sun_apzmsxslxhquvsgp.jpg,Pot,"[[333,184],[326,289],[348,321],[355,197]]","[[243,155],[241,249],[285,249],[290,158]]","[[243,155],[241,249],[285,249],[290,158]]"
https://michaelalr.github.io/thesis/images/kitchen/11_segmented_sun_aizucjuowqgdstld.jpg,Mug,"[[131,1],[130,93],[168,94],[168,5]]","[[131,1],[130,93],[168,94],[168,5]]",[]
https://michaelalr.github.io/thesis/images/kitchen/23_segmented_sun_aeqdocilnnpuvuhx.jpg,Mug,"[[127,155],[125,250],[171,254],[171,160]]","[[399,169],[384,176],[385,255],[406,253],[406,219],[396,212]]","[[7,141],[4,248],[64,252],[64,148]]"
https://michaelalr.github.io/thesis/images/kitchen/21_segmented_sun_aixcohasratbbbrc.jpg,Mug,"[[326,193],[325,558],[515,536],[515,244]]","[[940,316],[821,326],[825,499],[941,501]]","[[0,95],[0,377],[124,315],[54,370],[97,432],[228,391],[70,490],[144,580],[318,560],[317,192]]"
https://michaelalr.github.io/thesis/images/kitchen/17_segmented_sun_aptlcpaekbcptzde.jpg,Bottle opener,"[[1475,1342],[1474,1511],[1667,1507],[1671,1350]]","[[1472,1523],[1472,1686],[1660,1670],[1663,1519]]","[[1475,1342],[1474,1511],[1667,1507],[1671,1350]]"
https://michaelalr.github.io/thesis/images/kitchen/13_segmented_sun_ayycibccxihsvzwf.jpg,Cutting board,"[[68,123],[69,132],[96,131],[96,122]]","[[69,122],[71,174],[97,174],[96,122]]","[[162,119],[161,135],[177,135],[177,120]]"
https://michaelalr.github.io/thesis/images/kitchen/8_segmented_sun_asdkumvxksutpnxf.jpg,Tupperware containers,[],"[[58,16],[28,16],[28,75],[60,73]]","[[63,0],[62,74],[83,73],[87,0]]"
https://michaelalr.github.io/thesis/images/kitchen/16_segmented_sun_aocertireghzecps.jpg,Bowl,[],"[[3,140],[2,265],[85,265],[83,147]]","[[779,98],[694,118],[696,191],[779,182]]"
https://michaelalr.github.io/thesis/images/kitchen/10_segmented_sun_adgqasybjyktddhj.jpg,Cutting knife,"[[1881,1190],[1458,1211],[1452,1369],[1874,1322]]","[[818,1261],[0,1295],[0,1537],[816,1446]]","[[1881,1190],[1458,1211],[1452,1369],[1874,1322]]"
https://michaelalr.github.io/thesis/images/kitchen/19_segmented_sun_abpdoqdjxnjnftrm.jpg,Cutting board,"[[602,475],[519,481],[519,518],[601,508]]","[[704,467],[702,564],[771,554],[772,474]]","[[704,467],[702,564],[771,554],[772,474]]"
https://michaelalr.github.io/thesis/images/kitchen/6_segmented_sun_atwoavdmhehoxekk.jpg,Cutting board,[],"[[242,105],[185,107],[184,186],[236,181]]","[[242,105],[185,107],[184,186],[236,181]]"
https://michaelalr.github.io/thesis/images/kitchen/16_segmented_sun_acbwsdvfpdealaws.jpg,Cutting knife,"[[951,1484],[957,1555],[1205,1566],[1206,1506],[1184,1492]]","[[951,1484],[957,1555],[1205,1566],[1206,1506],[1184,1492]]","[[951,1484],[957,1555],[1205,1566],[1206,1506],[1184,1492]]"
https://michaelalr.github.io/thesis/images/kitchen/16_segmented_sun_aitugazcpdxlcexr.jpg,Bottle opener,"[[2470,1784],[2479,1862],[2706,1893],[2696,1813]]","[[2470,1784],[2479,1862],[2706,1893],[2696,1813]]","[[2470,1784],[2479,1862],[2706,1893],[2696,1813]]"
https://michaelalr.github.io/thesis/images/kitchen/19_segmented_sun_aqvmsqldqejeygqp.jpg,Pot,"[[512,592],[417,609],[423,755],[517,733]]","[[984,554],[980,677],[1002,721],[1006,577]]","[[984,554],[980,677],[1002,721],[1006,577]]"
https://michaelalr.github.io/thesis/images/kitchen/4_segmented_sun_asrmqjtarxqcwgbe.jpg,Cutting board,[],"[[185,62],[159,64],[161,121],[185,122]]",[]
https://michaelalr.github.io/thesis/images/kitchen/18_segmented_sun_aqaizcjhixeqjpxf.jpg,Bowl,"[[0,156],[0,311],[28,311],[34,165]]","[[270,217],[269,283],[294,301],[270,302],[269,323],[347,323],[349,222]]","[[37,163],[35,310],[143,317],[143,185]]"
https://michaelalr.github.io/thesis/images/kitchen/4_segmented_sun_abksexnhiqaynrtd.jpg,Tupperware containers,[],"[[986,0],[971,287],[1170,323],[1191,0]]","[[986,0],[971,287],[1170,323],[1191,0]]"
https://michaelalr.github.io/thesis/images/kitchen/8_segmented_sun_afuohsttqnbuwmtz.jpg,Cutting knife,"[[65,237],[65,255],[121,255],[118,244]]","[[65,237],[65,255],[121,255],[118,244]]",[]
https://michaelalr.github.io/thesis/images/kitchen/17_segmented_sun_aihhrniwdvojxeim.jpg,Spoon,"[[76,124],[76,130],[102,130],[102,124]]","[[76,124],[76,130],[102,130],[102,124]]","[[76,124],[76,130],[102,130],[102,124]]"
https://michaelalr.github.io/thesis/images/kitchen/3_segmented_sun_aybewnodwjzodmab.jpg,Mug,[],"[[0,0],[0,101],[26,100],[32,0]]",[]
https://michaelalr.github.io/thesis/images/kitchen/7_segmented_sun_ausoawpgizupwxwv.jpg,Spoon,"[[985,785],[993,881],[1239,898],[1229,799]]","[[985,785],[993,881],[1239,898],[1229,799]]","[[852,783],[670,818],[673,919],[856,875]]"
https://michaelalr.github.io/thesis/images/kitchen/12_segmented_sun_abfhiynbwmnbubmd.jpg,Spoon,[],"[[524,238],[500,240],[500,296],[524,298]]",[]
https://michaelalr.github.io/thesis/images/kitchen/12_segmented_sun_atrdwidjvfvyiehn.jpg,Spoon,"[[1133,610],[1129,664],[1248,673],[1252,617]]","[[1133,610],[1129,664],[1248,673],[1252,617]]","[[1133,610],[1129,664],[1248,673],[1252,617]]"
https://michaelalr.github.io/thesis/images/kitchen/9_segmented_sun_aiytltpscsmtcmov.jpg,Bottle opener,[],[],"[[211,138],[209,145],[223,157],[229,159],[229,155]]"
https://michaelalr.github.io/thesis/images/kitchen/14_segmented_sun_amagtutwqfsotmwm.jpg,Bowl,"[[283,158],[232,162],[233,235],[281,232]]","[[351,158],[289,160],[292,246],[338,244],[336,232],[352,219]]","[[351,158],[289,160],[292,246],[338,244],[336,232],[352,219]]"
https://michaelalr.github.io/thesis/images/kitchen/38_segmented_sun_afqpfzmhhuegedtn.jpg,Cutting board,[],"[[1715,1169],[1581,1196],[1578,1309],[1648,1287],[1678,1333],[1709,1334]]","[[1416,1232],[1100,1289],[1097,1445],[1234,1416],[1218,1372],[1247,1340],[1415,1307]]"
https://michaelalr.github.io/thesis/images/kitchen/10_segmented_sun_apoujidafujtokxq.jpg,Pan,"[[62,207],[62,261],[95,262],[96,208]]","[[62,207],[62,261],[95,262],[96,208]]","[[74,67],[74,136],[99,138],[103,68]]"
https://michaelalr.github.io/thesis/images/kitchen/6_segmented_sun_avqytscawynyemjr.jpg,Bottle opener,[],[],[]
https://michaelalr.github.io/thesis/images/kitchen/32_segmented_sun_asdarblgsqpekfvc.jpg,Mug,[],"[[369,164],[368,220],[400,220],[400,165]]","[[309,115],[308,152],[332,153],[332,118]]"
https://michaelalr.github.io/thesis/images/kitchen/22_segmented_sun_aobrodswclzjvydl.jpg,Dish towels,"[[103,126],[76,130],[76,149],[103,144]]","[[129,114],[105,118],[106,143],[129,139]]","[[103,126],[76,130],[76,149],[103,144]]"
https://michaelalr.github.io/thesis/images/kitchen/17_segmented_sun_ahpmwzyjitbraidu.jpg,Pot,"[[463,336],[408,341],[408,431],[456,425],[449,346]]","[[324,315],[281,317],[281,382],[316,378],[310,323],[324,321]]","[[300,193],[299,267],[323,268],[325,195]]"
https://michaelalr.github.io/thesis/images/kitchen/9_segmented_sun_adcrxklhlbwrbkgm.jpg,Plate,"[[1333,0],[1321,167],[1256,188],[1244,474],[1607,510],[1624,0]]","[[134,0],[137,472],[470,475],[502,155],[464,0]]","[[1333,0],[1321,167],[1256,188],[1244,474],[1607,510],[1624,0]]"
https://michaelalr.github.io/thesis/images/kitchen/3_segmented_sun_andtqogoyruvxzkc.jpg,Pan,"[[563,2],[555,273],[776,279],[786,4]]",[],[]
https://michaelalr.github.io/thesis/images/kitchen/8_segmented_sun_auzlhgjrwajkcxom.jpg,Pan,"[[149,160],[118,163],[120,214],[150,214]]","[[149,160],[118,163],[120,214],[150,214]]","[[149,160],[118,163],[120,214],[150,214]]"
https://michaelalr.github.io/thesis/images/kitchen/7_segmented_sun_ambotvfalxtxgzuz.jpg,Bottle opener,[],"[[178,211],[177,299],[203,299],[206,230]]",[]
https://michaelalr.github.io/thesis/images/kitchen/4_segmented_sun_ayhgchyquhxwwuyq.jpg,Bowl,[],[],[]
https://michaelalr.github.io/thesis/images/kitchen/11_segmented_sun_ahviydoezasajqcc.jpg,Pot,"[[717,383],[716,391],[728,395],[717,404],[720,461],[759,458],[763,386]]","[[717,383],[716,391],[728,395],[717,404],[720,461],[759,458],[763,386]]","[[717,383],[716,391],[728,395],[717,404],[720,461],[759,458],[763,386]]"
https://michaelalr.github.io/thesis/images/kitchen/3_segmented_sun_aufzslccewyyytmi.jpg,Mug,[],"[[201,59],[200,80],[201,83],[212,86],[214,58]]","[[230,57],[215,58],[215,86],[218,88],[228,88]]"
https://michaelalr.github.io/thesis/images/kitchen/14_segmented_sun_axkxwlbatrhoxrsg.jpg,Cutting knife,"[[866,1290],[873,1429],[1223,1444],[1223,1299]]","[[866,1290],[873,1429],[1223,1444],[1223,1299]]","[[745,1295],[635,1343],[638,1487],[748,1436]]"
https://michaelalr.github.io/thesis/images/kitchen/21_segmented_sun_aavzagnbsbymxlyh.jpg,Bottle opener,"[[355,396],[172,405],[172,437],[328,429],[355,417]]","[[868,478],[732,493],[731,534],[867,515]]","[[355,396],[172,405],[172,437],[328,429],[355,417]]"
https://michaelalr.github.io/thesis/images/kitchen/13_segmented_sun_awbcmaswtwdvzkgy.jpg,Cutting knife,"[[824,705],[729,744],[726,797],[823,747]]","[[824,705],[729,744],[726,797],[823,747]]","[[824,705],[729,744],[726,797],[823,747]]"
https://michaelalr.github.io/thesis/images/kitchen/9_segmented_sun_abpwyqmlzafvklqo.jpg,Mug,"[[122,308],[105,800],[373,800],[384,324]]","[[122,308],[105,800],[373,800],[384,324]]","[[122,308],[105,800],[373,800],[384,324]]"
https://michaelalr.github.io/thesis/images/kitchen/4_segmented_sun_apdxoksqpmpghypf.jpg,Pan,"[[583,449],[580,597],[680,598]]","[[583,449],[580,597],[680,598]]",[]
https://michaelalr.github.io/thesis/images/kitchen/14_segmented_sun_aziwablxxyonlyvn.jpg,Mug,"[[180,17],[179,80],[189,84],[192,17]]","[[270,0],[267,84],[299,89],[299,0]]",[]
https://michaelalr.github.io/thesis/images/kitchen/26_segmented_sun_asjpljdkzvezncjw.jpg,Bowl,"[[871,587],[684,609],[695,978],[878,974]]","[[1452,432],[1325,476],[1328,1017],[1457,1036]]","[[1023,557],[955,586],[958,970],[1007,992],[1038,981]]"
https://michaelalr.github.io/thesis/images/kitchen/6_segmented_sun_afmmwcwhkqiqyfoh.jpg,Tupperware containers,"[[146,193],[137,197],[138,211],[130,217],[130,272],[142,269],[147,252]]","[[146,193],[137,197],[138,211],[130,217],[130,272],[142,269],[147,252]]","[[24,65],[23,90],[27,95],[23,118],[27,114],[55,115],[56,74]]"
https://michaelalr.github.io/thesis/images/kitchen/3_segmented_sun_atkojdauqbdzdnlk.jpg,Pot,"[[144,196],[144,253],[166,255],[164,202]]","[[189,66],[193,138],[255,143],[255,59]]","[[189,66],[193,138],[255,143],[255,59]]"
https://michaelalr.github.io/thesis/images/kitchen/16_segmented_sun_atnzcptmwqokklqx.jpg,Plate,"[[302,140],[301,223],[334,225],[336,143]]","[[261,135],[259,223],[297,224],[298,140]]","[[302,140],[301,223],[334,225],[336,143]]"
https://michaelalr.github.io/thesis/images/kitchen/29_segmented_sun_azpakouaxqyeukko.jpg,Pot,"[[499,1630],[260,1704],[268,1931],[509,1828]]","[[248,2000],[253,2195],[317,2196],[319,2018]]","[[1954,1595],[1944,2010],[2156,2030],[2169,1609]]"
https://michaelalr.github.io/thesis/images/kitchen/7_segmented_sun_aaktvzxuzcrholrn.jpg,Bottle opener,[],"[[1365,668],[1368,715],[1508,722],[1504,674]]","[[1365,618],[1367,665],[1507,671],[1504,623]]"
https://michaelalr.github.io/thesis/images/kitchen/11_segmented_sun_ahkrqjswmbolugxw.jpg,Cutting board,"[[75,114],[60,117],[60,124],[65,124],[75,121]]","[[94,111],[81,113],[80,114],[81,120],[94,121]]","[[131,114],[131,120],[133,120],[139,123],[141,122],[141,117]]"
https://michaelalr.github.io/thesis/images/kitchen/15_segmented_sun_aylxqhcpdrwhgdmw.jpg,Pot,"[[873,420],[858,511],[921,527],[924,428]]","[[873,420],[858,511],[921,527],[924,428]]","[[441,179],[440,310],[492,313],[494,186]]"
https://michaelalr.github.io/thesis/images/kitchen/13_segmented_sun_aehkkaenyyjnewst.jpg,Plate,"[[908,33],[892,441],[1056,450],[1074,39]]","[[535,33],[525,437],[687,444],[698,35]]","[[908,33],[892,441],[1056,450],[1074,39]]"
https://michaelalr.github.io/thesis/images/kitchen/12_segmented_sun_aipyryglmglzhjsc.jpg,Mug,"[[226,402],[146,414],[148,531],[228,530]]","[[226,402],[146,414],[148,531],[228,530]]","[[226,402],[146,414],[148,531],[228,530]]"
https://michaelalr.github.io/thesis/images/kitchen/13_segmented_sun_acfluyeqiftljamq.jpg,Pan,"[[555,395],[567,417],[564,444],[658,468],[656,413]]","[[555,395],[567,417],[564,444],[658,468],[656,413]]","[[457,144],[402,158],[403,236],[459,233]]"
https://michaelalr.github.io/thesis/images/kitchen/6_segmented_sun_awusemdipqlufrmt.jpg,Mug,[],"[[468,0],[442,2],[440,72],[466,66]]","[[471,0],[468,64],[503,58],[506,0]]"
https://michaelalr.github.io/thesis/images/kitchen/9_segmented_sun_amfrcllmfpvzdrhf.jpg,Cooking oil,"[[328,45],[309,62],[313,143],[330,138]]","[[328,45],[309,62],[313,143],[330,138]]",[]
https://michaelalr.github.io/thesis/images/kitchen/8_segmented_sun_aeqbewejiovwrhhc.jpg,Spices,"[[777,233],[743,241],[744,304],[781,301],[782,239]]","[[712,358],[673,365],[674,477],[685,483],[718,465],[720,369]]",[]
https://michaelalr.github.io/thesis/images/kitchen/21_segmented_sun_ajfeyvphcbfkmyhu.jpg,Cooking oil,"[[189,173],[189,244],[230,247],[229,176]]","[[99,77],[82,77],[82,124],[85,127],[100,119]]","[[184,33],[181,80],[203,83],[204,33]]"
https://michaelalr.github.io/thesis/images/kitchen/19_segmented_sun_aopfqgrumjqgdryp.jpg,Plate,"[[497,236],[499,517],[564,520],[572,252]]","[[143,160],[132,521],[262,526],[277,189]]","[[739,260],[641,266],[636,519],[743,522]]"
https://michaelalr.github.io/thesis/images/kitchen/12_segmented_sun_aktrxiknvknrufem.jpg,Spoon,"[[455,298],[456,307],[462,310],[502,313],[498,301],[477,297]]","[[555,313],[557,325],[602,335],[602,315],[558,310]]","[[455,298],[456,307],[462,310],[502,313],[498,301],[477,297]]"
https://michaelalr.github.io/thesis/images/kitchen/4_segmented_sun_awowqpwhhrgmrqcm.jpg,Bowl,[],"[[221,36],[222,95],[245,96],[245,38]]","[[221,36],[222,95],[245,96],[245,38]]"
https://michaelalr.github.io/thesis/images/kitchen/20_segmented_sun_akoozmcccyrpzqdd.jpg,Tupperware containers,"[[2107,1347],[2108,1497],[2216,1526],[2352,1495],[2473,1544],[2474,1422]]","[[2107,1347],[2108,1497],[2216,1526],[2352,1495],[2473,1544],[2474,1422]]","[[96,306],[101,595],[322,579],[327,322]]"
https://michaelalr.github.io/thesis/images/kitchen/22_segmented_sun_admelewkqtwieyui.jpg,Tupperware containers,"[[177,329],[108,336],[110,436],[177,428]]","[[385,309],[335,314],[335,399],[387,390]]","[[414,74],[389,89],[391,204],[416,202]]"
https://michaelalr.github.io/thesis/images/kitchen/7_segmented_sun_alvictlckrcegdgb.jpg,Bottle opener,[],"[[261,115],[261,144],[285,146],[285,116]]",[]
https://michaelalr.github.io/thesis/images/kitchen/15_segmented_sun_avtqdvhwdfzykzby.jpg,Dish towels,"[[569,752],[571,789],[659,799],[657,759]]","[[954,744],[954,915],[1092,937],[1092,756]]","[[569,752],[571,789],[659,799],[657,759]]"
https://michaelalr.github.io/thesis/images/kitchen/19_segmented_sun_axexdasocolcaxer.jpg,Cutting knife,"[[59,140],[30,149],[30,172],[59,159]]","[[59,114],[29,119],[29,146],[59,137]]","[[59,140],[30,149],[30,172],[59,159]]"
https://michaelalr.github.io/thesis/images/kitchen/5_segmented_sun_apqslgxauajcgabo.jpg,Dish towels,"[[439,530],[443,558],[602,566],[601,531]]","[[367,613],[299,670],[307,899],[355,826],[376,826]]","[[439,530],[443,558],[602,566],[601,531]]"
https://michaelalr.github.io/thesis/images/kitchen/11_segmented_sun_avznsgomtoxmtquf.jpg,Bowl,"[[40,34],[40,79],[54,78],[54,35]]","[[77,34],[56,35],[57,78],[79,77]]","[[77,34],[56,35],[57,78],[79,77]]"
https://michaelalr.github.io/thesis/images/kitchen/22_segmented_sun_ahrvvekulmzmwwfz.jpg,Spices,"[[651,144],[608,155],[610,255],[645,254]]","[[651,144],[608,155],[610,255],[645,254]]","[[867,91],[779,111],[779,251],[867,248]]"
https://michaelalr.github.io/thesis/images/kitchen/19_segmented_sun_aenotlpyftoioydp.jpg,Dish towels,"[[1626,1294],[1232,1292],[1231,1380],[1614,1384]]","[[1191,1300],[819,1299],[818,1384],[1185,1382]]","[[555,1304],[566,1398],[780,1393],[774,1302]]"
https://michaelalr.github.io/thesis/images/kitchen/14_segmented_sun_axlhgujigbdqvdzl.jpg,Cutting knife,"[[56,170],[56,181],[59,184],[74,187],[75,177],[72,174],[72,171]]","[[28,165],[29,184],[41,180],[75,186],[72,170]]","[[56,170],[56,181],[59,184],[74,187],[75,177],[72,174],[72,171]]"
https://michaelalr.github.io/thesis/images/kitchen/12_segmented_sun_aqrdtsxisrulfusj.jpg,Plate,"[[683,155],[679,779],[1033,814],[1016,196]]","[[2045,87],[1780,156],[1777,821],[2047,828]]","[[2045,87],[1780,156],[1777,821],[2047,828]]"
https://michaelalr.github.io/thesis/images/kitchen/24_segmented_sun_amvbtnpxujkswvfn.jpg,Cutting knife,[],"[[527,273],[527,332],[564,333],[565,275]]","[[676,308],[675,330],[736,353],[737,331],[726,326],[727,320]]"
https://michaelalr.github.io/thesis/images/kitchen/6_segmented_sun_anicakvxifabrgiv.jpg,Plate,"[[831,902],[132,903],[110,1221],[765,1332],[829,1231],[758,929]]","[[425,582],[347,588],[350,772],[425,767]]","[[425,582],[347,588],[350,772],[425,767]]"
https://michaelalr.github.io/thesis/images/kitchen/18_segmented_sun_aaosapfuyeqaxzkj.jpg,Plate,"[[989,322],[974,573],[1077,573],[1089,327]]","[[277,260],[277,567],[434,569],[439,272]]","[[445,272],[448,570],[597,572],[598,282]]"
https://michaelalr.github.io/thesis/images/kitchen/20_segmented_sun_ahfndwmhfqyztqwo.jpg,Plate,"[[432,128],[466,568],[799,562],[781,172]]","[[475,171],[478,545],[617,546],[613,174]]","[[642,172],[646,545],[781,545],[780,178]]"
https://michaelalr.github.io/thesis/images/kitchen/27_segmented_sun_alpduwskzkgbcfui.jpg,Pot,"[[303,475],[289,485],[297,495],[286,509],[290,582],[305,565]]","[[303,475],[289,485],[297,495],[286,509],[290,582],[305,565]]","[[303,475],[289,485],[297,495],[286,509],[290,582],[305,565]]"
https://michaelalr.github.io/thesis/images/kitchen/15_segmented_sun_ansjthlvjmhgiaty.jpg,Cutting knife,"[[690,462],[691,500],[739,514],[738,473]]","[[690,462],[691,500],[739,514],[738,473]]","[[690,462],[691,500],[739,514],[738,473]]"
https://michaelalr.github.io/thesis/images/kitchen/19_segmented_sun_aglwwpjrtjdgrbsy.jpg,Pot,"[[1080,1432],[844,1491],[885,1539],[845,1594],[851,1878],[1089,1792]]","[[1080,1432],[844,1491],[885,1539],[845,1594],[851,1878],[1089,1792]]","[[1243,1281],[1101,1315],[1104,1787],[1255,1736]]"
https://michaelalr.github.io/thesis/images/kitchen/22_segmented_sun_aobrodswclzjvydl.jpg,Cooking oil,"[[218,20],[198,21],[199,63],[216,63]]","[[239,18],[225,18],[221,21],[221,40],[239,39]]","[[218,20],[198,21],[199,63],[216,63]]"
https://michaelalr.github.io/thesis/images/kitchen/19_segmented_sun_awvacecseoicoxqj.jpg,Spoon,"[[530,455],[531,480],[633,478],[631,452]]","[[710,453],[644,453],[642,479],[708,480]]","[[324,465],[293,477],[294,510],[325,498]]"
https://michaelalr.github.io/thesis/images/kitchen/7_segmented_sun_aglbmqouvbnqvudp.jpg,Cutting board,[],"[[0,139],[0,224],[15,224],[11,139]]",[]
https://michaelalr.github.io/thesis/images/kitchen/14_segmented_sun_anejunmbdrqwdjuw.jpg,Dish towels,"[[1216,2019],[1218,2235],[1739,2305],[1749,2080]]","[[661,1692],[429,1873],[456,2447],[608,2360],[611,2447],[695,2368]]","[[1220,1681],[1224,1843],[1760,1897],[1763,1727]]"
https://michaelalr.github.io/thesis/images/kitchen/10_segmented_sun_ahezzonntbqyjpap.jpg,Cutting board,"[[821,332],[821,339],[832,346],[885,352],[883,337]]","[[622,333],[621,385],[642,376],[644,387],[651,387],[651,341]]","[[828,349],[827,408],[885,421],[884,355]]"
https://michaelalr.github.io/thesis/images/kitchen/20_segmented_sun_athisunlcwwhltxc.jpg,Plate,"[[558,120],[518,133],[520,231],[559,227]]","[[188,111],[186,214],[238,216],[239,117]]","[[291,122],[294,217],[331,219],[332,128]]"
https://michaelalr.github.io/thesis/images/kitchen/7_segmented_sun_agvhrfsrcywxuazc.jpg,Plate,"[[159,113],[151,228],[182,255],[188,117]]",[],"[[159,113],[151,228],[182,255],[188,117]]"
https://michaelalr.github.io/thesis/images/kitchen/18_segmented_sun_actlovvcrmlkpqoq.jpg,Pan,"[[193,142],[144,150],[148,220],[197,206]]","[[255,162],[198,174],[199,205],[214,202],[212,180],[255,170]]","[[193,142],[144,150],[148,220],[197,206]]"
https://michaelalr.github.io/thesis/images/kitchen/14_segmented_sun_agrkvwbkgrglcoga.jpg,Plate,[],"[[2047,5],[1897,33],[1949,92],[1954,765],[2047,768]]","[[2047,5],[1897,33],[1949,92],[1954,765],[2047,768]]"
https://michaelalr.github.io/thesis/images/kitchen/8_segmented_sun_ajpdorgiopeaniev.jpg,Mug,[],"[[65,704],[77,806],[254,818],[249,761],[223,752],[246,739],[241,710]]",[]
https://michaelalr.github.io/thesis/images/kitchen/14_segmented_sun_awfnmnbtygachifh.jpg,Spices,"[[307,74],[250,76],[251,208],[309,207]]","[[307,74],[250,76],[251,208],[309,207]]","[[438,71],[432,213],[492,211],[495,72]]"
https://michaelalr.github.io/thesis/images/kitchen/5_segmented_sun_awjkicrplkgtzqet.jpg,Plate,"[[457,432],[457,562],[501,619],[501,461]]",[],"[[457,432],[457,562],[501,619],[501,461]]"
https://michaelalr.github.io/thesis/images/kitchen/19_segmented_sun_amipivrncdwnpgfl.jpg,Pot,"[[86,172],[68,180],[70,238],[87,227]]","[[64,184],[43,191],[45,255],[67,243]]","[[136,153],[125,157],[126,202],[137,192]]"
https://michaelalr.github.io/thesis/images/kitchen/23_segmented_sun_anbwfxayngoytjhx.jpg,Cutting board,[],"[[1845,700],[1586,692],[1576,1133],[1617,1138],[1606,1035],[1843,958]]","[[322,668],[187,672],[186,780],[322,801]]"
https://michaelalr.github.io/thesis/images/kitchen/14_segmented_sun_axkxwlbatrhoxrsg.jpg,Tupperware containers,"[[2032,1511],[2006,2132],[2384,2136],[2409,1624]]","[[874,1434],[884,2003],[1223,2037],[1223,1455]]","[[432,33],[443,796],[589,793],[609,118]]"
https://michaelalr.github.io/thesis/images/kitchen/12_segmented_sun_ajuqshhjcubjzedh.jpg,Bottle opener,"[[628,494],[563,505],[564,546],[627,531]]","[[628,494],[563,505],[564,546],[627,531]]","[[628,494],[563,505],[564,546],[627,531]]"
https://michaelalr.github.io/thesis/images/kitchen/17_segmented_sun_adxsydjhbcsaohpl.jpg,Dish towels,"[[108,50],[109,96],[119,97],[121,53]]","[[157,126],[141,128],[140,174],[158,168]]","[[186,121],[184,132],[195,130],[195,121]]"
https://michaelalr.github.io/thesis/images/kitchen/16_segmented_sun_awvrogxymlfvgbka.jpg,Plate,"[[627,48],[542,58],[538,281],[630,281]]","[[627,48],[542,58],[538,281],[630,281]]","[[627,48],[542,58],[538,281],[630,281]]"
https://michaelalr.github.io/thesis/images/kitchen/9_segmented_sun_anuzjozqcvokbpbn.jpg,Cooking oil,"[[98,15],[98,143],[214,146],[217,0]]","[[98,15],[98,143],[214,146],[217,0]]","[[98,15],[98,143],[214,146],[217,0]]"
https://michaelalr.github.io/thesis/images/kitchen/6_segmented_sun_axbdsxxipxxrstmq.jpg,Pan,[],"[[0,76],[0,202],[91,204],[86,81]]","[[298,95],[302,347],[452,352],[447,107]]"
https://michaelalr.github.io/thesis/images/kitchen/7_segmented_sun_awnjfzkpulquhgan.jpg,Spoon,"[[933,478],[932,544],[999,560],[999,487]]","[[933,478],[932,544],[999,560],[999,487]]","[[571,442],[573,450],[615,455],[614,429],[593,427]]"
https://michaelalr.github.io/thesis/images/kitchen/21_segmented_sun_apeekzkajfswlykn.jpg,Bottle opener,"[[807,783],[807,839],[970,898],[971,831]]","[[807,783],[807,839],[970,898],[971,831]]","[[807,783],[807,839],[970,898],[971,831]]"
https://michaelalr.github.io/thesis/images/kitchen/11_segmented_sun_axdfhsszzzqksxnx.jpg,Tupperware containers,"[[102,191],[101,241],[137,245],[137,193]]","[[102,191],[101,241],[137,245],[137,193]]","[[227,93],[226,124],[240,125],[240,93]]"
https://michaelalr.github.io/thesis/images/kitchen/22_segmented_sun_apvenfsnzzrymyam.jpg,Spoon,"[[495,479],[413,494],[411,531],[493,513]]","[[495,479],[413,494],[411,531],[493,513]]","[[495,479],[413,494],[411,531],[493,513]]"
https://michaelalr.github.io/thesis/images/kitchen/11_segmented_sun_aysgskhbemonxpep.jpg,Bowl,"[[119,78],[119,142],[134,139],[134,82]]","[[29,58],[26,150],[65,148],[66,67]]","[[119,78],[119,142],[134,139],[134,82]]"
https://michaelalr.github.io/thesis/images/kitchen/18_segmented_sun_amrqvslggrutptwi.jpg,Pan,"[[45,169],[0,183],[0,238],[47,207]]","[[147,161],[110,163],[111,238],[149,238]]","[[45,169],[0,183],[0,238],[47,207]]"
https://michaelalr.github.io/thesis/images/kitchen/18_segmented_sun_ariwqdhcxjqhywwd.jpg,Spices,"[[593,65],[537,82],[538,209],[594,206]]","[[593,65],[537,82],[538,209],[594,206]]","[[529,84],[485,98],[487,211],[530,209]]"
https://michaelalr.github.io/thesis/images/kitchen/6_segmented_sun_axbdsxxipxxrstmq.jpg,Bottle opener,"[[257,467],[128,468],[128,496],[250,497]]","[[686,509],[685,550],[754,557],[753,513]]","[[257,467],[128,468],[128,496],[250,497]]"
https://michaelalr.github.io/thesis/images/kitchen/10_segmented_sun_ajfvezpjkviepxqo.jpg,Cooking oil,"[[37,27],[36,261],[62,263],[66,44]]","[[69,46],[66,212],[104,218],[111,191],[122,205],[108,176],[110,69]]","[[143,89],[140,261],[177,262],[181,109]]"
https://michaelalr.github.io/thesis/images/kitchen/12_segmented_sun_aoyhjodoaazirial.jpg,Bottle opener,[],"[[876,537],[874,680],[1023,678],[1023,577]]",[]
https://michaelalr.github.io/thesis/images/kitchen/13_segmented_sun_avhqtzxnxvikxchd.jpg,Spices,"[[108,34],[104,188],[135,188],[135,43]]","[[181,58],[179,185],[198,186],[199,64]]","[[181,58],[179,185],[198,186],[199,64]]"
https://michaelalr.github.io/thesis/images/kitchen/7_segmented_sun_abubevclcmcjqgae.jpg,Spices,"[[1336,44],[1138,148],[1157,842],[1362,800]]","[[1690,0],[1702,1305],[2054,1320],[2127,0]]","[[1690,0],[1702,1305],[2054,1320],[2127,0]]"
https://michaelalr.github.io/thesis/images/kitchen/15_segmented_sun_anleedlurkiswrjv.jpg,Bottle opener,"[[224,347],[226,373],[337,395],[333,364]]","[[224,347],[226,373],[337,395],[333,364]]","[[224,347],[226,373],[337,395],[333,364]]"
https://michaelalr.github.io/thesis/images/kitchen/18_segmented_sun_agrhekhltqnhqoau.jpg,Tupperware containers,"[[462,599],[464,854],[497,912],[717,917],[723,603]]","[[128,629],[62,671],[80,890],[145,823]]","[[317,97],[331,320],[366,325],[366,102]]"
https://michaelalr.github.io/thesis/images/kitchen/6_segmented_sun_anfjhhhceuyhcwhd.jpg,Tupperware containers,"[[346,442],[313,460],[315,517],[348,486]]","[[346,442],[313,460],[315,517],[348,486]]","[[366,417],[349,428],[350,461],[367,451]]"
https://michaelalr.github.io/thesis/images/kitchen/14_segmented_sun_acitikrstttpraxn.jpg,Spices,"[[15,52],[15,93],[25,99],[26,105],[32,105],[34,52]]","[[132,31],[131,81],[158,83],[162,31]]","[[98,28],[88,38],[80,32],[74,33],[74,52],[98,52]]"
https://michaelalr.github.io/thesis/images/kitchen/8_segmented_sun_aczownhxhsefytxm.jpg,Plate,"[[0,1],[0,209],[183,179],[174,2]]","[[379,2],[385,164],[509,155],[505,3]]","[[379,2],[385,164],[509,155],[505,3]]"
https://michaelalr.github.io/thesis/images/kitchen/19_segmented_sun_abqihmfbiddwtcmz.jpg,Pot,"[[370,204],[315,212],[314,241],[357,235],[369,238]]","[[370,204],[315,212],[314,241],[357,235],[369,238]]","[[319,34],[319,127],[346,127],[345,37]]"
https://michaelalr.github.io/thesis/images/kitchen/12_segmented_sun_ahakbeejkcofudjs.jpg,Tupperware containers,"[[115,589],[0,608],[0,794],[131,790]]","[[115,589],[0,608],[0,794],[131,790]]","[[508,5],[502,146],[547,144],[550,20]]"
https://michaelalr.github.io/thesis/images/kitchen/19_segmented_sun_awvdzrdledhumpqf.jpg,Pot,"[[775,480],[673,502],[702,524],[663,549],[656,713],[763,672]]","[[775,480],[673,502],[702,524],[663,549],[656,713],[763,672]]","[[872,460],[782,481],[768,673],[859,637]]"
https://michaelalr.github.io/thesis/images/kitchen/7_segmented_sun_afobpkyjzbqkqgsf.jpg,Spices,"[[175,148],[174,248],[222,249],[223,155],[206,152],[215,193],[195,198],[201,152]]","[[175,148],[174,248],[222,249],[223,155],[206,152],[215,193],[195,198],[201,152]]","[[130,134],[131,198],[168,202],[168,139]]"
https://michaelalr.github.io/thesis/images/kitchen/19_segmented_sun_advpnywrmyiyouzm.jpg,Mug,"[[0,0],[0,95],[51,90],[52,3]]","[[142,20],[143,77],[166,79],[167,25]]","[[0,0],[0,95],[51,90],[52,3]]"
https://michaelalr.github.io/thesis/images/kitchen/20_segmented_sun_acgilwmyulcwzknd.jpg,Pot,"[[1890,1094],[1882,1377],[2104,1392],[2116,1105]]","[[1577,1008],[1560,1337],[1649,1362],[1660,1016]]","[[1795,267],[1627,277],[1643,763],[1794,759]]"
https://michaelalr.github.io/thesis/images/kitchen/32_segmented_sun_avwvwcxylycmtupu.jpg,Cutting knife,"[[35,122],[37,130],[66,128],[64,119],[36,120]]","[[212,113],[213,121],[232,123],[232,114]]","[[143,108],[143,112],[152,112],[155,113],[156,110],[155,107],[145,107]]"
https://michaelalr.github.io/thesis/images/kitchen/8_segmented_sun_ailzodglynlleuim.jpg,Bottle opener,[],"[[341,144],[339,162],[356,178],[358,157]]",[]
https://michaelalr.github.io/thesis/images/kitchen/13_segmented_sun_aiyghsurefhaznfe.jpg,Plate,"[[225,16],[211,19],[213,79],[227,79]]","[[25,8],[28,86],[51,86],[50,9]]","[[25,8],[28,86],[51,86],[50,9]]"
https://michaelalr.github.io/thesis/images/kitchen/19_segmented_sun_abujclohwuaugvev.jpg,Tupperware containers,"[[2156,1309],[2149,1688],[2368,1743],[2375,1340]]","[[2156,1309],[2149,1688],[2368,1743],[2375,1340]]","[[2092,1444],[1655,1540],[1654,1974],[2092,1972]]"
https://michaelalr.github.io/thesis/images/kitchen/5_segmented_sun_avtqpxlipvlcrsge.jpg,Cutting knife,"[[190,396],[190,479],[221,511],[235,511],[238,431]]","[[190,396],[190,442],[235,480],[237,429]]","[[190,396],[190,442],[235,480],[237,429]]"
https://michaelalr.github.io/thesis/images/kitchen/20_segmented_sun_awojoudnsknxffvd.jpg,Pot,"[[315,709],[229,719],[241,896],[329,882]]","[[315,709],[229,719],[241,896],[329,882]]","[[315,709],[229,719],[241,896],[329,882]]"
https://michaelalr.github.io/thesis/images/kitchen/4_segmented_sun_arymuxykerqqyebg.jpg,Pot,"[[195,141],[195,182],[211,193],[211,145]]","[[195,141],[195,182],[211,193],[211,145]]","[[195,141],[195,182],[211,193],[211,145]]"
https://michaelalr.github.io/thesis/images/kitchen/17_segmented_sun_aiolecljpamcnixg.jpg,Dish towels,"[[508,445],[508,475],[576,474],[576,444]]","[[739,353],[672,351],[671,373],[735,376]]","[[577,408],[510,408],[509,439],[574,440]]"
https://michaelalr.github.io/thesis/images/kitchen/20_segmented_sun_ajjzclmfruwfwclr.jpg,Cooking oil,"[[394,278],[394,354],[444,353],[444,290],[420,275]]","[[100,209],[99,306],[156,309],[158,219]]","[[394,278],[394,354],[444,353],[444,290],[420,275]]"
https://michaelalr.github.io/thesis/images/kitchen/23_segmented_sun_ambrwzywvjncguna.jpg,Plate,"[[284,303],[283,540],[432,541],[441,311]]","[[284,303],[283,540],[432,541],[441,311]]","[[284,303],[283,540],[432,541],[441,311]]"
https://michaelalr.github.io/thesis/images/kitchen/27_segmented_sun_awanhgiwrrxlxomx.jpg,Cutting board,"[[1140,725],[1140,830],[1322,882],[1320,762]]","[[1140,725],[1140,830],[1322,882],[1320,762]]","[[1138,637],[1140,722],[1321,756],[1319,659]]"
https://michaelalr.github.io/thesis/images/kitchen/8_segmented_sun_aaatkmnywzopvrpq.jpg,Spices,[],"[[299,132],[248,133],[248,145],[299,143]]","[[275,150],[247,152],[246,195],[272,193]]"
https://michaelalr.github.io/thesis/images/kitchen/22_segmented_sun_afkwbtipaeipuaer.jpg,Mug,"[[225,90],[225,137],[244,137],[246,90]]","[[94,87],[94,138],[122,140],[122,87]]","[[27,87],[0,88],[0,139],[20,138],[26,132]]"
https://michaelalr.github.io/thesis/images/kitchen/22_segmented_sun_awwfcqyvptetglbt.jpg,Pan,"[[194,428],[190,556],[222,596],[229,446]]","[[278,474],[268,630],[322,639],[330,506]]","[[335,509],[326,639],[426,639],[431,561]]"
https://michaelalr.github.io/thesis/images/kitchen/12_segmented_sun_ajjrnqyhttapthgi.jpg,Cutting board,"[[126,154],[97,160],[91,169],[91,191],[125,178]]","[[119,192],[91,204],[90,255],[123,254]]","[[205,150],[185,159],[180,227],[203,211]]"
https://michaelalr.github.io/thesis/images/kitchen/3_segmented_sun_aokdxzepsissjfdi.jpg,Cutting board,[],"[[50,436],[50,466],[108,491],[109,445]]","[[117,445],[117,497],[161,538],[185,609],[260,609],[264,452]]"
https://michaelalr.github.io/thesis/images/kitchen/9_segmented_sun_adeshgfapdtxwubl.jpg,Pan,[],"[[90,15],[89,58],[112,61],[113,17]]",[]
https://michaelalr.github.io/thesis/images/kitchen/11_segmented_sun_aoesojqprkkjilsy.jpg,Bottle opener,"[[440,361],[370,365],[369,410],[400,402],[402,382],[421,380],[418,392],[440,391]]","[[440,361],[370,365],[369,410],[400,402],[402,382],[421,380],[418,392],[440,391]]",[]
https://michaelalr.github.io/thesis/images/kitchen/11_segmented_sun_aatkychuxedelnrh.jpg,Dish towels,"[[171,374],[171,411],[219,446],[220,403]]","[[223,358],[225,456],[275,456],[275,415],[257,401],[261,392],[274,398],[275,380]]","[[171,374],[171,411],[219,446],[220,403]]"
https://michaelalr.github.io/thesis/images/kitchen/13_segmented_sun_acfluyeqiftljamq.jpg,Bottle opener,"[[554,322],[558,343],[656,352],[655,326]]","[[554,322],[558,343],[656,352],[655,326]]","[[554,322],[558,343],[656,352],[655,326]]"
https://michaelalr.github.io/thesis/images/kitchen/6_segmented_sun_amktmbezxxmwrgqa.jpg,Mug,"[[159,46],[159,98],[182,97],[182,49]]","[[159,46],[159,98],[182,97],[182,49]]","[[0,21],[0,104],[16,104],[13,27]]"
https://michaelalr.github.io/thesis/images/kitchen/24_segmented_sun_abtdlltafvpypcff.jpg,Tupperware containers,"[[1407,1259],[1403,1650],[1627,1674],[1621,1270]]","[[788,1232],[700,1250],[737,1664],[827,1614]]","[[551,236],[557,509],[644,515],[703,755],[685,255]]"
https://michaelalr.github.io/thesis/images/kitchen/14_segmented_sun_aepvxmukjcxphfiy.jpg,Mug,"[[622,12],[616,270],[673,278],[679,5]]","[[622,12],[616,270],[673,278],[679,5]]","[[622,12],[616,270],[673,278],[679,5]]"
https://michaelalr.github.io/thesis/images/kitchen/16_segmented_sun_aixorpehvfykdynp.jpg,Spices,"[[532,162],[478,166],[490,329],[534,322]]","[[118,89],[122,338],[179,341],[178,114]]","[[244,158],[246,224],[276,229],[277,163]]"
https://michaelalr.github.io/thesis/images/kitchen/22_segmented_sun_ampccyesshguiynu.jpg,Cutting knife,"[[69,310],[0,326],[0,351],[68,334]]","[[96,286],[75,291],[77,368],[101,359]]","[[66,292],[2,303],[1,316],[68,303]]"
https://michaelalr.github.io/thesis/images/kitchen/18_segmented_sun_ascmpuwgahkpehei.jpg,Plate,"[[207,43],[208,102],[242,103],[243,41]]","[[100,44],[79,45],[79,101],[100,101]]","[[207,43],[208,102],[242,103],[243,41]]"
https://michaelalr.github.io/thesis/images/kitchen/13_segmented_sun_arjqjhdgtlwtyprn.jpg,Spices,"[[597,220],[564,225],[564,342],[595,339]]","[[597,220],[564,225],[564,342],[595,339]]","[[144,118],[143,218],[155,231],[143,246],[218,256],[220,139]]"
https://michaelalr.github.io/thesis/images/kitchen/8_segmented_sun_aqczmuwnelgzfreg.jpg,Pot,"[[20,377],[0,383],[0,503],[20,494]]","[[485,362],[459,390],[457,454],[555,495],[557,380]]",[]
https://michaelalr.github.io/thesis/images/kitchen/15_segmented_sun_abxcbboqmegyjmav.jpg,Dish towels,"[[94,149],[95,168],[128,175],[128,156]]","[[96,178],[97,250],[128,255],[128,186]]","[[94,149],[95,168],[128,175],[128,156]]"
https://michaelalr.github.io/thesis/images/kitchen/15_segmented_sun_aqgmupblbcwnragu.jpg,Bowl,"[[341,0],[189,8],[188,346],[234,358],[244,498],[347,485]]","[[349,0],[350,486],[465,481],[471,39]]","[[875,0],[884,474],[1069,475],[1063,5]]"
https://michaelalr.github.io/thesis/images/kitchen/14_segmented_sun_afrthpahrgizzgvb.jpg,Spoon,"[[21,140],[22,154],[88,154],[88,140]]","[[90,153],[157,154],[157,140],[91,140]]",[]
https://michaelalr.github.io/thesis/images/kitchen/14_segmented_sun_azwkhsfanfuwmnxf.jpg,Cutting knife,"[[58,360],[0,397],[2,445],[60,396]]","[[222,249],[198,263],[199,286],[220,270]]","[[58,360],[0,397],[2,445],[60,396]]"
https://michaelalr.github.io/thesis/images/kitchen/17_segmented_sun_aqdpbvxwmsjdexkx.jpg,Spices,"[[19,12],[16,89],[41,90],[44,16]]","[[19,12],[16,89],[41,90],[44,16]]","[[107,24],[104,90],[138,91],[140,29]]"
https://michaelalr.github.io/thesis/images/kitchen/25_segmented_sun_ahyafiyoyrzkifbh.jpg,Pot,"[[263,1506],[41,1533],[63,1824],[129,1936],[290,1907]]","[[263,1506],[41,1533],[63,1824],[129,1936],[290,1907]]","[[263,1506],[41,1533],[63,1824],[129,1936],[290,1907]]"
https://michaelalr.github.io/thesis/images/kitchen/16_segmented_sun_aeqdtdmvphproomc.jpg,Cooking oil,[],"[[607,535],[605,702],[665,707],[669,537]]",[]
https://michaelalr.github.io/thesis/images/kitchen/7_segmented_sun_afadijgxghvogsdx.jpg,Spices,"[[638,136],[531,150],[532,286],[572,273],[564,232],[580,213],[639,282]]","[[635,135],[530,150],[531,305],[578,337],[580,213],[625,283],[598,417],[640,417]]","[[527,149],[451,160],[450,189],[435,194],[436,288],[487,276],[528,286]]"
