image_path,chosen_item,user_1_polygon,user_2_polygon,user_3_polygon
https://michaelalr.github.io/thesis/images/kitchen/5_segmented_sun_akikqzahodbmcbjd.jpg,Dish towels,497,497,497
https://michaelalr.github.io/thesis/images/kitchen/8_segmented_sun_attiywxwtaghqisl.jpg,Mug,88,73,73
https://michaelalr.github.io/thesis/images/kitchen/12_segmented_sun_aevezokbkeojznwq.jpg,Bottle opener,309,413,975
https://michaelalr.github.io/thesis/images/kitchen/11_segmented_sun_aqsuetnzvkyhtjtu.jpg,Cutting board,280,226,280
https://michaelalr.github.io/thesis/images/kitchen/23_segmented_sun_azgmgniivgpqrqvu.jpg,Spices,1369,1128,1369
https://michaelalr.github.io/thesis/images/kitchen/7_segmented_sun_alouvjfpycbghnrv.jpg,Tupperware containers,1456,1840,1041
https://michaelalr.github.io/thesis/images/kitchen/13_segmented_sun_aoraqrqbcqkhzbok.jpg,Spices,1774,2265,2265
https://michaelalr.github.io/thesis/images/kitchen/13_segmented_sun_akuyodrxwvurgdqy.jpg,Dish towels,165,264,264
https://michaelalr.github.io/thesis/images/kitchen/5_segmented_sun_alnfowscmpudvvhf.jpg,Cooking oil,0,157,0
https://michaelalr.github.io/thesis/images/kitchen/3_segmented_sun_aphnikpwecaqwojv.jpg,Spoon,2,2,0
https://michaelalr.github.io/thesis/images/kitchen/8_segmented_sun_agqborhpkvvwbvfl.jpg,Spoon,1364,1533,1533
https://michaelalr.github.io/thesis/images/kitchen/16_segmented_sun_aaxzdriovikfcgov.jpg,Tupperware containers,413,530,391
https://michaelalr.github.io/thesis/images/kitchen/8_segmented_sun_alzrhzcccirdbmbc.jpg,Plate,459,459,459
https://michaelalr.github.io/thesis/images/kitchen/30_segmented_sun_amafqpkpbggxkafx.jpg,Mug,148,476,200
https://michaelalr.github.io/thesis/images/kitchen/10_segmented_sun_ancbszwardammcpi.jpg,Cutting board,0,919,919
https://michaelalr.github.io/thesis/images/kitchen/3_segmented_sun_avgjnnqgqnckugwm.jpg,Mug,0,1521,0
https://michaelalr.github.io/thesis/images/kitchen/18_segmented_sun_avummurlcrknzblj.jpg,Bowl,1422,809,1422
https://michaelalr.github.io/thesis/images/kitchen/5_segmented_sun_arvuykssgbdzaavk.jpg,Mug,0,958,0
https://michaelalr.github.io/thesis/images/kitchen/19_segmented_sun_afrjiwlvfcpraawg.jpg,Pan,405,405,353
https://michaelalr.github.io/thesis/images/kitchen/3_segmented_sun_anzbjguxdgpobefx.jpg,Plate,1319,1319,1319
https://michaelalr.github.io/thesis/images/kitchen/5_segmented_sun_ajkrefpvgtunjiyi.jpg,Pan,1131,1131,1288
https://michaelalr.github.io/thesis/images/kitchen/16_segmented_sun_agkkodqisfacojle.jpg,Cutting knife,0,522,0
https://michaelalr.github.io/thesis/images/kitchen/17_segmented_sun_aljzxjomttffcuvj.jpg,Pot,458,458,458
https://michaelalr.github.io/thesis/images/kitchen/12_segmented_sun_ardglnvilvtsbprf.jpg,Spoon,230,230,230
https://michaelalr.github.io/thesis/images/kitchen/28_segmented_sun_afniacozbemafjwf.jpg,Cutting knife,1121,527,404
https://michaelalr.github.io/thesis/images/kitchen/13_segmented_sun_amthynbhlghkbqws.jpg,Pan,888,687,388
https://michaelalr.github.io/thesis/images/kitchen/9_segmented_sun_axijfojxwxpqqujw.jpg,Bottle opener,279,935,279
https://michaelalr.github.io/thesis/images/kitchen/25_segmented_sun_agfbbeozqztznacq.jpg,Spoon,332,891,891
https://michaelalr.github.io/thesis/images/kitchen/10_segmented_sun_aazqqvqrigwzykdp.jpg,Cutting board,0,162,228
https://michaelalr.github.io/thesis/images/kitchen/5_segmented_sun_ayqukzphzqiguvnc.jpg,Spoon,242,242,242
https://michaelalr.github.io/thesis/images/kitchen/3_segmented_sun_aaxiscknimsjjneb.jpg,Cutting board,113,0,0
https://michaelalr.github.io/thesis/images/kitchen/15_segmented_sun_agocpsksrxdzalcf.jpg,Tupperware containers,722,722,871
https://michaelalr.github.io/thesis/images/kitchen/9_segmented_sun_abdzsryntppucwqi.jpg,Dish towels,267,185,267
https://michaelalr.github.io/thesis/images/kitchen/20_segmented_sun_asfboudbulzxwhfo.jpg,Cutting knife,207,433,433
https://michaelalr.github.io/thesis/images/kitchen/10_segmented_sun_aizcycyyvgfcdnzp.jpg,Spoon,2811,2811,2811
https://michaelalr.github.io/thesis/images/kitchen/6_segmented_sun_advwcwduhfypopki.jpg,Mug,0,1777,1777
https://michaelalr.github.io/thesis/images/kitchen/15_segmented_sun_agwfdrbvbrbmupth.jpg,Spices,241,86,241
https://michaelalr.github.io/thesis/images/kitchen/10_segmented_sun_agtnmpgkrgkzbvjw.jpg,Cooking oil,168,61,168
https://michaelalr.github.io/thesis/images/kitchen/3_segmented_sun_arwxovsbwvoxdhqs.jpg,Bottle opener,0,0,0
https://michaelalr.github.io/thesis/images/kitchen/3_segmented_sun_aesgwjswcjomjywo.jpg,Spices,315,315,315
https://michaelalr.github.io/thesis/images/kitchen/7_segmented_sun_avntesgwdpnkgdgq.jpg,Spices,95,327,150
https://michaelalr.github.io/thesis/images/kitchen/18_segmented_sun_aixhuynxvonrvzyk.jpg,Pan,200,86,55
https://michaelalr.github.io/thesis/images/kitchen/20_segmented_sun_avihgxyxvzbvksxw.jpg,Spoon,308,489,777
https://michaelalr.github.io/thesis/images/kitchen/7_segmented_sun_asgqjgtlqsyqptip.jpg,Spices,0,2604,2604
https://michaelalr.github.io/thesis/images/kitchen/9_segmented_sun_amkjudnxvmvvnzqj.jpg,Cutting board,0,603,603
https://michaelalr.github.io/thesis/images/kitchen/13_segmented_sun_amthynbhlghkbqws.jpg,Bottle opener,1182,1159,1182
https://michaelalr.github.io/thesis/images/kitchen/15_segmented_sun_akaubuogkutluyzq.jpg,Cooking oil,141,141,87
https://michaelalr.github.io/thesis/images/kitchen/14_segmented_sun_ayvedtmvqpmkolsn.jpg,Tupperware containers,236,437,40
https://michaelalr.github.io/thesis/images/kitchen/5_segmented_sun_avaaxiemmqbibywj.jpg,Mug,0,192,192
https://michaelalr.github.io/thesis/images/kitchen/11_segmented_sun_aoesojqprkkjilsy.jpg,Pan,185,185,0
https://michaelalr.github.io/thesis/images/kitchen/14_segmented_sun_atdsrolpqpnxizhz.jpg,Bowl,752,608,752
https://michaelalr.github.io/thesis/images/kitchen/6_segmented_sun_anowgfcowkycnguq.jpg,Bowl,145,145,145
https://michaelalr.github.io/thesis/images/kitchen/6_segmented_sun_avqytscawynyemjr.jpg,Pan,127,127,127
https://michaelalr.github.io/thesis/images/kitchen/10_segmented_sun_agtnmpgkrgkzbvjw.jpg,Dish towels,263,296,263
https://michaelalr.github.io/thesis/images/kitchen/15_segmented_sun_akwfcppsyxixwrjb.jpg,Plate,224,224,224
https://michaelalr.github.io/thesis/images/kitchen/13_segmented_sun_awbcmaswtwdvzkgy.jpg,Tupperware containers,1103,1286,1058
https://michaelalr.github.io/thesis/images/kitchen/9_segmented_sun_ajzjtctqhokdsobp.jpg,Cooking oil,0,99,0
https://michaelalr.github.io/thesis/images/kitchen/10_segmented_sun_anzetyhvzrsvmuwx.jpg,Mug,498,498,791
https://michaelalr.github.io/thesis/images/kitchen/19_segmented_sun_azwhhqmkdqbzfbla.jpg,Bowl,95,53,95
https://michaelalr.github.io/thesis/images/kitchen/6_segmented_sun_aejreientwnlsjqp.jpg,Bowl,201,255,255
https://michaelalr.github.io/thesis/images/kitchen/6_segmented_sun_adkelmsgskwpzslp.jpg,Mug,0,74,212
https://michaelalr.github.io/thesis/images/kitchen/9_segmented_sun_awspbtmcoxakihbx.jpg,Pan,9,9,108
https://michaelalr.github.io/thesis/images/kitchen/15_segmented_sun_adshoxqwpljvbyfy.jpg,Pot,551,293,721
https://michaelalr.github.io/thesis/images/kitchen/17_segmented_sun_ahwubjurcwtjwybc.jpg,Mug,56,56,806
https://michaelalr.github.io/thesis/images/kitchen/6_segmented_sun_axyvnanqscljvpxe.jpg,Bowl,136,136,136
https://michaelalr.github.io/thesis/images/kitchen/14_segmented_sun_afwauizvxfdbkbbz.jpg,Spoon,796,796,796
https://michaelalr.github.io/thesis/images/kitchen/11_segmented_sun_aqsbukzqlumrfjjh.jpg,Cutting knife,0,1474,1474
https://michaelalr.github.io/thesis/images/kitchen/9_segmented_sun_ajtqfkwqpektgwsv.jpg,Bottle opener,0,468,468
https://michaelalr.github.io/thesis/images/kitchen/16_segmented_sun_azvdkcyhbadlzomw.jpg,Bottle opener,234,192,169
https://michaelalr.github.io/thesis/images/kitchen/4_segmented_sun_akolyrbcjmkaglnq.jpg,Dish towels,33,42,42
https://michaelalr.github.io/thesis/images/kitchen/3_segmented_sun_afxidvniokauxolz.jpg,Cutting knife,0,35,0
https://michaelalr.github.io/thesis/images/kitchen/19_segmented_sun_aqryhfhyierxdzxi.jpg,Bowl,885,885,885
https://michaelalr.github.io/thesis/images/kitchen/16_segmented_sun_auwirqkpgvhkulyp.jpg,Cutting knife,274,274,274
https://michaelalr.github.io/thesis/images/kitchen/11_segmented_sun_awrcimhqmlimlfac.jpg,Plate,83,143,49
https://michaelalr.github.io/thesis/images/kitchen/22_segmented_sun_atwdbkdxabpebgbg.jpg,Pot,293,191,483
https://michaelalr.github.io/thesis/images/kitchen/17_segmented_sun_aubehthmwgfqgrxl.jpg,Cutting board,1874,1874,1874
https://michaelalr.github.io/thesis/images/kitchen/42_segmented_sun_ahkqxzlsfsccfwkx.jpg,Pot,567,541,599
https://michaelalr.github.io/thesis/images/kitchen/31_segmented_sun_azzlwgnhwdpmddji.jpg,Spoon,448,239,590
https://michaelalr.github.io/thesis/images/kitchen/26_segmented_sun_aufbguyyrccwwxuf.jpg,Cooking oil,1854,1716,1854
https://michaelalr.github.io/thesis/images/kitchen/3_segmented_sun_anvjdbhczmwergnw.jpg,Cutting board,38,112,38
https://michaelalr.github.io/thesis/images/kitchen/4_segmented_sun_ayromxtldgfmbzrw.jpg,Spoon,0,0,0
https://michaelalr.github.io/thesis/images/kitchen/6_segmented_sun_atvmjjfmrlcvzfcj.jpg,Pan,88,88,88
https://michaelalr.github.io/thesis/images/kitchen/19_segmented_sun_aauyknaheebshrxq.jpg,Spoon,1161,1161,1161
https://michaelalr.github.io/thesis/images/kitchen/17_segmented_sun_aozexmupaskrlpwe.jpg,Dish towels,156,113,156
https://michaelalr.github.io/thesis/images/kitchen/27_segmented_sun_aalbtweelhmqylnb.jpg,Mug,641,641,383
https://michaelalr.github.io/thesis/images/kitchen/10_segmented_sun_aubzegxxjytugwxe.jpg,Pot,239,130,130
https://michaelalr.github.io/thesis/images/kitchen/25_segmented_sun_afegrrfbzcfcmxjo.jpg,Bottle opener,603,2429,2429
https://michaelalr.github.io/thesis/images/kitchen/9_segmented_sun_ahspylgoovwmwvgk.jpg,Spoon,3224,3193,0
https://michaelalr.github.io/thesis/images/kitchen/8_segmented_sun_atkrisvsrzpbgyxu.jpg,Spices,188,188,382
https://michaelalr.github.io/thesis/images/kitchen/13_segmented_sun_akuognalfgmelepa.jpg,Dish towels,0,2260,2259
https://michaelalr.github.io/thesis/images/kitchen/4_segmented_sun_aitjzvdsvqtarrmr.jpg,Bowl,0,196,0
https://michaelalr.github.io/thesis/images/kitchen/12_segmented_sun_apqvtigeqvrranqi.jpg,Pan,92,92,45
https://michaelalr.github.io/thesis/images/kitchen/4_segmented_sun_avwwzliirodvjgho.jpg,Spoon,0,0,0
https://michaelalr.github.io/thesis/images/kitchen/16_segmented_sun_aeqdtdmvphproomc.jpg,Dish towels,688,229,688
https://michaelalr.github.io/thesis/images/kitchen/9_segmented_sun_aglqstrezronlnjf.jpg,Bowl,0,221,0
https://michaelalr.github.io/thesis/images/kitchen/15_segmented_sun_accpaomyeqmcvkyj.jpg,Tupperware containers,36,224,225
https://michaelalr.github.io/thesis/images/kitchen/17_segmented_sun_aweumkyrofkfmkbs.jpg,Pot,502,502,502
https://michaelalr.github.io/thesis/images/kitchen/4_segmented_sun_asjldaotkjzzlxvf.jpg,Pot,254,72,0
https://michaelalr.github.io/thesis/images/kitchen/21_segmented_sun_aqrghlehjteletsp.jpg,Pot,1254,1180,1180
https://michaelalr.github.io/thesis/images/kitchen/15_segmented_sun_apnxsgbjjdleuhdu.jpg,Dish towels,5,148,400
https://michaelalr.github.io/thesis/images/kitchen/17_segmented_sun_ahbhthuvbhsokcnl.jpg,Spoon,767,767,767
https://michaelalr.github.io/thesis/images/kitchen/11_segmented_sun_alppavgqonpwzdgq.jpg,Cutting board,213,213,213
https://michaelalr.github.io/thesis/images/kitchen/22_segmented_sun_adoqbnxbotablpwl.jpg,Bowl,804,338,338
https://michaelalr.github.io/thesis/images/kitchen/11_segmented_sun_attlukhjoluesdab.jpg,Mug,748,748,748
https://michaelalr.github.io/thesis/images/kitchen/18_segmented_sun_ajmwiafzffjerzeb.jpg,Tupperware containers,1261,679,487
https://michaelalr.github.io/thesis/images/kitchen/3_segmented_sun_ajfzhueavyzafyda.jpg,Plate,55,55,55
https://michaelalr.github.io/thesis/images/kitchen/7_segmented_sun_aglpqkbwvbofhrgt.jpg,Cutting knife,0,657,0
https://michaelalr.github.io/thesis/images/kitchen/28_segmented_sun_abftihopvusyfakt.jpg,Cutting board,246,591,247
https://michaelalr.github.io/thesis/images/kitchen/14_segmented_sun_avnblpvjwmudhfgi.jpg,Cooking oil,60,24,60
https://michaelalr.github.io/thesis/images/kitchen/18_segmented_sun_aervnbfolgwloupr.jpg,Dish towels,508,509,858
https://michaelalr.github.io/thesis/images/kitchen/14_segmented_sun_axlhgujigbdqvdzl.jpg,Tupperware containers,77,147,68
https://michaelalr.github.io/thesis/images/kitchen/8_segmented_sun_abqzmgxngzzcjoax.jpg,Bowl,162,363,363
https://michaelalr.github.io/thesis/images/kitchen/13_segmented_sun_afmrwmnclcjhjeus.jpg,Cooking oil,0,53,39
https://michaelalr.github.io/thesis/images/kitchen/5_segmented_sun_aordqagntlubryyo.jpg,Pot,194,194,194
https://michaelalr.github.io/thesis/images/kitchen/18_segmented_sun_ahstnvjyvyddyeub.jpg,Pot,2068,2068,1818
https://michaelalr.github.io/thesis/images/kitchen/15_segmented_sun_aepbpufpcgbxxcdd.jpg,Spices,1209,2003,1632
https://michaelalr.github.io/thesis/images/kitchen/10_segmented_sun_aoqwbqspaxgudgtv.jpg,Cooking oil,0,209,503
https://michaelalr.github.io/thesis/images/kitchen/12_segmented_sun_ahpwonrlyygmzvtx.jpg,Pan,791,791,40
https://michaelalr.github.io/thesis/images/kitchen/12_segmented_sun_auhayxruyqbwviva.jpg,Cutting board,68,185,68
https://michaelalr.github.io/thesis/images/kitchen/6_segmented_sun_aqmyexzxzxsomrdc.jpg,Cutting board,21,231,231
https://michaelalr.github.io/thesis/images/kitchen/9_segmented_sun_ahbnpyygquvuuxnj.jpg,Tupperware containers,179,188,188
https://michaelalr.github.io/thesis/images/kitchen/10_segmented_sun_alxnnlzdudyhqwig.jpg,Bottle opener,751,751,751
https://michaelalr.github.io/thesis/images/kitchen/29_segmented_sun_ardnpvfrjblihpbw.jpg,Cutting board,575,511,249
https://michaelalr.github.io/thesis/images/kitchen/15_segmented_sun_ambqsnbgjchnbxma.jpg,Plate,1806,2502,2116
https://michaelalr.github.io/thesis/images/kitchen/8_segmented_sun_awlydbcriafffzcj.jpg,Plate,224,194,224
https://michaelalr.github.io/thesis/images/kitchen/11_segmented_sun_admgsjzjxpssmhgd.jpg,Dish towels,405,781,405
https://michaelalr.github.io/thesis/images/kitchen/16_segmented_sun_abrqmjxbzdfuepbb.jpg,Cutting knife,764,360,507
https://michaelalr.github.io/thesis/images/kitchen/20_segmented_sun_akoozmcccyrpzqdd.jpg,Cutting knife,0,2111,1253
https://michaelalr.github.io/thesis/images/kitchen/5_segmented_sun_aufsjswnjzoqgoic.jpg,Dish towels,0,262,0
https://michaelalr.github.io/thesis/images/kitchen/8_segmented_sun_acbpmjeecxukngkc.jpg,Bottle opener,0,60,0
https://michaelalr.github.io/thesis/images/kitchen/17_segmented_sun_aaesgnhzvszupuvo.jpg,Bowl,94,363,363
https://michaelalr.github.io/thesis/images/kitchen/11_segmented_sun_aamedkxepzlwuxes.jpg,Bowl,0,801,429
https://michaelalr.github.io/thesis/images/kitchen/6_segmented_sun_agzyxoehwtiyumly.jpg,Cutting knife,0,1809,0
https://michaelalr.github.io/thesis/images/kitchen/19_segmented_sun_atfbjgixahsseuyk.jpg,Bowl,409,409,511
https://michaelalr.github.io/thesis/images/kitchen/21_segmented_sun_ajgssyhwargowdoe.jpg,Spices,1084,1421,1341
https://michaelalr.github.io/thesis/images/kitchen/14_segmented_sun_aixqzbxmafjalxpz.jpg,Cutting knife,0,400,0
https://michaelalr.github.io/thesis/images/kitchen/5_segmented_sun_azqedyhzopkxaims.jpg,Dish towels,0,0,0
https://michaelalr.github.io/thesis/images/kitchen/12_segmented_sun_aevezokbkeojznwq.jpg,Pan,314,314,417
https://michaelalr.github.io/thesis/images/kitchen/18_segmented_sun_adsgbvjdzhxufiql.jpg,Spices,825,1023,1023
https://michaelalr.github.io/thesis/images/kitchen/12_segmented_sun_aiprujkmqwdllusu.jpg,Cutting knife,78,78,0
https://michaelalr.github.io/thesis/images/kitchen/34_segmented_sun_ahtnfrjwdoxeudea.jpg,Dish towels,703,614,419
https://michaelalr.github.io/thesis/images/kitchen/12_segmented_sun_afznskzeyysxrlqg.jpg,Bowl,1195,1435,284
https://michaelalr.github.io/thesis/images/kitchen/23_segmented_sun_afinbthbssumjfoj.jpg,Cooking oil,593,593,593
https://michaelalr.github.io/thesis/images/kitchen/16_segmented_sun_azjdkacimbidsyfu.jpg,Mug,194,91,152
https://michaelalr.github.io/thesis/images/kitchen/16_segmented_sun_azvdkcyhbadlzomw.jpg,Pan,170,170,76
https://michaelalr.github.io/thesis/images/kitchen/24_segmented_sun_ajhrjzamkghftfaw.jpg,Bottle opener,174,174,174
https://michaelalr.github.io/thesis/images/kitchen/28_segmented_sun_agubuxuukhzyzpdp.jpg,Bowl,219,219,569
https://michaelalr.github.io/thesis/images/kitchen/15_segmented_sun_awibgjojrzopzkdv.jpg,Cutting board,664,507,452
https://michaelalr.github.io/thesis/images/kitchen/10_segmented_sun_apoujidafujtokxq.jpg,Bottle opener,61,61,61
https://michaelalr.github.io/thesis/images/kitchen/3_segmented_sun_aqibpoefubxlojea.jpg,Bottle opener,0,78,0
https://michaelalr.github.io/thesis/images/kitchen/12_segmented_sun_aqdkkdgmqdnfvuud.jpg,Spoon,674,674,0
https://michaelalr.github.io/thesis/images/kitchen/21_segmented_sun_alazdvaixpjtegwg.jpg,Plate,1076,1076,1076
https://michaelalr.github.io/thesis/images/kitchen/7_segmented_sun_afquoeoeaykcqqep.jpg,Dish towels,280,212,280
https://michaelalr.github.io/thesis/images/kitchen/8_segmented_sun_anootyvkjtxwnmzg.jpg,Spices,253,140,253
https://michaelalr.github.io/thesis/images/kitchen/4_segmented_sun_apxuwllpwemmgbav.jpg,Pan,358,358,358
https://michaelalr.github.io/thesis/images/kitchen/15_segmented_sun_abykmfxuvnluzbye.jpg,Pot,808,808,934
https://michaelalr.github.io/thesis/images/kitchen/17_segmented_sun_adxsydjhbcsaohpl.jpg,Cooking oil,0,234,234
https://michaelalr.github.io/thesis/images/kitchen/11_segmented_sun_aqqebcbyvxpmwbdl.jpg,Pot,348,308,348
https://michaelalr.github.io/thesis/images/kitchen/16_segmented_sun_acokbfdedzjebath.jpg,Spoon,610,610,0
https://michaelalr.github.io/thesis/images/kitchen/5_segmented_sun_ahdreidehinbxqdq.jpg,Mug,88,88,0
https://michaelalr.github.io/thesis/images/kitchen/16_segmented_sun_acbwsdvfpdealaws.jpg,Tupperware containers,1216,952,1172
https://michaelalr.github.io/thesis/images/kitchen/11_segmented_sun_aymsbodmlgbnwkvl.jpg,Pan,32,32,11
https://michaelalr.github.io/thesis/images/kitchen/5_segmented_sun_aujldmagwmsibxzw.jpg,Mug,0,1261,1261
https://michaelalr.github.io/thesis/images/kitchen/7_segmented_sun_aornnwoorvjqtqpn.jpg,Tupperware containers,0,223,97
https://michaelalr.github.io/thesis/images/kitchen/8_segmented_sun_azuyyjttninlteru.jpg,Plate,298,367,367
https://michaelalr.github.io/thesis/images/kitchen/23_segmented_sun_aaytdlcupysxijma.jpg,Plate,45,45,45
https://michaelalr.github.io/thesis/images/kitchen/7_segmented_sun_aojsybfjblbjyruv.jpg,Spoon,0,0,0
https://michaelalr.github.io/thesis/images/kitchen/20_segmented_sun_afxjosikocdngwcq.jpg,Pan,757,757,757
https://michaelalr.github.io/thesis/images/kitchen/11_segmented_sun_anortbveqayhhaer.jpg,Pan,79,79,79
https://michaelalr.github.io/thesis/images/kitchen/19_segmented_sun_aipagzgibxwolpng.jpg,Cooking oil,46,78,147
https://michaelalr.github.io/thesis/images/kitchen/9_segmented_sun_arcladlfacwdpscn.jpg,Cutting board,1797,1475,1755
https://michaelalr.github.io/thesis/images/kitchen/7_segmented_sun_anmvtimtktcxssed.jpg,Cooking oil,0,1636,0
https://michaelalr.github.io/thesis/images/kitchen/3_segmented_sun_alkzpfimozmfmaed.jpg,Pan,317,265,0
https://michaelalr.github.io/thesis/images/kitchen/9_segmented_sun_amfrcllmfpvzdrhf.jpg,Dish towels,328,329,289
https://michaelalr.github.io/thesis/images/kitchen/17_segmented_sun_azzsdmycmvnftcrh.jpg,Cutting board,726,739,2234
https://michaelalr.github.io/thesis/images/kitchen/4_segmented_sun_axboudsiddqyebxz.jpg,Pot,258,161,161
https://michaelalr.github.io/thesis/images/kitchen/12_segmented_sun_aoawqlunihjfhobf.jpg,Bowl,2365,262,262
https://michaelalr.github.io/thesis/images/kitchen/9_segmented_sun_agafxrlzgqivpznb.jpg,Cutting knife,51,51,51
https://michaelalr.github.io/thesis/images/kitchen/20_segmented_sun_aqablbfuuqtxxfmn.jpg,Pan,606,606,606
https://michaelalr.github.io/thesis/images/kitchen/20_segmented_sun_aqumjgbgpsdxobip.jpg,Mug,479,877,877
https://michaelalr.github.io/thesis/images/kitchen/24_segmented_sun_ayaudcpmpcxbntrj.jpg,Tupperware containers,236,236,110
https://michaelalr.github.io/thesis/images/kitchen/10_segmented_sun_atasereewkeozahn.jpg,Spoon,202,202,202
https://michaelalr.github.io/thesis/images/kitchen/18_segmented_sun_atxzbztrahvcfmzh.jpg,Mug,951,241,951
https://michaelalr.github.io/thesis/images/kitchen/14_segmented_sun_avnblpvjwmudhfgi.jpg,Dish towels,79,144,91
https://michaelalr.github.io/thesis/images/kitchen/14_segmented_sun_anoxtigjjiyfmhls.jpg,Cutting board,790,45,293
https://michaelalr.github.io/thesis/images/kitchen/5_segmented_sun_azqkyphenhtkdugg.jpg,Plate,79,79,79
https://michaelalr.github.io/thesis/images/kitchen/17_segmented_sun_atazodvdkbcheqyb.jpg,Bottle opener,1075,1067,1075
https://michaelalr.github.io/thesis/images/kitchen/14_segmented_sun_agldadusrezhmyva.jpg,Bottle opener,752,752,662
https://michaelalr.github.io/thesis/images/kitchen/7_segmented_sun_aoxuiskhnqemdrin.jpg,Pan,156,112,0
https://michaelalr.github.io/thesis/images/kitchen/19_segmented_sun_abwkecxdrvamjxlk.jpg,Spoon,620,520,573
https://michaelalr.github.io/thesis/images/kitchen/15_segmented_sun_akrythvshftyyyhf.jpg,Pot,51,51,156
https://michaelalr.github.io/thesis/images/kitchen/6_segmented_sun_aonxmamtchxbkgfu.jpg,Cooking oil,0,589,685
https://michaelalr.github.io/thesis/images/kitchen/17_segmented_sun_avxehvtrgnwuduxs.jpg,Cutting board,439,411,440
https://michaelalr.github.io/thesis/images/kitchen/20_segmented_sun_avdfessvodflyqdn.jpg,Spoon,0,0,0
https://michaelalr.github.io/thesis/images/kitchen/17_segmented_sun_aynbhclwrdsvyhjx.jpg,Spoon,474,474,428
https://michaelalr.github.io/thesis/images/kitchen/15_segmented_sun_abenqoeveajkfutc.jpg,Cooking oil,0,294,294
https://michaelalr.github.io/thesis/images/kitchen/4_segmented_sun_ahonnmlqxaowwfmf.jpg,Bottle opener,0,204,0
https://michaelalr.github.io/thesis/images/kitchen/9_segmented_sun_arsgykeodwncswyc.jpg,Pan,180,180,51
https://michaelalr.github.io/thesis/images/kitchen/7_segmented_sun_aeeusadnvfjrmjns.jpg,Spoon,0,0,0
https://michaelalr.github.io/thesis/images/kitchen/21_segmented_sun_avxlcmycjcngnmgn.jpg,Bottle opener,0,434,434
https://michaelalr.github.io/thesis/images/kitchen/9_segmented_sun_azxmyrrzkjnumpwg.jpg,Spoon,655,0,655
https://michaelalr.github.io/thesis/images/kitchen/7_segmented_sun_azponpptvmxoxbrr.jpg,Mug,110,110,110
https://michaelalr.github.io/thesis/images/kitchen/18_segmented_sun_adllyjippxftwxcv.jpg,Plate,157,157,383
https://michaelalr.github.io/thesis/images/kitchen/35_segmented_sun_awwembxtbzpnilay.jpg,Plate,1069,1842,1069
https://michaelalr.github.io/thesis/images/kitchen/16_segmented_sun_awhvlirgpcdffbsk.jpg,Spoon,433,1363,1363
https://michaelalr.github.io/thesis/images/kitchen/19_segmented_sun_akcdkzgeolyiaifi.jpg,Cutting board,0,1140,627
https://michaelalr.github.io/thesis/images/kitchen/11_segmented_sun_amjiwsczphtrowfh.jpg,Bottle opener,126,389,348
https://michaelalr.github.io/thesis/images/kitchen/4_segmented_sun_axaiaptzctpidqzg.jpg,Bowl,0,650,0
https://michaelalr.github.io/thesis/images/kitchen/9_segmented_sun_aawsqxnvbdihsyfk.jpg,Cutting knife,1629,1631,819
https://michaelalr.github.io/thesis/images/kitchen/18_segmented_sun_artrvxkgrvxsvaqs.jpg,Spoon,831,831,831
https://michaelalr.github.io/thesis/images/kitchen/4_segmented_sun_akolyrbcjmkaglnq.jpg,Cooking oil,0,33,42
https://michaelalr.github.io/thesis/images/kitchen/6_segmented_sun_atvmjjfmrlcvzfcj.jpg,Bottle opener,55,55,0
https://michaelalr.github.io/thesis/images/kitchen/13_segmented_sun_aizrxrylbrdfhxez.jpg,Pot,165,1154,516
https://michaelalr.github.io/thesis/images/kitchen/25_segmented_sun_ayrylyryippwjreo.jpg,Bowl,530,509,1164
https://michaelalr.github.io/thesis/images/kitchen/23_segmented_sun_ajnzhggqkskokvyd.jpg,Plate,525,525,133
https://michaelalr.github.io/thesis/images/kitchen/16_segmented_sun_aklzgiqouyagaehv.jpg,Cooking oil,158,158,158
https://michaelalr.github.io/thesis/images/kitchen/5_segmented_sun_alkecpmqioexawdy.jpg,Dish towels,121,144,0
https://michaelalr.github.io/thesis/images/kitchen/29_segmented_sun_awbjbrpvnwxtwmlq.jpg,Dish towels,834,1254,834
https://michaelalr.github.io/thesis/images/kitchen/6_segmented_sun_avvhsidaczeaeihs.jpg,Spices,51,51,51
https://michaelalr.github.io/thesis/images/kitchen/21_segmented_sun_aqysdgbofmsdlpdz.jpg,Cooking oil,325,38,325
https://michaelalr.github.io/thesis/images/kitchen/17_segmented_sun_ahqnxqsmhwbvqsry.jpg,Bowl,7,7,69
https://michaelalr.github.io/thesis/images/kitchen/7_segmented_sun_afquoeoeaykcqqep.jpg,Cooking oil,129,129,129
https://michaelalr.github.io/thesis/images/kitchen/8_segmented_sun_ahpaxhzrggrtlmyw.jpg,Mug,0,176,156
https://michaelalr.github.io/thesis/images/kitchen/18_segmented_sun_ajysozhvdlynojyx.jpg,Plate,1515,1515,2121
https://michaelalr.github.io/thesis/images/kitchen/16_segmented_sun_aocbqjjzthdaefyp.jpg,Tupperware containers,789,634,935
https://michaelalr.github.io/thesis/images/kitchen/3_segmented_sun_aedjkosbhqiuwszo.jpg,Mug,0,0,0
https://michaelalr.github.io/thesis/images/kitchen/3_segmented_sun_aiomzjdlugeyovzv.jpg,Cutting knife,0,0,0
https://michaelalr.github.io/thesis/images/kitchen/39_segmented_sun_aedjsvmemkwhsydc.jpg,Spices,555,697,392
https://michaelalr.github.io/thesis/images/kitchen/6_segmented_sun_alismvfiaogwmmmf.jpg,Cutting board,245,245,245
https://michaelalr.github.io/thesis/images/kitchen/10_segmented_sun_akchetnepxlcxhsu.jpg,Bowl,0,271,0
https://michaelalr.github.io/thesis/images/kitchen/26_segmented_sun_adtgrwaleinxzoar.jpg,Cutting board,84,92,112
https://michaelalr.github.io/thesis/images/kitchen/4_segmented_sun_aojnatkaattiujtm.jpg,Dish towels,0,152,0
https://michaelalr.github.io/thesis/images/kitchen/18_segmented_sun_atvnrqsdiajjmmiq.jpg,Bowl,112,112,206
https://michaelalr.github.io/thesis/images/kitchen/24_segmented_sun_akndyxefbqzbqsqy.jpg,Dish towels,44,402,402
https://michaelalr.github.io/thesis/images/kitchen/9_segmented_sun_ajzjtctqhokdsobp.jpg,Dish towels,62,62,129
https://michaelalr.github.io/thesis/images/kitchen/14_segmented_sun_aotwhhmzcyiwovbg.jpg,Bottle opener,803,803,803
https://michaelalr.github.io/thesis/images/kitchen/13_segmented_sun_arwaeytdrqazdesw.jpg,Spoon,979,979,1567
https://michaelalr.github.io/thesis/images/kitchen/17_segmented_sun_aptlcpaekbcptzde.jpg,Pan,1975,1975,1315
https://michaelalr.github.io/thesis/images/kitchen/7_segmented_sun_actxvsxmlpovpnrs.jpg,Spoon,212,212,212
https://michaelalr.github.io/thesis/images/kitchen/27_segmented_sun_ahqkpamonbdawice.jpg,Cutting knife,1901,1874,2192
https://michaelalr.github.io/thesis/images/kitchen/6_segmented_sun_aopyethmvddfzajb.jpg,Spices,276,1717,276
https://michaelalr.github.io/thesis/images/kitchen/17_segmented_sun_adbsjzttdwmwpqtq.jpg,Plate,1915,1915,1915
https://michaelalr.github.io/thesis/images/kitchen/24_segmented_sun_arfwopmnxtkiahrf.jpg,Cutting board,192,192,192
https://michaelalr.github.io/thesis/images/kitchen/11_segmented_sun_ahppcbyqxbwvxudf.jpg,Pot,130,198,198
https://michaelalr.github.io/thesis/images/kitchen/3_segmented_sun_aggvhkfjwnmncnla.jpg,Bottle opener,0,71,0
https://michaelalr.github.io/thesis/images/kitchen/8_segmented_sun_awuawixsfaurzuaa.jpg,Cooking oil,106,106,3
https://michaelalr.github.io/thesis/images/kitchen/35_segmented_sun_amjjdeyrggfqgmom.jpg,Tupperware containers,330,330,329
https://michaelalr.github.io/thesis/images/kitchen/15_segmented_sun_ajlpvhddeijltdry.jpg,Cutting board,154,154,233
https://michaelalr.github.io/thesis/images/kitchen/21_segmented_sun_avxlcmycjcngnmgn.jpg,Pan,720,720,208
https://michaelalr.github.io/thesis/images/kitchen/18_segmented_sun_afutksgwyoqttegy.jpg,Spoon,106,768,768
https://michaelalr.github.io/thesis/images/kitchen/11_segmented_sun_awkpntcwgbhamsaq.jpg,Pot,217,217,217
https://michaelalr.github.io/thesis/images/kitchen/11_segmented_sun_avkmlrrqdlwaozkp.jpg,Bowl,294,279,294
https://michaelalr.github.io/thesis/images/kitchen/15_segmented_sun_aijgpwskalofehtx.jpg,Dish towels,43,193,0
https://michaelalr.github.io/thesis/images/kitchen/11_segmented_sun_arsrxyncydjvwcfg.jpg,Mug,63,93,63
https://michaelalr.github.io/thesis/images/kitchen/14_segmented_sun_afjrhkizhgctrgkc.jpg,Spoon,157,157,0
https://michaelalr.github.io/thesis/images/kitchen/15_segmented_sun_akdnvlpbjrqxyapa.jpg,Cutting knife,588,588,588
https://michaelalr.github.io/thesis/images/kitchen/9_segmented_sun_abqnjuqxnibcrktc.jpg,Spoon,156,156,156
https://michaelalr.github.io/thesis/images/kitchen/11_segmented_sun_aonniutjqiyywsdi.jpg,Bottle opener,51,51,51
https://michaelalr.github.io/thesis/images/kitchen/10_segmented_sun_aygauxbuinwzzvli.jpg,Cutting board,24,1,23
https://michaelalr.github.io/thesis/images/kitchen/29_segmented_sun_agvzntnnphsuqbmn.jpg,Pot,354,345,354
https://michaelalr.github.io/thesis/images/kitchen/6_segmented_sun_aqkxfqpdzqqjublm.jpg,Cutting board,747,611,1136
https://michaelalr.github.io/thesis/images/kitchen/21_segmented_sun_aavzagnbsbymxlyh.jpg,Pan,167,353,913
https://michaelalr.github.io/thesis/images/kitchen/13_segmented_sun_aszofvjvisonzolt.jpg,Spices,0,1119,377
https://michaelalr.github.io/thesis/images/kitchen/24_segmented_sun_auyoxkalbowajbfm.jpg,Plate,62,62,215
https://michaelalr.github.io/thesis/images/kitchen/10_segmented_sun_axenzhulqcsbwsge.jpg,Cooking oil,597,877,597
https://michaelalr.github.io/thesis/images/kitchen/7_segmented_sun_apghnsdayubcttjq.jpg,Plate,1454,754,0
https://michaelalr.github.io/thesis/images/kitchen/10_segmented_sun_adgqasybjyktddhj.jpg,Tupperware containers,825,1874,719
https://michaelalr.github.io/thesis/images/kitchen/23_segmented_sun_acznlxcgnetogsai.jpg,Tupperware containers,1322,1322,2129
https://michaelalr.github.io/thesis/images/kitchen/32_segmented_sun_acjvablibmushchv.jpg,Spices,919,749,699
https://michaelalr.github.io/thesis/images/kitchen/10_segmented_sun_alkxfzwrxgmetxtk.jpg,Pot,234,141,141
https://michaelalr.github.io/thesis/images/kitchen/6_segmented_sun_aqcfatgvuovgmpzj.jpg,Pan,0,0,0
https://michaelalr.github.io/thesis/images/kitchen/5_segmented_sun_alnfowscmpudvvhf.jpg,Dish towels,156,92,156
https://michaelalr.github.io/thesis/images/kitchen/11_segmented_sun_azlseblgbnbryfyu.jpg,Cutting board,196,150,196
https://michaelalr.github.io/thesis/images/kitchen/12_segmented_sun_agdxrnaqlzlannbk.jpg,Bowl,122,16,43
https://michaelalr.github.io/thesis/images/kitchen/16_segmented_sun_auwirqkpgvhkulyp.jpg,Tupperware containers,261,261,299
https://michaelalr.github.io/thesis/images/kitchen/19_segmented_sun_aevehtfrhpotvshb.jpg,Bowl,684,370,632
https://michaelalr.github.io/thesis/images/kitchen/16_segmented_sun_alvmwfetwpwudbaa.jpg,Cutting board,100,159,159
https://michaelalr.github.io/thesis/images/kitchen/10_segmented_sun_aphhwtkybrsdmrol.jpg,Cooking oil,368,318,318
https://michaelalr.github.io/thesis/images/kitchen/8_segmented_sun_aesgvyjjesleubcl.jpg,Cooking oil,0,335,335
https://michaelalr.github.io/thesis/images/kitchen/6_segmented_sun_awxgbyetqqpfrlvc.jpg,Dish towels,0,274,0
https://michaelalr.github.io/thesis/images/kitchen/9_segmented_sun_afijjhdhwkwqpnvc.jpg,Spoon,1182,1783,1783
https://michaelalr.github.io/thesis/images/kitchen/22_segmented_sun_azgxmfkamfoixcqm.jpg,Dish towels,332,332,332
https://michaelalr.github.io/thesis/images/kitchen/14_segmented_sun_axgovunngrypgpvc.jpg,Bottle opener,498,721,721
https://michaelalr.github.io/thesis/images/kitchen/17_segmented_sun_dstlccpatrewxxsj.jpg,Pan,24,24,24
https://michaelalr.github.io/thesis/images/kitchen/22_segmented_sun_asvumpnxvyjjkwdb.jpg,Plate,107,242,111
https://michaelalr.github.io/thesis/images/kitchen/3_segmented_sun_afcmqevugryrkzyr.jpg,Dish towels,251,0,343
https://michaelalr.github.io/thesis/images/kitchen/9_segmented_sun_anuzjozqcvokbpbn.jpg,Dish towels,98,480,905
https://michaelalr.github.io/thesis/images/kitchen/19_segmented_sun_afgaxsjubtklhlvj.jpg,Cutting knife,206,206,151
https://michaelalr.github.io/thesis/images/kitchen/15_segmented_sun_ayjbbohondxrpplr.jpg,Spices,21,53,21
https://michaelalr.github.io/thesis/images/kitchen/14_segmented_sun_agldadusrezhmyva.jpg,Pan,737,737,8
https://michaelalr.github.io/thesis/images/kitchen/8_segmented_sun_avhuciguscomjmvz.jpg,Plate,62,62,62
https://michaelalr.github.io/thesis/images/kitchen/20_segmented_sun_asfboudbulzxwhfo.jpg,Tupperware containers,475,448,128
https://michaelalr.github.io/thesis/images/kitchen/26_segmented_sun_audwprothuzewdlx.jpg,Plate,387,641,689
https://michaelalr.github.io/thesis/images/kitchen/5_segmented_sun_acprxnbhnhfjvhus.jpg,Spices,61,61,61
https://michaelalr.github.io/thesis/images/kitchen/13_segmented_sun_akuyodrxwvurgdqy.jpg,Cooking oil,220,285,285
https://michaelalr.github.io/thesis/images/kitchen/10_segmented_sun_abzcxijjgmhnhesk.jpg,Cutting board,281,262,281
https://michaelalr.github.io/thesis/images/kitchen/12_segmented_sun_acizurwoqqreoatw.jpg,Cutting knife,667,431,431
https://michaelalr.github.io/thesis/images/kitchen/13_segmented_sun_akdthuvmrxqcwidt.jpg,Pot,114,141,114
https://michaelalr.github.io/thesis/images/kitchen/7_segmented_sun_aqyfqjoahtoqptph.jpg,Mug,196,168,36
https://michaelalr.github.io/thesis/images/kitchen/14_segmented_sun_aarfjyzjwxufngjn.jpg,Bowl,486,656,486
https://michaelalr.github.io/thesis/images/kitchen/12_segmented_sun_anmcbkrzkvcqchjp.jpg,Mug,221,437,192
https://michaelalr.github.io/thesis/images/kitchen/24_segmented_sun_ayluamvqfxzuygpz.jpg,Bowl,27,27,152
https://michaelalr.github.io/thesis/images/kitchen/12_segmented_sun_ajhmwlpwinyyrthr.jpg,Mug,190,212,190
https://michaelalr.github.io/thesis/images/kitchen/31_segmented_sun_axbidhchxcpixhso.jpg,Bowl,875,971,1251
https://michaelalr.github.io/thesis/images/kitchen/7_segmented_sun_alvictlckrcegdgb.jpg,Pan,0,119,247
https://michaelalr.github.io/thesis/images/kitchen/11_segmented_sun_azxboynjnwpwjxyc.jpg,Tupperware containers,170,170,34
https://michaelalr.github.io/thesis/images/kitchen/11_segmented_sun_analgfwdfqgllvcx.jpg,Dish towels,108,108,176
https://michaelalr.github.io/thesis/images/kitchen/12_segmented_sun_adhfecmgmohmbbia.jpg,Tupperware containers,130,213,127
https://michaelalr.github.io/thesis/images/kitchen/5_segmented_sun_amyvbmemgihdkobf.jpg,Plate,113,113,189
https://michaelalr.github.io/thesis/images/kitchen/11_segmented_sun_akkotpkrrvgimqpo.jpg,Cooking oil,226,172,172
https://michaelalr.github.io/thesis/images/kitchen/15_segmented_sun_aiqccbmjcmpshxqs.jpg,Mug,173,657,249
https://michaelalr.github.io/thesis/images/kitchen/19_segmented_sun_alyqyulcvigwjdyc.jpg,Plate,181,105,105
https://michaelalr.github.io/thesis/images/kitchen/11_segmented_sun_akfkrhjstcyqvgne.jpg,Cutting knife,226,226,226
https://michaelalr.github.io/thesis/images/kitchen/4_segmented_sun_atsywuyhmnvgorge.jpg,Cutting knife,140,140,140
https://michaelalr.github.io/thesis/images/kitchen/7_segmented_sun_aznhverxwxvqpodl.jpg,Cutting board,0,56,56
https://michaelalr.github.io/thesis/images/kitchen/4_segmented_sun_afuhjcrljatucmfx.jpg,Cutting board,674,267,674
https://michaelalr.github.io/thesis/images/kitchen/16_segmented_sun_aaxzdriovikfcgov.jpg,Cutting knife,0,358,0
https://michaelalr.github.io/thesis/images/kitchen/15_segmented_sun_arsbmnhkfynyueca.jpg,Cooking oil,1900,1900,1900
https://michaelalr.github.io/thesis/images/kitchen/20_segmented_sun_aoxoqjsocnzmelpu.jpg,Spices,163,206,418
https://michaelalr.github.io/thesis/images/kitchen/17_segmented_sun_azqfvwxeexkuplvy.jpg,Cutting board,564,1516,551
https://michaelalr.github.io/thesis/images/kitchen/9_segmented_sun_aduijakaszcpfpqv.jpg,Bowl,0,417,422
https://michaelalr.github.io/thesis/images/kitchen/10_segmented_sun_abzvbtecrppovubu.jpg,Tupperware containers,227,124,227
https://michaelalr.github.io/thesis/images/kitchen/4_segmented_sun_aunzlwrbjumxhwdj.jpg,Pot,782,0,0
https://michaelalr.github.io/thesis/images/kitchen/6_segmented_sun_avuovlwkkpipjycr.jpg,Dish towels,0,424,0
https://michaelalr.github.io/thesis/images/kitchen/25_segmented_sun_atfydgsityzdbvkh.jpg,Tupperware containers,7,138,126
https://michaelalr.github.io/thesis/images/kitchen/11_segmented_sun_analgfwdfqgllvcx.jpg,Cooking oil,238,98,238
https://michaelalr.github.io/thesis/images/kitchen/12_segmented_sun_aupghajzactqjkid.jpg,Pot,192,189,426
https://michaelalr.github.io/thesis/images/kitchen/4_segmented_sun_aanqwygoahedybnl.jpg,Cutting board,0,2,2
https://michaelalr.github.io/thesis/images/kitchen/19_segmented_sun_aipagzgibxwolpng.jpg,Dish towels,79,126,79
https://michaelalr.github.io/thesis/images/kitchen/14_segmented_sun_ajbpuqtgjfnvkjvn.jpg,Bowl,0,301,0
https://michaelalr.github.io/thesis/images/kitchen/3_segmented_sun_amklhbmaaxwnilyz.jpg,Plate,166,255,166
https://michaelalr.github.io/thesis/images/kitchen/5_segmented_sun_awrsusluqxyjqqzx.jpg,Bowl,190,70,70
https://michaelalr.github.io/thesis/images/kitchen/7_segmented_sun_aqtolmuozknjwtjv.jpg,Bottle opener,0,0,0
https://michaelalr.github.io/thesis/images/kitchen/18_segmented_sun_aqspxxtjllimdzmt.jpg,Pot,614,614,453
https://michaelalr.github.io/thesis/images/kitchen/6_segmented_sun_akbkvngfutnkqljg.jpg,Bottle opener,68,68,68
https://michaelalr.github.io/thesis/images/kitchen/6_segmented_sun_astciqbjbskvahse.jpg,Bowl,268,268,290
https://michaelalr.github.io/thesis/images/kitchen/14_segmented_sun_aohhvjmzftsxtion.jpg,Tupperware containers,678,515,515
https://michaelalr.github.io/thesis/images/kitchen/19_segmented_sun_anrbnligfknyblpd.jpg,Mug,0,453,197
https://michaelalr.github.io/thesis/images/kitchen/11_segmented_sun_agxrdpjgioytptne.jpg,Dish towels,124,216,124
https://michaelalr.github.io/thesis/images/kitchen/3_segmented_sun_aobtqmsjotgsxppu.jpg,Bowl,697,697,697
https://michaelalr.github.io/thesis/images/kitchen/13_segmented_sun_ajhljrrlroysumtf.jpg,Spices,20,373,20
https://michaelalr.github.io/thesis/images/kitchen/7_segmented_sun_akzumputqvdvtqbq.jpg,Mug,0,176,0
https://michaelalr.github.io/thesis/images/kitchen/11_segmented_sun_aatkychuxedelnrh.jpg,Cooking oil,0,434,0
https://michaelalr.github.io/thesis/images/kitchen/29_segmented_sun_avrmirtzhnncezuo.jpg,Cutting knife,1181,660,488
https://michaelalr.github.io/thesis/images/kitchen/5_segmented_sun_avthbdbpyiamvfgw.jpg,Cutting knife,306,104,0
https://michaelalr.github.io/thesis/images/kitchen/27_segmented_sun_anbnpmhqqitjribf.jpg,Spoon,2113,2113,2113
https://michaelalr.github.io/thesis/images/kitchen/24_segmented_sun_abjllhhfuvcygwtk.jpg,Cutting knife,692,688,1630
https://michaelalr.github.io/thesis/images/kitchen/16_segmented_sun_apfgmpocoqvanbhf.jpg,Cutting board,580,883,770
https://michaelalr.github.io/thesis/images/kitchen/9_segmented_sun_auwldxtolpavypst.jpg,Pan,1213,1213,1213
https://michaelalr.github.io/thesis/images/kitchen/9_segmented_sun_adcpeitzkudxavrz.jpg,Bottle opener,176,178,176
https://michaelalr.github.io/thesis/images/kitchen/5_segmented_sun_aunbvudubwlyozvt.jpg,Cutting knife,0,0,0
https://michaelalr.github.io/thesis/images/kitchen/20_segmented_sun_atiskpvfmpgxhhgz.jpg,Pot,99,99,99
https://michaelalr.github.io/thesis/images/kitchen/10_segmented_sun_aqrgxouxamttjihl.jpg,Tupperware containers,173,113,123
https://michaelalr.github.io/thesis/images/kitchen/10_segmented_sun_auomzfdnjxojmtmx.jpg,Pan,166,80,111
https://michaelalr.github.io/thesis/images/kitchen/19_segmented_sun_aenotlpyftoioydp.jpg,Cooking oil,0,557,785
https://michaelalr.github.io/thesis/images/kitchen/24_segmented_sun_aczchqarcsdhjfsg.jpg,Spoon,170,170,170
https://michaelalr.github.io/thesis/images/kitchen/7_segmented_sun_apbvocrlhkpyusdo.jpg,Bowl,10,10,10
https://michaelalr.github.io/thesis/images/kitchen/13_segmented_sun_aotoslnoekdwhffb.jpg,Mug,152,152,82
https://michaelalr.github.io/thesis/images/kitchen/13_segmented_sun_asymyduxvrjpcvzg.jpg,Cutting knife,1840,979,1855
https://michaelalr.github.io/thesis/images/kitchen/3_segmented_sun_annaluuvdirmfhmm.jpg,Plate,188,188,188
https://michaelalr.github.io/thesis/images/kitchen/25_segmented_sun_aqwjsdsgntnwwqwr.jpg,Spices,351,207,149
https://michaelalr.github.io/thesis/images/kitchen/11_segmented_sun_auvqnfyukjxrzgft.jpg,Spoon,245,289,289
https://michaelalr.github.io/thesis/images/kitchen/11_segmented_sun_aicbldtvrvbaxglv.jpg,Pot,247,0,429
https://michaelalr.github.io/thesis/images/kitchen/12_segmented_sun_apqvtigeqvrranqi.jpg,Bottle opener,42,31,42
https://michaelalr.github.io/thesis/images/kitchen/9_segmented_sun_arsgykeodwncswyc.jpg,Bottle opener,51,181,181
https://michaelalr.github.io/thesis/images/kitchen/26_segmented_sun_afpvqjrhuyzwfmmz.jpg,Pan,218,218,218
https://michaelalr.github.io/thesis/images/kitchen/14_segmented_sun_aidxiohefgkvgore.jpg,Pan,46,46,130
https://michaelalr.github.io/thesis/images/kitchen/14_segmented_sun_aqbgwjbyotmtbfny.jpg,Pot,0,0,84
https://michaelalr.github.io/thesis/images/kitchen/14_segmented_sun_ajcbwwvdlsvjyzje.jpg,Spices,0,692,0
https://michaelalr.github.io/thesis/images/kitchen/7_segmented_sun_aoxuiskhnqemdrin.jpg,Bottle opener,156,156,156
https://michaelalr.github.io/thesis/images/kitchen/4_segmented_sun_aysphgehynaffrlw.jpg,Bowl,0,14,0
https://michaelalr.github.io/thesis/images/kitchen/16_segmented_sun_abwmjfnrmqjdltxn.jpg,Dish towels,844,100,844
https://michaelalr.github.io/thesis/images/kitchen/9_segmented_sun_awaxqfcbrqznqnkl.jpg,Bowl,207,207,237
https://michaelalr.github.io/thesis/images/kitchen/3_segmented_sun_adgzlmfmuebiydtv.jpg,Plate,179,179,179
https://michaelalr.github.io/thesis/images/kitchen/19_segmented_sun_abujclohwuaugvev.jpg,Cutting knife,1706,1705,0
https://michaelalr.github.io/thesis/images/kitchen/6_segmented_sun_akbkvngfutnkqljg.jpg,Pan,119,119,0
https://michaelalr.github.io/thesis/images/kitchen/14_segmented_sun_ayvedtmvqpmkolsn.jpg,Cutting knife,30,28,28
https://michaelalr.github.io/thesis/images/kitchen/19_segmented_sun_aixacgstjgjpkhyx.jpg,Pan,803,803,803
https://michaelalr.github.io/thesis/images/kitchen/4_segmented_sun_ayvpqohosjjoejvr.jpg,Bowl,0,0,0
https://michaelalr.github.io/thesis/images/kitchen/24_segmented_sun_akvqpyjwrozvtxag.jpg,Spoon,674,570,156
https://michaelalr.github.io/thesis/images/kitchen/8_segmented_sun_aikaqgleoydvaklo.jpg,Plate,153,153,153
https://michaelalr.github.io/thesis/images/kitchen/8_segmented_sun_aaustmdcrmpnsotk.jpg,Spoon,790,790,790
https://michaelalr.github.io/thesis/images/kitchen/15_segmented_sun_atgeamddwdtotjox.jpg,Dish towels,1677,746,1677
https://michaelalr.github.io/thesis/images/kitchen/16_segmented_sun_awbyfefkbcrlrqws.jpg,Spices,1828,1565,362
https://michaelalr.github.io/thesis/images/kitchen/20_segmented_sun_aeansvwubfzuldkk.jpg,Dish towels,0,197,226
https://michaelalr.github.io/thesis/images/kitchen/27_segmented_sun_awbnzluklpybgpfv.jpg,Pan,516,516,561
https://michaelalr.github.io/thesis/images/kitchen/7_segmented_sun_anngqlmvcsdkxoty.jpg,Pan,0,313,313
https://michaelalr.github.io/thesis/images/kitchen/13_segmented_sun_afmrwmnclcjhjeus.jpg,Dish towels,150,73,73
https://michaelalr.github.io/thesis/images/kitchen/29_segmented_sun_awcpdzzznmweyyhv.jpg,Spices,403,643,626
https://michaelalr.github.io/thesis/images/kitchen/5_segmented_sun_aanthybrmcimecps.jpg,Spoon,258,258,258
https://michaelalr.github.io/thesis/images/kitchen/15_segmented_sun_aihktvntfqpubgrc.jpg,Pan,0,1403,0
https://michaelalr.github.io/thesis/images/kitchen/7_segmented_sun_aqlbjbvjkxyueixn.jpg,Bowl,636,636,636
https://michaelalr.github.io/thesis/images/kitchen/6_segmented_sun_aygobsrxfqaucfue.jpg,Spoon,769,769,769
https://michaelalr.github.io/thesis/images/kitchen/15_segmented_sun_ajvoutjowqlesodd.jpg,Pot,0,634,634
https://michaelalr.github.io/thesis/images/kitchen/34_segmented_sun_ahtnfrjwdoxeudea.jpg,Cooking oil,537,414,414
https://michaelalr.github.io/thesis/images/kitchen/22_segmented_sun_ajaptzzjhpwkytps.jpg,Bottle opener,161,161,127
https://michaelalr.github.io/thesis/images/kitchen/20_segmented_sun_aeqahfmphejeolas.jpg,Plate,174,174,174
https://michaelalr.github.io/thesis/images/kitchen/7_segmented_sun_azkctnfdmyvojmql.jpg,Spices,0,711,392
https://michaelalr.github.io/thesis/images/kitchen/9_segmented_sun_atvbjydlvrlbiisv.jpg,Mug,0,58,0
https://michaelalr.github.io/thesis/images/kitchen/18_segmented_sun_abxwwlghaoevrvij.jpg,Mug,224,224,224
https://michaelalr.github.io/thesis/images/kitchen/11_segmented_sun_auzdbxmehubyyiej.jpg,Tupperware containers,224,204,137
https://michaelalr.github.io/thesis/images/kitchen/14_segmented_sun_alkvjlybnjqbeggm.jpg,Spices,157,39,225
https://michaelalr.github.io/thesis/images/kitchen/18_segmented_sun_aemyxrkefweyluzr.jpg,Cooking oil,60,60,60
https://michaelalr.github.io/thesis/images/kitchen/15_segmented_sun_apuaydbvdodzgqrh.jpg,Spices,193,126,210
https://michaelalr.github.io/thesis/images/kitchen/7_segmented_sun_afurvffrmypkhxcy.jpg,Pot,521,535,535
https://michaelalr.github.io/thesis/images/kitchen/31_segmented_sun_alrzwxyircediuoj.jpg,Dish towels,290,454,183
https://michaelalr.github.io/thesis/images/kitchen/6_segmented_sun_aoojlxghnlbytrsw.jpg,Cooking oil,0,157,0
https://michaelalr.github.io/thesis/images/kitchen/13_segmented_sun_amclzrytyajzxrua.jpg,Cutting board,177,266,212
https://michaelalr.github.io/thesis/images/kitchen/20_segmented_sun_ambelotsosawzbtw.jpg,Pot,917,917,917
https://michaelalr.github.io/thesis/images/kitchen/12_segmented_sun_aigzbdameucmcncs.jpg,Mug,17,187,52
https://michaelalr.github.io/thesis/images/kitchen/13_segmented_sun_ajhyqzpcqdztndcc.jpg,Tupperware containers,514,514,378
https://michaelalr.github.io/thesis/images/kitchen/5_segmented_sun_awhuacmdrelvoffv.jpg,Tupperware containers,0,816,207
https://michaelalr.github.io/thesis/images/kitchen/8_segmented_sun_aeadsnpycuxnamkj.jpg,Cutting board,16,847,16
https://michaelalr.github.io/thesis/images/kitchen/12_segmented_sun_ausbszanysqejjua.jpg,Cutting board,38,166,166
https://michaelalr.github.io/thesis/images/kitchen/25_segmented_sun_arxrvqjklsngango.jpg,Spoon,998,820,820
https://michaelalr.github.io/thesis/images/kitchen/29_segmented_sun_alalhpqajafvlnho.jpg,Spices,300,486,678
https://michaelalr.github.io/thesis/images/kitchen/13_segmented_sun_ackqjneaqdvvjxxx.jpg,Spoon,177,177,0
https://michaelalr.github.io/thesis/images/kitchen/6_segmented_sun_aofhzjjolfzqzjtx.jpg,Pot,379,646,569
https://michaelalr.github.io/thesis/images/kitchen/18_segmented_sun_abzwmthkfhyiujlb.jpg,Spices,177,145,177
https://michaelalr.github.io/thesis/images/kitchen/30_segmented_sun_ahwagdkwragogywj.jpg,Mug,631,631,246
https://michaelalr.github.io/thesis/images/kitchen/17_segmented_sun_aukfpxicxojyzgcx.jpg,Plate,226,118,246
https://michaelalr.github.io/thesis/images/kitchen/13_segmented_sun_aawefvrbscajixha.jpg,Cutting knife,1221,1221,311
https://michaelalr.github.io/thesis/images/kitchen/6_segmented_sun_avrjygfofnbaancn.jpg,Bottle opener,0,1451,1451
https://michaelalr.github.io/thesis/images/kitchen/22_segmented_sun_ampccyesshguiynu.jpg,Tupperware containers,69,655,663
https://michaelalr.github.io/thesis/images/kitchen/9_segmented_sun_angwfdtphdyrdgir.jpg,Spoon,740,740,740
https://michaelalr.github.io/thesis/images/kitchen/29_segmented_sun_awbjbrpvnwxtwmlq.jpg,Cooking oil,522,366,522
https://michaelalr.github.io/thesis/images/kitchen/4_segmented_sun_apdxoksqpmpghypf.jpg,Bottle opener,0,583,583
https://michaelalr.github.io/thesis/images/kitchen/19_segmented_sun_azzwhxnibmsjapvf.jpg,Mug,229,229,85
https://michaelalr.github.io/thesis/images/kitchen/24_segmented_sun_aindcaheaybfwqjq.jpg,Spices,764,764,918
https://michaelalr.github.io/thesis/images/kitchen/4_segmented_sun_acuyusqsrgziijbt.jpg,Cooking oil,0,208,9
https://michaelalr.github.io/thesis/images/kitchen/7_segmented_sun_avqqwizsdnefrpuy.jpg,Bowl,0,1602,1099
https://michaelalr.github.io/thesis/images/kitchen/7_segmented_sun_auatsxdwxjotzqjr.jpg,Pot,789,789,0
https://michaelalr.github.io/thesis/images/kitchen/3_segmented_sun_aluxboywhcesjvtr.jpg,Pan,168,198,168
https://michaelalr.github.io/thesis/images/kitchen/35_segmented_sun_akvioacydzmxcqdv.jpg,Spoon,789,414,414
https://michaelalr.github.io/thesis/images/kitchen/15_segmented_sun_aedzyylvwjdibale.jpg,Pot,0,517,418
https://michaelalr.github.io/thesis/images/kitchen/13_segmented_sun_anbdugvyehqnnniw.jpg,Spices,159,159,140
https://michaelalr.github.io/thesis/images/kitchen/11_segmented_sun_acdnvcmjkmswfyyt.jpg,Cutting board,205,205,234
https://michaelalr.github.io/thesis/images/kitchen/20_segmented_sun_afoysjszhjasxmhs.jpg,Tupperware containers,104,104,648
https://michaelalr.github.io/thesis/images/kitchen/24_segmented_sun_amwnvllrlevpzutu.jpg,Cutting board,120,50,165
https://michaelalr.github.io/thesis/images/kitchen/5_segmented_sun_anduzqqgxfuppoez.jpg,Cutting knife,711,711,0
https://michaelalr.github.io/thesis/images/kitchen/4_segmented_sun_ajtrrephtkfiibuh.jpg,Bowl,171,144,171
https://michaelalr.github.io/thesis/images/kitchen/15_segmented_sun_ajdethecbcfhexju.jpg,Cooking oil,0,1283,1283
https://michaelalr.github.io/thesis/images/kitchen/8_segmented_sun_abyobfjwqslfgioi.jpg,Bottle opener,0,112,0
https://michaelalr.github.io/thesis/images/kitchen/8_segmented_sun_ayhifdswugmckchi.jpg,Pan,234,234,234
https://michaelalr.github.io/thesis/images/kitchen/8_segmented_sun_aicgglekmesaebmg.jpg,Bowl,0,1,0
https://michaelalr.github.io/thesis/images/kitchen/20_segmented_sun_azxetkujrgobhzbi.jpg,Tupperware containers,686,1128,1129
https://michaelalr.github.io/thesis/images/kitchen/8_segmented_sun_aquntugeyuunxxll.jpg,Cooking oil,249,249,249
https://michaelalr.github.io/thesis/images/kitchen/21_segmented_sun_ajoobflsogqdrmkm.jpg,Spices,251,205,68
https://michaelalr.github.io/thesis/images/kitchen/15_segmented_sun_azuozzzqnmgnubou.jpg,Cutting board,172,171,210
https://michaelalr.github.io/thesis/images/kitchen/21_segmented_sun_acwjdupvyjsugpay.jpg,Bottle opener,666,666,666
https://michaelalr.github.io/thesis/images/kitchen/13_segmented_sun_anyccdkltotubnee.jpg,Mug,131,131,237
https://michaelalr.github.io/thesis/images/kitchen/13_segmented_sun_ansplfghtfzbawcz.jpg,Spoon,497,497,497
https://michaelalr.github.io/thesis/images/kitchen/12_segmented_sun_afwaivvfezladsbj.jpg,Tupperware containers,222,222,222
https://michaelalr.github.io/thesis/images/kitchen/12_segmented_sun_ahpwonrlyygmzvtx.jpg,Bottle opener,770,770,793
https://michaelalr.github.io/thesis/images/kitchen/9_segmented_sun_awspbtmcoxakihbx.jpg,Bottle opener,0,9,0
https://michaelalr.github.io/thesis/images/kitchen/18_segmented_sun_arpdjpslyeppljuh.jpg,Cooking oil,942,942,942
https://michaelalr.github.io/thesis/images/kitchen/6_segmented_sun_akjjfxpidxgkthco.jpg,Cutting board,263,274,230
https://michaelalr.github.io/thesis/images/kitchen/16_segmented_sun_agkkodqisfacojle.jpg,Tupperware containers,345,139,17
https://michaelalr.github.io/thesis/images/kitchen/15_segmented_sun_avdeakyjwzxtynyf.jpg,Mug,255,255,255
https://michaelalr.github.io/thesis/images/kitchen/6_segmented_sun_aqdyfbdpblnrbpee.jpg,Cooking oil,173,204,204
https://michaelalr.github.io/thesis/images/kitchen/5_segmented_sun_ajpanclprxjlugfr.jpg,Cooking oil,184,186,202
https://michaelalr.github.io/thesis/images/kitchen/22_segmented_sun_afmsnwrincaowafk.jpg,Dish towels,2316,1980,2316
https://michaelalr.github.io/thesis/images/kitchen/8_segmented_sun_ajkqhtgcbgpcwrwn.jpg,Tupperware containers,0,885,1183
https://michaelalr.github.io/thesis/images/kitchen/4_segmented_sun_abwmcikivdikjerb.jpg,Cutting board,0,240,240
https://michaelalr.github.io/thesis/images/kitchen/15_segmented_sun_akaubuogkutluyzq.jpg,Dish towels,141,166,88
https://michaelalr.github.io/thesis/images/kitchen/10_segmented_sun_ajxqlzmoovksgjbl.jpg,Cooking oil,773,773,773
https://michaelalr.github.io/thesis/images/kitchen/24_segmented_sun_apadxutoweoqfywa.jpg,Pot,268,156,694
https://michaelalr.github.io/thesis/images/kitchen/3_segmented_sun_acyassyqjrcxulco.jpg,Bottle opener,0,1031,0
https://michaelalr.github.io/thesis/images/kitchen/18_segmented_sun_asohlbchxzzgeruw.jpg,Plate,651,42,132
https://michaelalr.github.io/thesis/images/kitchen/20_segmented_sun_avdodolzmtetcmgx.jpg,Plate,103,103,304
https://michaelalr.github.io/thesis/images/kitchen/5_segmented_sun_aeepcyqmdxlxqcnp.jpg,Spoon,144,144,42
https://michaelalr.github.io/thesis/images/kitchen/12_segmented_sun_aebceyezzjzyaxcj.jpg,Spices,1332,3,189
https://michaelalr.github.io/thesis/images/kitchen/10_segmented_sun_aofvzdorobrhxupb.jpg,Dish towels,51,117,51
https://michaelalr.github.io/thesis/images/kitchen/21_segmented_sun_aklijrkocvkcmsfg.jpg,Spices,365,279,329
https://michaelalr.github.io/thesis/images/kitchen/5_segmented_sun_azlbrhejreesuacw.jpg,Spoon,65,65,0
https://michaelalr.github.io/thesis/images/kitchen/22_segmented_sun_abkdszjmterwgxgk.jpg,Bowl,758,949,949
https://michaelalr.github.io/thesis/images/kitchen/14_segmented_sun_ajaqjrrippcmrkes.jpg,Mug,0,64,0
https://michaelalr.github.io/thesis/images/kitchen/18_segmented_sun_afhmzgyieaylcrcs.jpg,Mug,76,176,123
https://michaelalr.github.io/thesis/images/kitchen/9_segmented_sun_annrglxxvocekqkh.jpg,Bottle opener,0,480,480
https://michaelalr.github.io/thesis/images/kitchen/12_segmented_sun_anfzulzazofakfhm.jpg,Bottle opener,86,122,86
https://michaelalr.github.io/thesis/images/kitchen/6_segmented_sun_azuissejkbiouegm.jpg,Cutting board,139,179,139
https://michaelalr.github.io/thesis/images/kitchen/16_segmented_sun_alvoexkareccqxgq.jpg,Spices,198,459,370
https://michaelalr.github.io/thesis/images/kitchen/8_segmented_sun_ajxvejtymbkewxpy.jpg,Bottle opener,0,559,0
https://michaelalr.github.io/thesis/images/kitchen/13_segmented_sun_acgxyyrqtufcunpm.jpg,Cutting board,134,38,1046
https://michaelalr.github.io/thesis/images/kitchen/20_segmented_sun_dmewuowblqovhpao.jpg,Cutting board,328,327,327
https://michaelalr.github.io/thesis/images/kitchen/10_segmented_sun_aofvzdorobrhxupb.jpg,Cooking oil,58,255,29
https://michaelalr.github.io/thesis/images/kitchen/17_segmented_sun_atazodvdkbcheqyb.jpg,Pan,727,727,727
https://michaelalr.github.io/thesis/images/kitchen/9_segmented_sun_afjedgqadxnrjorw.jpg,Cutting board,45,110,237
https://michaelalr.github.io/thesis/images/kitchen/22_segmented_sun_admelewkqtwieyui.jpg,Cutting knife,555,255,555
https://michaelalr.github.io/thesis/images/kitchen/23_segmented_sun_aduqfsegdukgvgcj.jpg,Pot,1202,1202,556
https://michaelalr.github.io/thesis/images/kitchen/10_segmented_sun_awtjpzpvpolltknd.jpg,Pot,165,165,136
https://michaelalr.github.io/thesis/images/kitchen/18_segmented_sun_aixhuynxvonrvzyk.jpg,Bottle opener,224,224,122
https://michaelalr.github.io/thesis/images/kitchen/28_segmented_sun_ajdlpnpfpsslviux.jpg,Pot,737,737,618
https://michaelalr.github.io/thesis/images/kitchen/12_segmented_sun_alzsxyrrlvfaofuc.jpg,Cutting board,228,32,32
https://michaelalr.github.io/thesis/images/kitchen/7_segmented_sun_ayvqmanudpedxtym.jpg,Mug,0,83,159
https://michaelalr.github.io/thesis/images/kitchen/6_segmented_sun_aegcemhnwqsmjebm.jpg,Pot,68,22,22
https://michaelalr.github.io/thesis/images/kitchen/15_segmented_sun_anleedlurkiswrjv.jpg,Pan,283,283,283
https://michaelalr.github.io/thesis/images/kitchen/22_segmented_sun_axdnhkprgnftdvgz.jpg,Bowl,225,372,397
https://michaelalr.github.io/thesis/images/kitchen/12_segmented_sun_azbrevchoybyrqwg.jpg,Plate,184,184,206
https://michaelalr.github.io/thesis/images/kitchen/4_segmented_sun_aejndwwsdsuwlsuk.jpg,Mug,0,174,169
https://michaelalr.github.io/thesis/images/kitchen/12_segmented_sun_akwygwqxkobglwvv.jpg,Bottle opener,1080,1080,1080
https://michaelalr.github.io/thesis/images/kitchen/9_segmented_sun_azvqebduumzqqyzu.jpg,Cutting knife,140,140,0
https://michaelalr.github.io/thesis/images/kitchen/15_segmented_sun_aogkhseycfjfkbqt.jpg,Spices,174,105,174
https://michaelalr.github.io/thesis/images/kitchen/3_segmented_sun_aluxboywhcesjvtr.jpg,Bottle opener,169,169,0
https://michaelalr.github.io/thesis/images/kitchen/19_segmented_sun_azmxhfvqwtezkhky.jpg,Cooking oil,1083,964,1083
https://michaelalr.github.io/thesis/images/kitchen/7_segmented_sun_aocgwdnvkrcwgpkf.jpg,Pan,190,188,188
https://michaelalr.github.io/thesis/images/kitchen/3_segmented_sun_afcmqevugryrkzyr.jpg,Cooking oil,251,81,251
https://michaelalr.github.io/thesis/images/kitchen/25_segmented_sun_aitbkvidzggqpcdf.jpg,Pan,0,537,573
https://michaelalr.github.io/thesis/images/kitchen/9_segmented_sun_awknyxbkkvbnwwfx.jpg,Tupperware containers,497,1033,497
https://michaelalr.github.io/thesis/images/kitchen/15_segmented_sun_akdnvlpbjrqxyapa.jpg,Tupperware containers,587,587,346
https://michaelalr.github.io/thesis/images/kitchen/11_segmented_sun_atnroamfsogtunto.jpg,Spoon,0,24,26
https://michaelalr.github.io/thesis/images/kitchen/9_segmented_sun_abzelwwlipqertyf.jpg,Pot,402,70,402
https://michaelalr.github.io/thesis/images/kitchen/20_segmented_sun_aawuissohskzaweh.jpg,Cutting knife,184,76,76
https://michaelalr.github.io/thesis/images/kitchen/9_segmented_sun_ajtqfkwqpektgwsv.jpg,Pan,518,518,518
https://michaelalr.github.io/thesis/images/kitchen/16_segmented_sun_arutcrqcinqifffz.jpg,Cutting knife,358,358,531
https://michaelalr.github.io/thesis/images/kitchen/14_segmented_sun_awqcgyxhgldhszxe.jpg,Bowl,0,1435,1783
https://michaelalr.github.io/thesis/images/kitchen/13_segmented_sun_abjztzybzqmdlmsx.jpg,Dish towels,0,791,157
https://michaelalr.github.io/thesis/images/kitchen/14_segmented_sun_aiophbupguouqshl.jpg,Spoon,476,155,270
https://michaelalr.github.io/thesis/images/kitchen/13_segmented_sun_akdrovcmzrghbysc.jpg,Pot,32,32,208
https://michaelalr.github.io/thesis/images/kitchen/11_segmented_sun_agxrdpjgioytptne.jpg,Cooking oil,165,165,0
https://michaelalr.github.io/thesis/images/kitchen/4_segmented_sun_asgbnvkubhjfvcft.jpg,Tupperware containers,0,32,32
https://michaelalr.github.io/thesis/images/kitchen/6_segmented_sun_aqedpjgbtyhobhhr.jpg,Cutting board,857,804,853
https://michaelalr.github.io/thesis/images/kitchen/14_segmented_sun_axgovunngrypgpvc.jpg,Pan,1171,717,53
https://michaelalr.github.io/thesis/images/kitchen/18_segmented_sun_aaqhazmhbhefhakh.jpg,Cutting knife,660,660,660
https://michaelalr.github.io/thesis/images/kitchen/11_segmented_sun_admgsjzjxpssmhgd.jpg,Cooking oil,0,773,773
https://michaelalr.github.io/thesis/images/kitchen/13_segmented_sun_akecsguhbpnpogdd.jpg,Bottle opener,154,154,154
https://michaelalr.github.io/thesis/images/kitchen/8_segmented_sun_agjiitberdqjnwxn.jpg,Cutting knife,0,91,0
https://michaelalr.github.io/thesis/images/kitchen/20_segmented_sun_avddtnznhmwaolag.jpg,Pan,677,677,677
https://michaelalr.github.io/thesis/images/kitchen/16_segmented_sun_atxwizwtdimdgfgo.jpg,Dish towels,209,258,209
https://michaelalr.github.io/thesis/images/kitchen/15_segmented_sun_aihktvntfqpubgrc.jpg,Bottle opener,604,604,813
https://michaelalr.github.io/thesis/images/kitchen/8_segmented_sun_asdkumvxksutpnxf.jpg,Cutting knife,0,186,0
https://michaelalr.github.io/thesis/images/kitchen/22_segmented_sun_auclvnbkyxerrsls.jpg,Tupperware containers,370,228,40
https://michaelalr.github.io/thesis/images/kitchen/8_segmented_sun_ahanafjicutcspsf.jpg,Spoon,0,212,0
https://michaelalr.github.io/thesis/images/kitchen/5_segmented_sun_aawsixgpgwqanatu.jpg,Cutting knife,255,255,68
https://michaelalr.github.io/thesis/images/kitchen/13_segmented_sun_atprknbrmcmzrlcv.jpg,Cooking oil,654,149,654
https://michaelalr.github.io/thesis/images/kitchen/3_segmented_sun_axhgjfsngwfybrwm.jpg,Dish towels,151,151,0
https://michaelalr.github.io/thesis/images/kitchen/3_segmented_sun_aessmjpjlakgjevk.jpg,Bowl,0,0,0
https://michaelalr.github.io/thesis/images/kitchen/15_segmented_sun_ahrhvpdhoamfdhpf.jpg,Dish towels,357,218,425
https://michaelalr.github.io/thesis/images/kitchen/17_segmented_sun_akocsxpmhjiwaldf.jpg,Cooking oil,555,555,555
https://michaelalr.github.io/thesis/images/kitchen/28_segmented_sun_azdafjjakhuxuixs.jpg,Cutting board,0,229,229
https://michaelalr.github.io/thesis/images/kitchen/31_segmented_sun_azaonwppdjgkypoj.jpg,Plate,306,306,306
https://michaelalr.github.io/thesis/images/kitchen/6_segmented_sun_aribmbwevpiparvy.jpg,Plate,158,158,158
https://michaelalr.github.io/thesis/images/kitchen/16_segmented_sun_adthtuhxofgeohjs.jpg,Cutting knife,1917,1531,2136
https://michaelalr.github.io/thesis/images/kitchen/19_segmented_sun_alqjzcdxibrncjyc.jpg,Bowl,756,161,480
https://michaelalr.github.io/thesis/images/kitchen/10_segmented_sun_awhyjesnkspzuxcp.jpg,Spices,158,112,118
https://michaelalr.github.io/thesis/images/kitchen/4_segmented_sun_aarfiyshqohlwkmo.jpg,Spices,0,1049,1049
https://michaelalr.github.io/thesis/images/kitchen/35_segmented_sun_abubjfcvxrqjnbav.jpg,Tupperware containers,244,90,88
https://michaelalr.github.io/thesis/images/kitchen/20_segmented_sun_armfagbjwyxqyxuu.jpg,Cooking oil,323,162,323
https://michaelalr.github.io/thesis/images/kitchen/18_segmented_sun_aasextrkiiugfpvp.jpg,Spices,45,135,135
https://michaelalr.github.io/thesis/images/kitchen/8_segmented_sun_akdbixboqwgxpilg.jpg,Cooking oil,1578,1734,2057
https://michaelalr.github.io/thesis/images/kitchen/9_segmented_sun_annrglxxvocekqkh.jpg,Pan,480,480,480
https://michaelalr.github.io/thesis/images/kitchen/23_segmented_sun_ahrwldmgnrivpora.jpg,Spices,422,713,617
https://michaelalr.github.io/thesis/images/kitchen/12_segmented_sun_amoyntvwrilrtfdq.jpg,Tupperware containers,353,441,353
https://michaelalr.github.io/thesis/images/kitchen/13_segmented_sun_apwusgghqhtumjxk.jpg,Bowl,322,322,322
https://michaelalr.github.io/thesis/images/kitchen/18_segmented_sun_arrwvfbgabchzxcl.jpg,Bowl,33,33,229
https://michaelalr.github.io/thesis/images/kitchen/12_segmented_sun_acyvmyzypyuwnann.jpg,Cooking oil,0,585,585
https://michaelalr.github.io/thesis/images/kitchen/7_segmented_sun_amtiltrukjavpund.jpg,Spoon,203,203,116
https://michaelalr.github.io/thesis/images/kitchen/17_segmented_sun_ajrwezxmmjejxsbt.jpg,Spices,695,344,281
https://michaelalr.github.io/thesis/images/kitchen/6_segmented_sun_agptaxeuryyomlys.jpg,Pot,501,501,561
https://michaelalr.github.io/thesis/images/kitchen/5_segmented_sun_ajkrefpvgtunjiyi.jpg,Bottle opener,975,975,975
https://michaelalr.github.io/thesis/images/kitchen/10_segmented_sun_afgqssuyxylwzxqx.jpg,Mug,1037,1099,1037
https://michaelalr.github.io/thesis/images/kitchen/8_segmented_sun_anobeqeglvzrejxz.jpg,Pan,151,151,151
https://michaelalr.github.io/thesis/images/kitchen/13_segmented_sun_ajhyqzpcqdztndcc.jpg,Cutting knife,0,764,0
https://michaelalr.github.io/thesis/images/kitchen/16_segmented_sun_amtngujfdqlygigl.jpg,Bottle opener,293,293,293
https://michaelalr.github.io/thesis/images/kitchen/3_segmented_sun_arwxovsbwvoxdhqs.jpg,Pan,0,0,0
https://michaelalr.github.io/thesis/images/kitchen/22_segmented_sun_auclvnbkyxerrsls.jpg,Cutting knife,0,554,0
https://michaelalr.github.io/thesis/images/kitchen/6_segmented_sun_ahypekanudpaloax.jpg,Bottle opener,0,0,0
https://michaelalr.github.io/thesis/images/kitchen/5_segmented_sun_aqawafhkkqstivzp.jpg,Bowl,0,150,0
https://michaelalr.github.io/thesis/images/kitchen/29_segmented_sun_adysrrgnddvmloix.jpg,Pan,1162,2206,1162
https://michaelalr.github.io/thesis/images/kitchen/12_segmented_sun_amoyntvwrilrtfdq.jpg,Cutting knife,195,195,195
https://michaelalr.github.io/thesis/images/kitchen/34_segmented_sun_aobyfgpmnvnnuolx.jpg,Spices,2238,293,1018
https://michaelalr.github.io/thesis/images/kitchen/9_segmented_sun_aiytltpscsmtcmov.jpg,Pan,204,204,253
https://michaelalr.github.io/thesis/images/kitchen/8_segmented_sun_azddwvqclpiwbamf.jpg,Spoon,0,450,0
https://michaelalr.github.io/thesis/images/kitchen/3_segmented_sun_axhgjfsngwfybrwm.jpg,Cooking oil,0,19,0
https://michaelalr.github.io/thesis/images/kitchen/8_segmented_sun_auzwhookgjmsmnrs.jpg,Spices,43,43,43
https://michaelalr.github.io/thesis/images/kitchen/26_segmented_sun_aocqytzyvaciiqom.jpg,Cutting board,1012,872,711
https://michaelalr.github.io/thesis/images/kitchen/35_segmented_sun_abubjfcvxrqjnbav.jpg,Cutting knife,222,182,139
https://michaelalr.github.io/thesis/images/kitchen/17_segmented_sun_axvthmyvksaaewbo.jpg,Cooking oil,138,53,249
https://michaelalr.github.io/thesis/images/kitchen/21_segmented_sun_ajejxqslrijgyqof.jpg,Plate,135,135,50
https://michaelalr.github.io/thesis/images/kitchen/18_segmented_sun_ataniphupyuxeowc.jpg,Tupperware containers,1318,811,1318
https://michaelalr.github.io/thesis/images/kitchen/6_segmented_sun_anqbgsrsrexcysjo.jpg,Tupperware containers,0,864,366
https://michaelalr.github.io/thesis/images/kitchen/12_segmented_sun_anjtmqarnlwcfocw.jpg,Spoon,227,0,227
https://michaelalr.github.io/thesis/images/kitchen/8_segmented_sun_ahxwucrovvqlcjtp.jpg,Cooking oil,59,59,59
https://michaelalr.github.io/thesis/images/kitchen/15_segmented_sun_azfvmsmpvphupjpu.jpg,Spoon,1108,1108,284
https://michaelalr.github.io/thesis/images/kitchen/6_segmented_sun_alwfvfiplintneex.jpg,Pot,352,352,0
https://michaelalr.github.io/thesis/images/kitchen/14_segmented_sun_agysnixnkhpsvtmr.jpg,Plate,815,815,815
https://michaelalr.github.io/thesis/images/kitchen/19_segmented_sun_aoolvrawhfwoiiwg.jpg,Pan,213,213,784
https://michaelalr.github.io/thesis/images/kitchen/14_segmented_sun_adswmdfkombffqhi.jpg,Mug,856,856,615
https://michaelalr.github.io/thesis/images/kitchen/10_segmented_sun_ansziielvokvppkf.jpg,Mug,525,200,35
https://michaelalr.github.io/thesis/images/kitchen/10_segmented_sun_amtjxsanqdidbljy.jpg,Cutting knife,216,216,216
https://michaelalr.github.io/thesis/images/kitchen/10_segmented_sun_axigcfpcmefosgzo.jpg,Pot,0,57,0
https://michaelalr.github.io/thesis/images/kitchen/7_segmented_sun_akiemvqrcyuwkarb.jpg,Pan,133,133,133
https://michaelalr.github.io/thesis/images/kitchen/10_segmented_sun_aqrgxouxamttjihl.jpg,Cutting knife,0,134,0
https://michaelalr.github.io/thesis/images/kitchen/15_segmented_sun_ajdethecbcfhexju.jpg,Dish towels,0,1560,1039
https://michaelalr.github.io/thesis/images/kitchen/20_segmented_sun_auksfarmnnpddmoh.jpg,Bottle opener,179,211,172
https://michaelalr.github.io/thesis/images/kitchen/12_segmented_sun_aexzxfrsdauinjle.jpg,Dish towels,99,102,99
https://michaelalr.github.io/thesis/images/kitchen/10_segmented_sun_atklyngtuqjksbij.jpg,Cooking oil,0,0,0
https://michaelalr.github.io/thesis/images/kitchen/16_segmented_sun_amdcynvvhjqpnzwn.jpg,Dish towels,197,697,300
https://michaelalr.github.io/thesis/images/kitchen/4_segmented_sun_aqbrjkrmhvxxrdga.jpg,Plate,200,200,200
https://michaelalr.github.io/thesis/images/kitchen/15_segmented_sun_agwguxigrskiusya.jpg,Tupperware containers,238,181,181
https://michaelalr.github.io/thesis/images/kitchen/14_segmented_sun_azwkhsfanfuwmnxf.jpg,Tupperware containers,173,61,202
https://michaelalr.github.io/thesis/images/kitchen/17_segmented_sun_aiolecljpamcnixg.jpg,Cooking oil,276,276,214
https://michaelalr.github.io/thesis/images/kitchen/19_segmented_sun_aeueynscrgoqixur.jpg,Cutting knife,761,762,761
https://michaelalr.github.io/thesis/images/kitchen/36_segmented_sun_aikaetzelrkhwess.jpg,Bowl,1366,1466,1466
https://michaelalr.github.io/thesis/images/kitchen/36_segmented_sun_aizsqfinvrumontk.jpg,Mug,229,160,59
https://michaelalr.github.io/thesis/images/kitchen/16_segmented_sun_ahokzwcloavxnyaz.jpg,Bowl,763,763,763
https://michaelalr.github.io/thesis/images/kitchen/4_segmented_sun_apztvluktqeaaysa.jpg,Pot,0,205,205
https://michaelalr.github.io/thesis/images/kitchen/18_segmented_sun_aervnbfolgwloupr.jpg,Cooking oil,760,548,760
https://michaelalr.github.io/thesis/images/kitchen/12_segmented_sun_anfzulzazofakfhm.jpg,Pan,84,84,134
https://michaelalr.github.io/thesis/images/kitchen/29_segmented_sun_aqxypwrjaptqejmz.jpg,Spices,626,870,870
https://michaelalr.github.io/thesis/images/kitchen/9_segmented_sun_aedzudpnmvqsyiyr.jpg,Mug,0,759,759
https://michaelalr.github.io/thesis/images/kitchen/14_segmented_sun_ascfooqvownsolfd.jpg,Cooking oil,47,197,47
https://michaelalr.github.io/thesis/images/kitchen/12_segmented_sun_aulexwrnmufngnkf.jpg,Spices,680,680,641
https://michaelalr.github.io/thesis/images/kitchen/7_segmented_sun_aglpqkbwvbofhrgt.jpg,Tupperware containers,1020,1020,657
https://michaelalr.github.io/thesis/images/kitchen/7_segmented_sun_aornnwoorvjqtqpn.jpg,Cutting knife,0,191,191
https://michaelalr.github.io/thesis/images/kitchen/6_segmented_sun_aqdyfbdpblnrbpee.jpg,Dish towels,204,121,121
https://michaelalr.github.io/thesis/images/kitchen/27_segmented_sun_awbnzluklpybgpfv.jpg,Bottle opener,318,560,612
https://michaelalr.github.io/thesis/images/kitchen/17_segmented_sun_akklrypwxrgfswbe.jpg,Bottle opener,391,391,390
https://michaelalr.github.io/thesis/images/kitchen/9_segmented_sun_aslizjlirctmttep.jpg,Pot,134,226,106
https://michaelalr.github.io/thesis/images/kitchen/11_segmented_sun_awlzbrppjjnpxgbv.jpg,Plate,1942,1566,949
https://michaelalr.github.io/thesis/images/kitchen/18_segmented_sun_abkpqqbuuvmwwwje.jpg,Bowl,105,105,105
https://michaelalr.github.io/thesis/images/kitchen/6_segmented_sun_atdfrsodpyskmywe.jpg,Mug,0,267,220
https://michaelalr.github.io/thesis/images/kitchen/32_segmented_sun_avwvwcxylycmtupu.jpg,Tupperware containers,172,137,246
https://michaelalr.github.io/thesis/images/kitchen/16_segmented_sun_adjgzxbxeghvafsh.jpg,Plate,164,164,352
https://michaelalr.github.io/thesis/images/kitchen/12_segmented_sun_aohqvhrlwvbexvnk.jpg,Spoon,348,655,655
https://michaelalr.github.io/thesis/images/kitchen/14_segmented_sun_agjgqbkyzrmbshcm.jpg,Pot,239,239,239
https://michaelalr.github.io/thesis/images/kitchen/11_segmented_sun_akkotpkrrvgimqpo.jpg,Dish towels,226,231,270
https://michaelalr.github.io/thesis/images/kitchen/6_segmented_sun_aucorrqtnlnaueqo.jpg,Dish towels,213,166,213
https://michaelalr.github.io/thesis/images/kitchen/10_segmented_sun_anrirjuiddtxmngl.jpg,Mug,555,555,50
https://michaelalr.github.io/thesis/images/kitchen/21_segmented_sun_agctenfauzfbsmaz.jpg,Tupperware containers,0,116,123
https://michaelalr.github.io/thesis/images/kitchen/7_segmented_sun_atbrubjjcpqbijgq.jpg,Pot,0,3880,1677
https://michaelalr.github.io/thesis/images/kitchen/5_segmented_sun_azqedyhzopkxaims.jpg,Cooking oil,0,0,0
https://michaelalr.github.io/thesis/images/kitchen/19_segmented_sun_aoowxyylbnalpvvx.jpg,Plate,593,593,650
https://michaelalr.github.io/thesis/images/kitchen/3_segmented_sun_apumvnycvwtrdlmc.jpg,Spoon,276,276,0
https://michaelalr.github.io/thesis/images/kitchen/4_segmented_sun_abrxiuwtkjztdnzi.jpg,Spoon,516,516,516
https://michaelalr.github.io/thesis/images/kitchen/13_segmented_sun_akjsdritahkyvhuh.jpg,Cooking oil,397,332,397
https://michaelalr.github.io/thesis/images/kitchen/8_segmented_sun_acbvicplscwnpfws.jpg,Spices,45,45,35
https://michaelalr.github.io/thesis/images/kitchen/10_segmented_sun_asoklguoluqtcgcp.jpg,Spices,359,410,410
https://michaelalr.github.io/thesis/images/kitchen/43_segmented_sun_ayavnqtnktcsqnmd.jpg,Bowl,32,31,277
https://michaelalr.github.io/thesis/images/kitchen/20_segmented_sun_aasmevtpkslccptd.jpg,Plate,466,466,466
https://michaelalr.github.io/thesis/images/kitchen/16_segmented_sun_aocbqjjzthdaefyp.jpg,Cutting knife,548,548,548
https://michaelalr.github.io/thesis/images/kitchen/9_segmented_sun_adeshgfapdtxwubl.jpg,Bottle opener,0,0,0
https://michaelalr.github.io/thesis/images/kitchen/7_segmented_sun_ayogpdudxlcsljgw.jpg,Spoon,153,153,153
https://michaelalr.github.io/thesis/images/kitchen/20_segmented_sun_armfagbjwyxqyxuu.jpg,Dish towels,0,839,497
https://michaelalr.github.io/thesis/images/kitchen/27_segmented_sun_aryemauxglpckieh.jpg,Pan,1202,1390,1390
https://michaelalr.github.io/thesis/images/kitchen/5_segmented_sun_aunbvudubwlyozvt.jpg,Tupperware containers,470,470,0
https://michaelalr.github.io/thesis/images/kitchen/14_segmented_sun_aypcskgepdlkzbsn.jpg,Mug,49,49,816
https://michaelalr.github.io/thesis/images/kitchen/9_segmented_sun_afdefsrtlbtfdhxq.jpg,Mug,54,442,442
https://michaelalr.github.io/thesis/images/kitchen/9_segmented_sun_aebobtlvnheeqaos.jpg,Mug,0,475,0
https://michaelalr.github.io/thesis/images/kitchen/11_segmented_sun_apbtinfyvvcriewx.jpg,Spices,0,138,245
https://michaelalr.github.io/thesis/images/kitchen/9_segmented_sun_atbaxsaxkrapxylc.jpg,Dish towels,1712,1723,1712
https://michaelalr.github.io/thesis/images/kitchen/6_segmented_sun_anqbgsrsrexcysjo.jpg,Cutting knife,0,0,0
https://michaelalr.github.io/thesis/images/kitchen/16_segmented_sun_avoysclcqtohyxqk.jpg,Plate,547,1012,562
https://michaelalr.github.io/thesis/images/kitchen/5_segmented_sun_aezzfycgqydyfhis.jpg,Bowl,0,185,185
https://michaelalr.github.io/thesis/images/kitchen/8_segmented_sun_awuawixsfaurzuaa.jpg,Dish towels,3,189,0
https://michaelalr.github.io/thesis/images/kitchen/5_segmented_sun_adkmgnqaiypcnhqy.jpg,Plate,222,222,243
https://michaelalr.github.io/thesis/images/kitchen/8_segmented_sun_agrscovsmeryzsbk.jpg,Pot,0,119,172
https://michaelalr.github.io/thesis/images/kitchen/10_segmented_sun_auticobqsbwgoppi.jpg,Plate,1376,1346,1376
https://michaelalr.github.io/thesis/images/kitchen/13_segmented_sun_aoawkgrofilyajln.jpg,Spoon,1,1,1
https://michaelalr.github.io/thesis/images/kitchen/7_segmented_sun_alouvjfpycbghnrv.jpg,Cutting knife,0,1840,1291
https://michaelalr.github.io/thesis/images/kitchen/6_segmented_sun_aejgosigmakrxpqp.jpg,Bowl,16,374,374
https://michaelalr.github.io/thesis/images/kitchen/22_segmented_sun_aphhwoyobvnfgibd.jpg,Bottle opener,204,204,204
https://michaelalr.github.io/thesis/images/kitchen/17_segmented_sun_akocsxpmhjiwaldf.jpg,Dish towels,555,606,491
https://michaelalr.github.io/thesis/images/kitchen/3_segmented_sun_atotscbxjtjgsnnc.jpg,Spoon,109,109,109
https://michaelalr.github.io/thesis/images/kitchen/4_segmented_sun_arjsvuzbpooxttyz.jpg,Mug,0,561,0
https://michaelalr.github.io/thesis/images/kitchen/24_segmented_sun_ayaudcpmpcxbntrj.jpg,Cutting knife,300,591,479
https://michaelalr.github.io/thesis/images/kitchen/12_segmented_sun_ajuqshhjcubjzedh.jpg,Pan,957,957,691
https://michaelalr.github.io/thesis/images/kitchen/5_segmented_sun_ajbjzvnvliuihzza.jpg,Mug,0,713,713
https://michaelalr.github.io/thesis/images/kitchen/10_segmented_sun_ahzsfyjetgutuwgo.jpg,Cooking oil,0,264,264
https://michaelalr.github.io/thesis/images/kitchen/14_segmented_sun_arphotgpeqilmfde.jpg,Spices,63,267,267
https://michaelalr.github.io/thesis/images/kitchen/17_segmented_sun_aovnyfewezfmgwke.jpg,Cutting board,0,486,979
https://michaelalr.github.io/thesis/images/kitchen/15_segmented_sun_aruhecednqregzne.jpg,Pan,333,456,142
https://michaelalr.github.io/thesis/images/kitchen/3_segmented_sun_azpluftypvhkhbcy.jpg,Spices,0,87,0
https://michaelalr.github.io/thesis/images/kitchen/20_segmented_sun_adtnlxesvvcdwyry.jpg,Pan,868,866,753
https://michaelalr.github.io/thesis/images/kitchen/17_segmented_sun_azasqdtcqckquplg.jpg,Dish towels,563,563,561
https://michaelalr.github.io/thesis/images/kitchen/35_segmented_sun_amjjdeyrggfqgmom.jpg,Cutting knife,759,276,88
https://michaelalr.github.io/thesis/images/kitchen/6_segmented_sun_aoojlxghnlbytrsw.jpg,Dish towels,35,121,121
https://michaelalr.github.io/thesis/images/kitchen/7_segmented_sun_aaebjpeispxohmfv.jpg,Tupperware containers,1089,1089,208
https://michaelalr.github.io/thesis/images/kitchen/14_segmented_sun_aizzedfjjxlasvid.jpg,Pot,232,201,201
https://michaelalr.github.io/thesis/images/kitchen/25_segmented_sun_afpgihxxxjiidruj.jpg,Pan,2342,1003,1003
https://michaelalr.github.io/thesis/images/kitchen/21_segmented_sun_awhdibwrmiqaertd.jpg,Bowl,414,414,455
https://michaelalr.github.io/thesis/images/kitchen/7_segmented_sun_asxolzqcqtihmbju.jpg,Spoon,0,1417,0
https://michaelalr.github.io/thesis/images/kitchen/9_segmented_sun_acpufsxakyzrtcti.jpg,Plate,1113,705,1113
https://michaelalr.github.io/thesis/images/kitchen/19_segmented_sun_aseyvfffzlpkbydk.jpg,Tupperware containers,106,106,268
https://michaelalr.github.io/thesis/images/kitchen/16_segmented_sun_ahhgskanediiligq.jpg,Cutting knife,0,726,0
https://michaelalr.github.io/thesis/images/kitchen/6_segmented_sun_acyphxboaysxkgcn.jpg,Dish towels,0,141,0
https://michaelalr.github.io/thesis/images/kitchen/20_segmented_sun_afoysjszhjasxmhs.jpg,Cutting knife,540,104,0
https://michaelalr.github.io/thesis/images/kitchen/36_segmented_sun_aiwjjxhtgtrwjdsf.jpg,Cutting board,1579,1167,1167
https://michaelalr.github.io/thesis/images/kitchen/5_segmented_sun_akypaezjzxeuuomf.jpg,Cutting knife,0,222,0
https://michaelalr.github.io/thesis/images/kitchen/7_segmented_sun_aoscjxhooqazkrpx.jpg,Bowl,131,131,165
https://michaelalr.github.io/thesis/images/kitchen/15_segmented_sun_aryoaqwczywhgalc.jpg,Pot,0,188,0
https://michaelalr.github.io/thesis/images/kitchen/13_segmented_sun_ahmtwjhnkkalblbh.jpg,Mug,422,835,623
https://michaelalr.github.io/thesis/images/kitchen/19_segmented_sun_aoolvrawhfwoiiwg.jpg,Bottle opener,551,471,214
https://michaelalr.github.io/thesis/images/kitchen/15_segmented_sun_aefsayafrcxytabd.jpg,Pot,72,72,72
https://michaelalr.github.io/thesis/images/kitchen/16_segmented_sun_ajavbvbuyjndvbxi.jpg,Bowl,0,116,0
https://michaelalr.github.io/thesis/images/kitchen/15_segmented_sun_amscechynyhbtele.jpg,Spices,908,908,126
https://michaelalr.github.io/thesis/images/kitchen/4_segmented_sun_asgbnvkubhjfvcft.jpg,Cutting knife,0,0,0
https://michaelalr.github.io/thesis/images/kitchen/9_segmented_sun_aubkfohcjjlukpbv.jpg,Tupperware containers,108,124,303
https://michaelalr.github.io/thesis/images/kitchen/16_segmented_sun_aitugazcpdxlcexr.jpg,Pan,684,684,173
https://michaelalr.github.io/thesis/images/kitchen/12_segmented_sun_armspycdjalsfsby.jpg,Pot,159,351,159
https://michaelalr.github.io/thesis/images/kitchen/9_segmented_sun_agpbpdmorbfwqfpf.jpg,Cutting board,154,143,0
https://michaelalr.github.io/thesis/images/kitchen/19_segmented_sun_awnfhtcxupfqozzn.jpg,Mug,3,56,3
https://michaelalr.github.io/thesis/images/kitchen/18_segmented_sun_atgpcvhxgyoezzht.jpg,Pot,766,512,1806
https://michaelalr.github.io/thesis/images/kitchen/15_segmented_sun_abeqonkejhjtrtgy.jpg,Mug,719,719,77
https://michaelalr.github.io/thesis/images/kitchen/17_segmented_sun_asbmvidrlixrjsze.jpg,Pan,458,534,534
https://michaelalr.github.io/thesis/images/kitchen/10_segmented_sun_ajxqlzmoovksgjbl.jpg,Dish towels,0,502,502
https://michaelalr.github.io/thesis/images/kitchen/3_segmented_sun_afxidvniokauxolz.jpg,Tupperware containers,35,35,35
https://michaelalr.github.io/thesis/images/kitchen/19_segmented_sun_aseyvfffzlpkbydk.jpg,Cutting knife,99,618,99
https://michaelalr.github.io/thesis/images/kitchen/10_segmented_sun_aypmqwcualkenuoe.jpg,Plate,0,0,1539
https://michaelalr.github.io/thesis/images/kitchen/16_segmented_sun_abrqmjxbzdfuepbb.jpg,Tupperware containers,273,360,357
https://michaelalr.github.io/thesis/images/kitchen/7_segmented_sun_dbgxjxlpaglnkoyy.jpg,Spices,95,447,447
https://michaelalr.github.io/thesis/images/kitchen/20_segmented_sun_auksfarmnnpddmoh.jpg,Pan,140,140,140
https://michaelalr.github.io/thesis/images/kitchen/17_segmented_sun_ahxnjeaijhcbfwyn.jpg,Cutting board,266,512,512
https://michaelalr.github.io/thesis/images/kitchen/7_segmented_sun_aqarpfdajocdauap.jpg,Bowl,0,421,0
https://michaelalr.github.io/thesis/images/kitchen/42_segmented_sun_auqgmebxcqwcczhr.jpg,Bowl,130,803,900
https://michaelalr.github.io/thesis/images/kitchen/25_segmented_sun_anvnteddcdamdehd.jpg,Plate,161,321,321
https://michaelalr.github.io/thesis/images/kitchen/15_segmented_sun_apnxsgbjjdleuhdu.jpg,Cooking oil,351,389,351
https://michaelalr.github.io/thesis/images/kitchen/10_segmented_sun_aholydgigohowhui.jpg,Cutting board,954,954,954
https://michaelalr.github.io/thesis/images/kitchen/11_segmented_sun_aqsbukzqlumrfjjh.jpg,Tupperware containers,1147,1484,43
https://michaelalr.github.io/thesis/images/kitchen/34_segmented_sun_axpesxgsnxrsdqtr.jpg,Mug,722,722,149
https://michaelalr.github.io/thesis/images/kitchen/24_segmented_sun_avzlrdhdwxjjfrfe.jpg,Spices,834,64,274
https://michaelalr.github.io/thesis/images/kitchen/3_segmented_sun_aggvhkfjwnmncnla.jpg,Pan,71,71,71
https://michaelalr.github.io/thesis/images/kitchen/12_segmented_sun_akbnmlrjtsjeztqg.jpg,Mug,158,340,340
https://michaelalr.github.io/thesis/images/kitchen/9_segmented_sun_ayqymgxqhxxiykiw.jpg,Plate,1071,1071,746
https://michaelalr.github.io/thesis/images/kitchen/12_segmented_sun_acvbclprdnyhjkge.jpg,Spoon,56,201,201
https://michaelalr.github.io/thesis/images/kitchen/36_segmented_sun_apivfqbmmscioozr.jpg,Bottle opener,1049,1049,2863
https://michaelalr.github.io/thesis/images/kitchen/22_segmented_sun_abplyqswnymoowdc.jpg,Cutting board,174,166,174
https://michaelalr.github.io/thesis/images/kitchen/12_segmented_sun_atofyjkewudvrgko.jpg,Cooking oil,224,228,224
https://michaelalr.github.io/thesis/images/kitchen/7_segmented_sun_apwalivabmhpsulc.jpg,Plate,791,791,791
https://michaelalr.github.io/thesis/images/kitchen/13_segmented_sun_arerafgvufvljolx.jpg,Cutting board,49,50,49
https://michaelalr.github.io/thesis/images/kitchen/15_segmented_sun_anaaafpyeqdsnimg.jpg,Bowl,34,160,738
https://michaelalr.github.io/thesis/images/kitchen/8_segmented_sun_aheymxjdkejwbehi.jpg,Pot,106,381,381
https://michaelalr.github.io/thesis/images/kitchen/9_segmented_sun_altetwarotepnrsv.jpg,Cooking oil,1024,1133,1024
https://michaelalr.github.io/thesis/images/kitchen/11_segmented_sun_akfkrhjstcyqvgne.jpg,Tupperware containers,145,205,205
https://michaelalr.github.io/thesis/images/kitchen/12_segmented_sun_agzzivivdpnawacl.jpg,Spices,689,1697,973
https://michaelalr.github.io/thesis/images/kitchen/15_segmented_sun_aqllosacsequwhtx.jpg,Pot,706,674,391
https://michaelalr.github.io/thesis/images/kitchen/18_segmented_sun_abuieswzsgumckve.jpg,Bowl,114,117,86
https://michaelalr.github.io/thesis/images/kitchen/17_segmented_sun_aaytkejeysyxtnbo.jpg,Pot,319,319,334
https://michaelalr.github.io/thesis/images/kitchen/15_segmented_sun_ashyqoowjyrdmhow.jpg,Cutting board,1971,1152,1153
https://michaelalr.github.io/thesis/images/kitchen/8_segmented_sun_abyobfjwqslfgioi.jpg,Pan,182,182,144
https://michaelalr.github.io/thesis/images/kitchen/11_segmented_sun_andzglcqubvbzfhz.jpg,Cooking oil,145,445,145
https://michaelalr.github.io/thesis/images/kitchen/4_segmented_sun_apxvgbcdyaxmptfe.jpg,Plate,163,163,163
https://michaelalr.github.io/thesis/images/kitchen/16_segmented_sun_amtngujfdqlygigl.jpg,Pan,449,449,845
https://michaelalr.github.io/thesis/images/kitchen/8_segmented_sun_anxrzblupphodnlr.jpg,Cooking oil,212,212,212
https://michaelalr.github.io/thesis/images/kitchen/4_segmented_sun_aekutbaiequswdvq.jpg,Plate,1631,1631,1631
https://michaelalr.github.io/thesis/images/kitchen/5_segmented_sun_amrmgzibwncklrsh.jpg,Tupperware containers,29,29,0
https://michaelalr.github.io/thesis/images/kitchen/4_segmented_sun_asvwrowcxkjhujhk.jpg,Cooking oil,361,361,361
https://michaelalr.github.io/thesis/images/kitchen/12_segmented_sun_afnvtkyqzpewbeoh.jpg,Bowl,244,677,677
https://michaelalr.github.io/thesis/images/kitchen/17_segmented_sun_arrzxkefyqwoscwy.jpg,Bowl,200,200,394
https://michaelalr.github.io/thesis/images/kitchen/26_segmented_sun_aymvwlarqodbwuoc.jpg,Spices,442,794,794
https://michaelalr.github.io/thesis/images/kitchen/14_segmented_sun_acbusmoubediabuo.jpg,Spoon,1054,1054,1054
https://michaelalr.github.io/thesis/images/kitchen/7_segmented_sun_akjyxnrawtgxtauh.jpg,Cutting knife,0,64,64
https://michaelalr.github.io/thesis/images/kitchen/17_segmented_sun_ahpczsiumwwocjkv.jpg,Dish towels,881,700,881
https://michaelalr.github.io/thesis/images/kitchen/6_segmented_sun_agzyxoehwtiyumly.jpg,Tupperware containers,0,1969,1997
https://michaelalr.github.io/thesis/images/kitchen/18_segmented_sun_akzythovovqwguwk.jpg,Spices,876,876,876
https://michaelalr.github.io/thesis/images/kitchen/24_segmented_sun_abtdlltafvpypcff.jpg,Cutting knife,1405,1405,1405
https://michaelalr.github.io/thesis/images/kitchen/11_segmented_sun_aegcjlqzhylhpcvh.jpg,Pot,125,108,108
https://michaelalr.github.io/thesis/images/kitchen/25_segmented_sun_aaxxjlsuzvqlgylf.jpg,Plate,899,575,899
https://michaelalr.github.io/thesis/images/kitchen/14_segmented_sun_azzuzmrpushtcqso.jpg,Plate,35,35,35
https://michaelalr.github.io/thesis/images/kitchen/15_segmented_sun_aeduawzgdxyhcaka.jpg,Cutting board,929,698,933
https://michaelalr.github.io/thesis/images/kitchen/16_segmented_sun_avgmuomzzvtdobun.jpg,Cutting board,0,901,872
https://michaelalr.github.io/thesis/images/kitchen/13_segmented_sun_asdthswybwhucoii.jpg,Spoon,224,421,421
https://michaelalr.github.io/thesis/images/kitchen/16_segmented_sun_arutcrqcinqifffz.jpg,Tupperware containers,532,532,294
https://michaelalr.github.io/thesis/images/kitchen/9_segmented_sun_axijfojxwxpqqujw.jpg,Pan,289,1019,0
https://michaelalr.github.io/thesis/images/kitchen/5_segmented_sun_anjtfklnounbuyez.jpg,Dish towels,195,195,195
https://michaelalr.github.io/thesis/images/kitchen/4_segmented_sun_axzmxlymdvjqqfpk.jpg,Bottle opener,0,138,0
https://michaelalr.github.io/thesis/images/kitchen/25_segmented_sun_ahlfuymrubtqtisr.jpg,Spoon,314,314,314
https://michaelalr.github.io/thesis/images/kitchen/7_segmented_sun_azyvmcbjcmgkvtqt.jpg,Cutting board,0,95,32
https://michaelalr.github.io/thesis/images/kitchen/13_segmented_sun_agftjtvrnurcugdy.jpg,Cutting board,1166,480,0
https://michaelalr.github.io/thesis/images/kitchen/12_segmented_sun_aaoqsrgxwepdyzdy.jpg,Mug,0,491,0
https://michaelalr.github.io/thesis/images/kitchen/13_segmented_sun_ayakdnbiuvnibwap.jpg,Cutting board,930,930,874
https://michaelalr.github.io/thesis/images/kitchen/32_segmented_sun_aehawpgmrlhlvcow.jpg,Bowl,145,145,212
https://michaelalr.github.io/thesis/images/kitchen/4_segmented_sun_ayblvmglclwcvfuy.jpg,Mug,1006,1006,1006
https://michaelalr.github.io/thesis/images/kitchen/15_segmented_sun_avtqdvhwdfzykzby.jpg,Cooking oil,687,687,687
https://michaelalr.github.io/thesis/images/kitchen/13_segmented_sun_aqkqrnfwegwdkjbj.jpg,Pot,359,501,463
https://michaelalr.github.io/thesis/images/kitchen/15_segmented_sun_aodecucgusiyouky.jpg,Bottle opener,0,1367,1367
https://michaelalr.github.io/thesis/images/kitchen/12_segmented_sun_atofyjkewudvrgko.jpg,Dish towels,243,244,244
https://michaelalr.github.io/thesis/images/kitchen/21_segmented_sun_atazuefukxmiuuuz.jpg,Plate,240,240,240
https://michaelalr.github.io/thesis/images/kitchen/17_segmented_sun_ahpczsiumwwocjkv.jpg,Cooking oil,42,325,325
https://michaelalr.github.io/thesis/images/kitchen/17_segmented_sun_aajnubwzelxjzhxh.jpg,Plate,994,763,668
https://michaelalr.github.io/thesis/images/kitchen/16_segmented_sun_audsdmgqokopasvc.jpg,Cutting board,597,349,690
https://michaelalr.github.io/thesis/images/kitchen/11_segmented_sun_aiohotqhgdcwynvg.jpg,Mug,12,12,12
https://michaelalr.github.io/thesis/images/kitchen/27_segmented_sun_akeysdyrbtijkktp.jpg,Pot,0,551,397
https://michaelalr.github.io/thesis/images/kitchen/11_segmented_sun_axdfhsszzzqksxnx.jpg,Cutting knife,66,66,66
https://michaelalr.github.io/thesis/images/kitchen/15_segmented_sun_agtwsuhzdcphofey.jpg,Plate,286,286,286
https://michaelalr.github.io/thesis/images/kitchen/12_segmented_sun_afphfxkabyerpwkz.jpg,Bottle opener,987,947,987
https://michaelalr.github.io/thesis/images/kitchen/24_segmented_sun_akndyxefbqzbqsqy.jpg,Cooking oil,502,444,502
https://michaelalr.github.io/thesis/images/kitchen/31_segmented_sun_azkalqubuavyhanp.jpg,Tupperware containers,687,470,1075
https://michaelalr.github.io/thesis/images/kitchen/11_segmented_sun_aexklacwqwezaorf.jpg,Dish towels,308,210,210
https://michaelalr.github.io/thesis/images/kitchen/16_segmented_sun_apqkrubcqlwlydgt.jpg,Bottle opener,0,1230,0
https://michaelalr.github.io/thesis/images/kitchen/11_segmented_sun_andzglcqubvbzfhz.jpg,Dish towels,407,391,391
https://michaelalr.github.io/thesis/images/kitchen/19_segmented_sun_ajuezengxvzuxlun.jpg,Tupperware containers,365,198,118
https://michaelalr.github.io/thesis/images/kitchen/21_segmented_sun_aymtuhmvmnoftepq.jpg,Bottle opener,797,706,706
https://michaelalr.github.io/thesis/images/kitchen/9_segmented_sun_aawzwijpmowksmpn.jpg,Mug,681,593,681
https://michaelalr.github.io/thesis/images/kitchen/7_segmented_sun_akjyxnrawtgxtauh.jpg,Tupperware containers,168,62,0
https://michaelalr.github.io/thesis/images/kitchen/21_segmented_sun_aqysdgbofmsdlpdz.jpg,Dish towels,778,653,93
https://michaelalr.github.io/thesis/images/kitchen/16_segmented_sun_axniweeepnlqholz.jpg,Plate,103,159,239
https://michaelalr.github.io/thesis/images/kitchen/16_segmented_sun_apqkrubcqlwlydgt.jpg,Pan,962,962,962
https://michaelalr.github.io/thesis/images/kitchen/7_segmented_sun_aaktvzxuzcrholrn.jpg,Pan,1619,1513,0
https://michaelalr.github.io/thesis/images/kitchen/18_segmented_sun_avegzxqrhuvxfqst.jpg,Spices,624,624,886
https://michaelalr.github.io/thesis/images/kitchen/10_segmented_sun_atklyngtuqjksbij.jpg,Dish towels,54,102,96
https://michaelalr.github.io/thesis/images/kitchen/36_segmented_sun_atbaoghsljmshpma.jpg,Spices,574,874,592
https://michaelalr.github.io/thesis/images/kitchen/19_segmented_sun_aaedkdzalmgthmau.jpg,Spoon,96,96,96
https://michaelalr.github.io/thesis/images/kitchen/8_segmented_sun_aiglcvlromhhtwwt.jpg,Cutting knife,354,1156,1156
https://michaelalr.github.io/thesis/images/kitchen/20_segmented_sun_aqablbfuuqtxxfmn.jpg,Bottle opener,844,844,844
https://michaelalr.github.io/thesis/images/kitchen/4_segmented_sun_aelcibcsjcbumbox.jpg,Dish towels,0,68,0
https://michaelalr.github.io/thesis/images/kitchen/10_segmented_sun_avfsqwoiantddppx.jpg,Tupperware containers,197,197,163
https://michaelalr.github.io/thesis/images/kitchen/4_segmented_sun_atsywuyhmnvgorge.jpg,Tupperware containers,140,140,28
https://michaelalr.github.io/thesis/images/kitchen/24_segmented_sun_abjllhhfuvcygwtk.jpg,Tupperware containers,702,1856,188
https://michaelalr.github.io/thesis/images/kitchen/15_segmented_sun_aijgpwskalofehtx.jpg,Cooking oil,187,124,413
https://michaelalr.github.io/thesis/images/kitchen/24_segmented_sun_avgavmxqjvtwbqfp.jpg,Bottle opener,303,687,687
https://michaelalr.github.io/thesis/images/kitchen/19_segmented_sun_aoywzstvdkkbwrdc.jpg,Cutting knife,678,450,544
https://michaelalr.github.io/thesis/images/kitchen/33_segmented_sun_awbppqusbpubsfeq.jpg,Plate,245,504,599
https://michaelalr.github.io/thesis/images/kitchen/10_segmented_sun_aghnvwyesmnmdysw.jpg,Spices,90,90,90
https://michaelalr.github.io/thesis/images/kitchen/12_segmented_sun_abojfnhnriktbvha.jpg,Cooking oil,0,92,0
https://michaelalr.github.io/thesis/images/kitchen/32_segmented_sun_axvfcxucpkhbmcop.jpg,Bowl,436,800,841
https://michaelalr.github.io/thesis/images/kitchen/16_segmented_sun_amdcynvvhjqpnzwn.jpg,Cooking oil,300,657,300
https://michaelalr.github.io/thesis/images/kitchen/19_segmented_sun_aiimvpmdhvdplgku.jpg,Dish towels,79,552,79
https://michaelalr.github.io/thesis/images/kitchen/9_segmented_sun_atqtozdyytwnbyzb.jpg,Spoon,191,191,0
https://michaelalr.github.io/thesis/images/kitchen/11_segmented_sun_adgwfcgzbmhgttep.jpg,Spices,646,402,402
https://michaelalr.github.io/thesis/images/kitchen/20_segmented_sun_ajjzclmfruwfwclr.jpg,Dish towels,842,738,724
https://michaelalr.github.io/thesis/images/kitchen/8_segmented_sun_ayyzminaxvwhwfvn.jpg,Bowl,544,744,549
https://michaelalr.github.io/thesis/images/kitchen/15_segmented_sun_arncjbhdgmgximal.jpg,Tupperware containers,624,870,991
https://michaelalr.github.io/thesis/images/kitchen/14_segmented_sun_avcefvkbbyeetisk.jpg,Bowl,18,93,148
https://michaelalr.github.io/thesis/images/kitchen/10_segmented_sun_aoxbeapkwbtxitgh.jpg,Pan,0,157,0
https://michaelalr.github.io/thesis/images/kitchen/5_segmented_sun_amrmgzibwncklrsh.jpg,Cutting knife,189,187,187
https://michaelalr.github.io/thesis/images/kitchen/3_segmented_sun_aowvammdqpmypflg.jpg,Plate,517,0,0
https://michaelalr.github.io/thesis/images/kitchen/11_segmented_sun_asviowgxnvxahlem.jpg,Spoon,1716,1386,1386
https://michaelalr.github.io/thesis/images/kitchen/11_segmented_sun_abhsfpzcpzqhdoxa.jpg,Plate,0,0,209
https://michaelalr.github.io/thesis/images/kitchen/19_segmented_sun_arzuedxfvggotalr.jpg,Spoon,402,1125,2624
https://michaelalr.github.io/thesis/images/kitchen/11_segmented_sun_akcqxkfkoerupltg.jpg,Cutting knife,426,425,425
https://michaelalr.github.io/thesis/images/kitchen/5_segmented_sun_aqtnebfegavdqvzg.jpg,Bottle opener,0,307,307
https://michaelalr.github.io/thesis/images/kitchen/14_segmented_sun_aaofphpvkeqlhwgu.jpg,Cutting board,146,372,145
https://michaelalr.github.io/thesis/images/kitchen/8_segmented_sun_aqxypnffmypblepf.jpg,Pan,0,1977,0
https://michaelalr.github.io/thesis/images/kitchen/9_segmented_sun_alewrcyogvxhxyed.jpg,Bowl,160,160,191
https://michaelalr.github.io/thesis/images/kitchen/5_segmented_sun_axjklwmyyuucdiap.jpg,Cutting board,0,37,63
https://michaelalr.github.io/thesis/images/kitchen/20_segmented_sun_asihqiludfduwqgb.jpg,Cutting board,250,502,418
https://michaelalr.github.io/thesis/images/kitchen/15_segmented_sun_abxcbboqmegyjmav.jpg,Cooking oil,0,132,93
https://michaelalr.github.io/thesis/images/kitchen/13_segmented_sun_amjjibveuuidjzks.jpg,Mug,348,106,14
https://michaelalr.github.io/thesis/images/kitchen/4_segmented_sun_ajgisfszhervnyxr.jpg,Mug,0,1675,54
https://michaelalr.github.io/thesis/images/kitchen/14_segmented_sun_aahyfqarmjfribbj.jpg,Mug,30,30,30
https://michaelalr.github.io/thesis/images/kitchen/20_segmented_sun_azulmgwchddndaad.jpg,Spices,999,0,999
https://michaelalr.github.io/thesis/images/kitchen/14_segmented_sun_azwwjcrzdvvyzgoe.jpg,Spices,404,302,655
https://michaelalr.github.io/thesis/images/kitchen/3_segmented_sun_apxiquojjekygeoz.jpg,Tupperware containers,0,200,236
https://michaelalr.github.io/thesis/images/kitchen/7_segmented_sun_amyxoyevwxkyrews.jpg,Tupperware containers,0,150,44
https://michaelalr.github.io/thesis/images/kitchen/28_segmented_sun_applwyjeqfhkdxsj.jpg,Pot,294,294,5
https://michaelalr.github.io/thesis/images/kitchen/26_segmented_sun_amgngweylomgpzve.jpg,Dish towels,187,148,186
https://michaelalr.github.io/thesis/images/kitchen/5_segmented_sun_ahopcrglzqvszvrf.jpg,Bowl,176,176,125
https://michaelalr.github.io/thesis/images/kitchen/13_segmented_sun_aqwmrxocbqqxhmnd.jpg,Mug,129,129,129
https://michaelalr.github.io/thesis/images/kitchen/32_segmented_sun_aznaqoxfkbdxgdfn.jpg,Spoon,302,391,391
https://michaelalr.github.io/thesis/images/kitchen/16_segmented_sun_aydvvhqombqloffb.jpg,Spices,459,1773,1529
https://michaelalr.github.io/thesis/images/kitchen/5_segmented_sun_amigxvhrrtmfbdhu.jpg,Plate,1493,1173,1660
https://michaelalr.github.io/thesis/images/kitchen/15_segmented_sun_amhaqxrmuqtylgcx.jpg,Pot,1156,1934,1156
https://michaelalr.github.io/thesis/images/kitchen/20_segmented_sun_atvyblhzuyosywbk.jpg,Cutting board,681,184,681
https://michaelalr.github.io/thesis/images/kitchen/27_segmented_sun_axuqnfqilroaivlw.jpg,Cutting knife,208,173,98
https://michaelalr.github.io/thesis/images/kitchen/9_segmented_sun_appcjzysrguvszsp.jpg,Dish towels,0,432,0
https://michaelalr.github.io/thesis/images/kitchen/10_segmented_sun_aosgdwtxputqrewh.jpg,Pot,213,213,454
https://michaelalr.github.io/thesis/images/kitchen/4_segmented_sun_abntrinbqbsqoowj.jpg,Spices,230,230,230
https://michaelalr.github.io/thesis/images/kitchen/5_segmented_sun_akgdlzofsznnznzs.jpg,Pot,164,164,0
https://michaelalr.github.io/thesis/images/kitchen/10_segmented_sun_akzqpunutptijrud.jpg,Spoon,237,237,237
https://michaelalr.github.io/thesis/images/kitchen/10_segmented_sun_alxnnlzdudyhqwig.jpg,Pan,0,215,0
https://michaelalr.github.io/thesis/images/kitchen/9_segmented_sun_ahhpdyqcqetzdkul.jpg,Plate,9,9,9
https://michaelalr.github.io/thesis/images/kitchen/16_segmented_sun_akwvdhqsbtcesevi.jpg,Spices,2434,904,904
https://michaelalr.github.io/thesis/images/kitchen/16_segmented_sun_albvabfjscunfnug.jpg,Mug,137,204,182
https://michaelalr.github.io/thesis/images/kitchen/29_segmented_sun_adysrrgnddvmloix.jpg,Bottle opener,1173,1173,1173
https://michaelalr.github.io/thesis/images/kitchen/18_segmented_sun_aaqhazmhbhefhakh.jpg,Tupperware containers,522,659,377
https://michaelalr.github.io/thesis/images/kitchen/12_segmented_sun_aglwoufpxbtxqecp.jpg,Dish towels,443,955,443
https://michaelalr.github.io/thesis/images/kitchen/17_segmented_sun_aahrhcdovivimmox.jpg,Cooking oil,180,8,180
https://michaelalr.github.io/thesis/images/kitchen/9_segmented_sun_acgtpgfybqjmzeyw.jpg,Cutting board,0,535,535
https://michaelalr.github.io/thesis/images/kitchen/13_segmented_sun_akqfxfezmgfyeuet.jpg,Plate,0,10,255
https://michaelalr.github.io/thesis/images/kitchen/18_segmented_sun_ayimxneyvyzyydua.jpg,Mug,0,81,0
https://michaelalr.github.io/thesis/images/kitchen/3_segmented_sun_aosansbnaqjypxak.jpg,Cutting board,0,262,0
https://michaelalr.github.io/thesis/images/kitchen/18_segmented_sun_ayltcajffbljunhp.jpg,Spoon,393,746,402
https://michaelalr.github.io/thesis/images/kitchen/10_segmented_sun_afdsoicqiukinrep.jpg,Bottle opener,191,191,191
https://michaelalr.github.io/thesis/images/kitchen/14_segmented_sun_aucefajtdpoipkjt.jpg,Spices,954,954,954
https://michaelalr.github.io/thesis/images/kitchen/14_segmented_sun_asjqhogveouhsvta.jpg,Bowl,643,643,372
https://michaelalr.github.io/thesis/images/kitchen/8_segmented_sun_aveigbiztwzcnjpo.jpg,Spices,234,223,315
https://michaelalr.github.io/thesis/images/kitchen/5_segmented_sun_adlmcpuuxqkwtxso.jpg,Cutting knife,0,0,0
https://michaelalr.github.io/thesis/images/kitchen/13_segmented_sun_asymyduxvrjpcvzg.jpg,Tupperware containers,998,1445,477
https://michaelalr.github.io/thesis/images/kitchen/18_segmented_sun_adrbkrnduulprdgf.jpg,Pot,1594,1039,1594
https://michaelalr.github.io/thesis/images/kitchen/19_segmented_sun_aqsmztrzytxeqngz.jpg,Spoon,347,378,378
https://michaelalr.github.io/thesis/images/kitchen/7_segmented_sun_apzmsxslxhquvsgp.jpg,Pot,333,243,243
https://michaelalr.github.io/thesis/images/kitchen/11_segmented_sun_aizucjuowqgdstld.jpg,Mug,131,131,0
https://michaelalr.github.io/thesis/images/kitchen/23_segmented_sun_aeqdocilnnpuvuhx.jpg,Mug,127,399,7
https://michaelalr.github.io/thesis/images/kitchen/21_segmented_sun_aixcohasratbbbrc.jpg,Mug,326,940,95
https://michaelalr.github.io/thesis/images/kitchen/17_segmented_sun_aptlcpaekbcptzde.jpg,Bottle opener,1475,1472,1475
https://michaelalr.github.io/thesis/images/kitchen/13_segmented_sun_ayycibccxihsvzwf.jpg,Cutting board,68,69,162
https://michaelalr.github.io/thesis/images/kitchen/8_segmented_sun_asdkumvxksutpnxf.jpg,Tupperware containers,0,58,63
https://michaelalr.github.io/thesis/images/kitchen/16_segmented_sun_aocertireghzecps.jpg,Bowl,0,3,779
https://michaelalr.github.io/thesis/images/kitchen/10_segmented_sun_adgqasybjyktddhj.jpg,Cutting knife,1881,818,1881
https://michaelalr.github.io/thesis/images/kitchen/19_segmented_sun_abpdoqdjxnjnftrm.jpg,Cutting board,602,704,704
https://michaelalr.github.io/thesis/images/kitchen/6_segmented_sun_atwoavdmhehoxekk.jpg,Cutting board,0,242,242
https://michaelalr.github.io/thesis/images/kitchen/16_segmented_sun_acbwsdvfpdealaws.jpg,Cutting knife,951,951,951
https://michaelalr.github.io/thesis/images/kitchen/16_segmented_sun_aitugazcpdxlcexr.jpg,Bottle opener,2470,2470,2470
https://michaelalr.github.io/thesis/images/kitchen/19_segmented_sun_aqvmsqldqejeygqp.jpg,Pot,512,984,984
https://michaelalr.github.io/thesis/images/kitchen/4_segmented_sun_asrmqjtarxqcwgbe.jpg,Cutting board,0,185,0
https://michaelalr.github.io/thesis/images/kitchen/18_segmented_sun_aqaizcjhixeqjpxf.jpg,Bowl,156,270,37
https://michaelalr.github.io/thesis/images/kitchen/4_segmented_sun_abksexnhiqaynrtd.jpg,Tupperware containers,0,986,986
https://michaelalr.github.io/thesis/images/kitchen/8_segmented_sun_afuohsttqnbuwmtz.jpg,Cutting knife,65,65,0
https://michaelalr.github.io/thesis/images/kitchen/17_segmented_sun_aihhrniwdvojxeim.jpg,Spoon,76,76,76
https://michaelalr.github.io/thesis/images/kitchen/3_segmented_sun_aybewnodwjzodmab.jpg,Mug,0,101,0
https://michaelalr.github.io/thesis/images/kitchen/7_segmented_sun_ausoawpgizupwxwv.jpg,Spoon,985,985,852
https://michaelalr.github.io/thesis/images/kitchen/12_segmented_sun_abfhiynbwmnbubmd.jpg,Spoon,0,524,0
https://michaelalr.github.io/thesis/images/kitchen/12_segmented_sun_atrdwidjvfvyiehn.jpg,Spoon,1133,1133,1133
https://michaelalr.github.io/thesis/images/kitchen/9_segmented_sun_aiytltpscsmtcmov.jpg,Bottle opener,0,0,211
https://michaelalr.github.io/thesis/images/kitchen/14_segmented_sun_amagtutwqfsotmwm.jpg,Bowl,283,351,351
https://michaelalr.github.io/thesis/images/kitchen/38_segmented_sun_afqpfzmhhuegedtn.jpg,Cutting board,0,1715,1416
https://michaelalr.github.io/thesis/images/kitchen/10_segmented_sun_apoujidafujtokxq.jpg,Pan,62,62,74
https://michaelalr.github.io/thesis/images/kitchen/6_segmented_sun_avqytscawynyemjr.jpg,Bottle opener,0,0,0
https://michaelalr.github.io/thesis/images/kitchen/32_segmented_sun_asdarblgsqpekfvc.jpg,Mug,0,369,309
https://michaelalr.github.io/thesis/images/kitchen/22_segmented_sun_aobrodswclzjvydl.jpg,Dish towels,103,129,103
https://michaelalr.github.io/thesis/images/kitchen/17_segmented_sun_ahpmwzyjitbraidu.jpg,Pot,463,324,300
https://michaelalr.github.io/thesis/images/kitchen/9_segmented_sun_adcrxklhlbwrbkgm.jpg,Plate,1333,134,1333
https://michaelalr.github.io/thesis/images/kitchen/3_segmented_sun_andtqogoyruvxzkc.jpg,Pan,563,0,0
https://michaelalr.github.io/thesis/images/kitchen/8_segmented_sun_auzlhgjrwajkcxom.jpg,Pan,149,149,149
https://michaelalr.github.io/thesis/images/kitchen/7_segmented_sun_ambotvfalxtxgzuz.jpg,Bottle opener,0,178,0
https://michaelalr.github.io/thesis/images/kitchen/4_segmented_sun_ayhgchyquhxwwuyq.jpg,Bowl,0,0,0
https://michaelalr.github.io/thesis/images/kitchen/11_segmented_sun_ahviydoezasajqcc.jpg,Pot,717,717,717
https://michaelalr.github.io/thesis/images/kitchen/3_segmented_sun_aufzslccewyyytmi.jpg,Mug,0,201,230
https://michaelalr.github.io/thesis/images/kitchen/14_segmented_sun_axkxwlbatrhoxrsg.jpg,Cutting knife,866,866,745
https://michaelalr.github.io/thesis/images/kitchen/21_segmented_sun_aavzagnbsbymxlyh.jpg,Bottle opener,355,868,355
https://michaelalr.github.io/thesis/images/kitchen/13_segmented_sun_awbcmaswtwdvzkgy.jpg,Cutting knife,824,824,824
https://michaelalr.github.io/thesis/images/kitchen/9_segmented_sun_abpwyqmlzafvklqo.jpg,Mug,122,122,122
https://michaelalr.github.io/thesis/images/kitchen/4_segmented_sun_apdxoksqpmpghypf.jpg,Pan,583,583,0
https://michaelalr.github.io/thesis/images/kitchen/14_segmented_sun_aziwablxxyonlyvn.jpg,Mug,180,270,0
https://michaelalr.github.io/thesis/images/kitchen/26_segmented_sun_asjpljdkzvezncjw.jpg,Bowl,871,1452,1023
https://michaelalr.github.io/thesis/images/kitchen/6_segmented_sun_afmmwcwhkqiqyfoh.jpg,Tupperware containers,146,146,24
https://michaelalr.github.io/thesis/images/kitchen/3_segmented_sun_atkojdauqbdzdnlk.jpg,Pot,144,189,189
https://michaelalr.github.io/thesis/images/kitchen/16_segmented_sun_atnzcptmwqokklqx.jpg,Plate,302,261,302
https://michaelalr.github.io/thesis/images/kitchen/29_segmented_sun_azpakouaxqyeukko.jpg,Pot,499,248,1954
https://michaelalr.github.io/thesis/images/kitchen/7_segmented_sun_aaktvzxuzcrholrn.jpg,Bottle opener,0,1365,1365
https://michaelalr.github.io/thesis/images/kitchen/11_segmented_sun_ahkrqjswmbolugxw.jpg,Cutting board,75,94,131
https://michaelalr.github.io/thesis/images/kitchen/15_segmented_sun_aylxqhcpdrwhgdmw.jpg,Pot,873,873,441
https://michaelalr.github.io/thesis/images/kitchen/13_segmented_sun_aehkkaenyyjnewst.jpg,Plate,908,535,908
https://michaelalr.github.io/thesis/images/kitchen/12_segmented_sun_aipyryglmglzhjsc.jpg,Mug,226,226,226
https://michaelalr.github.io/thesis/images/kitchen/13_segmented_sun_acfluyeqiftljamq.jpg,Pan,555,555,457
https://michaelalr.github.io/thesis/images/kitchen/6_segmented_sun_awusemdipqlufrmt.jpg,Mug,0,468,471
https://michaelalr.github.io/thesis/images/kitchen/9_segmented_sun_amfrcllmfpvzdrhf.jpg,Cooking oil,328,328,0
https://michaelalr.github.io/thesis/images/kitchen/8_segmented_sun_aeqbewejiovwrhhc.jpg,Spices,777,712,0
https://michaelalr.github.io/thesis/images/kitchen/21_segmented_sun_ajfeyvphcbfkmyhu.jpg,Cooking oil,189,99,184
https://michaelalr.github.io/thesis/images/kitchen/19_segmented_sun_aopfqgrumjqgdryp.jpg,Plate,497,143,739
https://michaelalr.github.io/thesis/images/kitchen/12_segmented_sun_aktrxiknvknrufem.jpg,Spoon,455,555,455
https://michaelalr.github.io/thesis/images/kitchen/4_segmented_sun_awowqpwhhrgmrqcm.jpg,Bowl,0,221,221
https://michaelalr.github.io/thesis/images/kitchen/20_segmented_sun_akoozmcccyrpzqdd.jpg,Tupperware containers,2107,2107,96
https://michaelalr.github.io/thesis/images/kitchen/22_segmented_sun_admelewkqtwieyui.jpg,Tupperware containers,177,385,414
https://michaelalr.github.io/thesis/images/kitchen/7_segmented_sun_alvictlckrcegdgb.jpg,Bottle opener,0,261,0
https://michaelalr.github.io/thesis/images/kitchen/15_segmented_sun_avtqdvhwdfzykzby.jpg,Dish towels,569,954,569
https://michaelalr.github.io/thesis/images/kitchen/19_segmented_sun_axexdasocolcaxer.jpg,Cutting knife,59,59,59
https://michaelalr.github.io/thesis/images/kitchen/5_segmented_sun_apqslgxauajcgabo.jpg,Dish towels,439,367,439
https://michaelalr.github.io/thesis/images/kitchen/11_segmented_sun_avznsgomtoxmtquf.jpg,Bowl,40,77,77
https://michaelalr.github.io/thesis/images/kitchen/22_segmented_sun_ahrvvekulmzmwwfz.jpg,Spices,651,651,867
https://michaelalr.github.io/thesis/images/kitchen/19_segmented_sun_aenotlpyftoioydp.jpg,Dish towels,1626,1191,555
https://michaelalr.github.io/thesis/images/kitchen/14_segmented_sun_axlhgujigbdqvdzl.jpg,Cutting knife,56,28,56
https://michaelalr.github.io/thesis/images/kitchen/12_segmented_sun_aqrdtsxisrulfusj.jpg,Plate,683,2045,2045
https://michaelalr.github.io/thesis/images/kitchen/24_segmented_sun_amvbtnpxujkswvfn.jpg,Cutting knife,0,527,676
https://michaelalr.github.io/thesis/images/kitchen/6_segmented_sun_anicakvxifabrgiv.jpg,Plate,831,425,425
https://michaelalr.github.io/thesis/images/kitchen/18_segmented_sun_aaosapfuyeqaxzkj.jpg,Plate,989,277,445
https://michaelalr.github.io/thesis/images/kitchen/20_segmented_sun_ahfndwmhfqyztqwo.jpg,Plate,432,475,642
https://michaelalr.github.io/thesis/images/kitchen/27_segmented_sun_alpduwskzkgbcfui.jpg,Pot,303,303,303
https://michaelalr.github.io/thesis/images/kitchen/15_segmented_sun_ansjthlvjmhgiaty.jpg,Cutting knife,690,690,690
https://michaelalr.github.io/thesis/images/kitchen/19_segmented_sun_aglwwpjrtjdgrbsy.jpg,Pot,1080,1080,1243
https://michaelalr.github.io/thesis/images/kitchen/22_segmented_sun_aobrodswclzjvydl.jpg,Cooking oil,218,239,218
https://michaelalr.github.io/thesis/images/kitchen/19_segmented_sun_awvacecseoicoxqj.jpg,Spoon,530,710,324
https://michaelalr.github.io/thesis/images/kitchen/7_segmented_sun_aglbmqouvbnqvudp.jpg,Cutting board,0,139,0
https://michaelalr.github.io/thesis/images/kitchen/14_segmented_sun_anejunmbdrqwdjuw.jpg,Dish towels,1216,661,1220
https://michaelalr.github.io/thesis/images/kitchen/10_segmented_sun_ahezzonntbqyjpap.jpg,Cutting board,821,622,828
https://michaelalr.github.io/thesis/images/kitchen/20_segmented_sun_athisunlcwwhltxc.jpg,Plate,558,188,291
https://michaelalr.github.io/thesis/images/kitchen/7_segmented_sun_agvhrfsrcywxuazc.jpg,Plate,159,0,159
https://michaelalr.github.io/thesis/images/kitchen/18_segmented_sun_actlovvcrmlkpqoq.jpg,Pan,193,255,193
https://michaelalr.github.io/thesis/images/kitchen/14_segmented_sun_agrkvwbkgrglcoga.jpg,Plate,0,2047,2047
https://michaelalr.github.io/thesis/images/kitchen/8_segmented_sun_ajpdorgiopeaniev.jpg,Mug,0,65,0
https://michaelalr.github.io/thesis/images/kitchen/14_segmented_sun_awfnmnbtygachifh.jpg,Spices,307,307,438
https://michaelalr.github.io/thesis/images/kitchen/5_segmented_sun_awjkicrplkgtzqet.jpg,Plate,457,0,457
https://michaelalr.github.io/thesis/images/kitchen/19_segmented_sun_amipivrncdwnpgfl.jpg,Pot,86,64,136
https://michaelalr.github.io/thesis/images/kitchen/23_segmented_sun_anbwfxayngoytjhx.jpg,Cutting board,0,1845,322
https://michaelalr.github.io/thesis/images/kitchen/14_segmented_sun_axkxwlbatrhoxrsg.jpg,Tupperware containers,2032,874,432
https://michaelalr.github.io/thesis/images/kitchen/12_segmented_sun_ajuqshhjcubjzedh.jpg,Bottle opener,628,628,628
https://michaelalr.github.io/thesis/images/kitchen/17_segmented_sun_adxsydjhbcsaohpl.jpg,Dish towels,108,157,186
https://michaelalr.github.io/thesis/images/kitchen/16_segmented_sun_awvrogxymlfvgbka.jpg,Plate,627,627,627
https://michaelalr.github.io/thesis/images/kitchen/9_segmented_sun_anuzjozqcvokbpbn.jpg,Cooking oil,98,98,98
https://michaelalr.github.io/thesis/images/kitchen/6_segmented_sun_axbdsxxipxxrstmq.jpg,Pan,0,76,298
https://michaelalr.github.io/thesis/images/kitchen/7_segmented_sun_awnjfzkpulquhgan.jpg,Spoon,933,933,571
https://michaelalr.github.io/thesis/images/kitchen/21_segmented_sun_apeekzkajfswlykn.jpg,Bottle opener,807,807,807
https://michaelalr.github.io/thesis/images/kitchen/11_segmented_sun_axdfhsszzzqksxnx.jpg,Tupperware containers,102,102,227
https://michaelalr.github.io/thesis/images/kitchen/22_segmented_sun_apvenfsnzzrymyam.jpg,Spoon,495,495,495
https://michaelalr.github.io/thesis/images/kitchen/11_segmented_sun_aysgskhbemonxpep.jpg,Bowl,119,29,119
https://michaelalr.github.io/thesis/images/kitchen/18_segmented_sun_amrqvslggrutptwi.jpg,Pan,45,147,45
https://michaelalr.github.io/thesis/images/kitchen/18_segmented_sun_ariwqdhcxjqhywwd.jpg,Spices,593,593,529
https://michaelalr.github.io/thesis/images/kitchen/6_segmented_sun_axbdsxxipxxrstmq.jpg,Bottle opener,257,686,257
https://michaelalr.github.io/thesis/images/kitchen/10_segmented_sun_ajfvezpjkviepxqo.jpg,Cooking oil,37,69,143
https://michaelalr.github.io/thesis/images/kitchen/12_segmented_sun_aoyhjodoaazirial.jpg,Bottle opener,0,876,0
https://michaelalr.github.io/thesis/images/kitchen/13_segmented_sun_avhqtzxnxvikxchd.jpg,Spices,108,181,181
https://michaelalr.github.io/thesis/images/kitchen/7_segmented_sun_abubevclcmcjqgae.jpg,Spices,1336,1690,1690
https://michaelalr.github.io/thesis/images/kitchen/15_segmented_sun_anleedlurkiswrjv.jpg,Bottle opener,224,224,224
https://michaelalr.github.io/thesis/images/kitchen/18_segmented_sun_agrhekhltqnhqoau.jpg,Tupperware containers,462,128,317
https://michaelalr.github.io/thesis/images/kitchen/6_segmented_sun_anfjhhhceuyhcwhd.jpg,Tupperware containers,346,346,366
https://michaelalr.github.io/thesis/images/kitchen/14_segmented_sun_acitikrstttpraxn.jpg,Spices,15,132,98
https://michaelalr.github.io/thesis/images/kitchen/8_segmented_sun_aczownhxhsefytxm.jpg,Plate,1,379,379
https://michaelalr.github.io/thesis/images/kitchen/19_segmented_sun_abqihmfbiddwtcmz.jpg,Pot,370,370,319
https://michaelalr.github.io/thesis/images/kitchen/12_segmented_sun_ahakbeejkcofudjs.jpg,Tupperware containers,115,115,508
https://michaelalr.github.io/thesis/images/kitchen/19_segmented_sun_awvdzrdledhumpqf.jpg,Pot,775,775,872
https://michaelalr.github.io/thesis/images/kitchen/7_segmented_sun_afobpkyjzbqkqgsf.jpg,Spices,175,175,130
https://michaelalr.github.io/thesis/images/kitchen/19_segmented_sun_advpnywrmyiyouzm.jpg,Mug,95,142,95
https://michaelalr.github.io/thesis/images/kitchen/20_segmented_sun_acgilwmyulcwzknd.jpg,Pot,1890,1577,1795
https://michaelalr.github.io/thesis/images/kitchen/32_segmented_sun_avwvwcxylycmtupu.jpg,Cutting knife,35,212,143
https://michaelalr.github.io/thesis/images/kitchen/8_segmented_sun_ailzodglynlleuim.jpg,Bottle opener,0,341,0
https://michaelalr.github.io/thesis/images/kitchen/13_segmented_sun_aiyghsurefhaznfe.jpg,Plate,225,25,25
https://michaelalr.github.io/thesis/images/kitchen/19_segmented_sun_abujclohwuaugvev.jpg,Tupperware containers,2156,2156,2092
https://michaelalr.github.io/thesis/images/kitchen/5_segmented_sun_avtqpxlipvlcrsge.jpg,Cutting knife,190,190,190
https://michaelalr.github.io/thesis/images/kitchen/20_segmented_sun_awojoudnsknxffvd.jpg,Pot,315,315,315
https://michaelalr.github.io/thesis/images/kitchen/4_segmented_sun_arymuxykerqqyebg.jpg,Pot,195,195,195
https://michaelalr.github.io/thesis/images/kitchen/17_segmented_sun_aiolecljpamcnixg.jpg,Dish towels,508,739,577
https://michaelalr.github.io/thesis/images/kitchen/20_segmented_sun_ajjzclmfruwfwclr.jpg,Cooking oil,394,100,394
https://michaelalr.github.io/thesis/images/kitchen/23_segmented_sun_ambrwzywvjncguna.jpg,Plate,284,284,284
https://michaelalr.github.io/thesis/images/kitchen/27_segmented_sun_awanhgiwrrxlxomx.jpg,Cutting board,1140,1140,1138
https://michaelalr.github.io/thesis/images/kitchen/8_segmented_sun_aaatkmnywzopvrpq.jpg,Spices,0,299,275
https://michaelalr.github.io/thesis/images/kitchen/22_segmented_sun_afkwbtipaeipuaer.jpg,Mug,225,94,27
https://michaelalr.github.io/thesis/images/kitchen/22_segmented_sun_awwfcqyvptetglbt.jpg,Pan,194,278,335
https://michaelalr.github.io/thesis/images/kitchen/12_segmented_sun_ajjrnqyhttapthgi.jpg,Cutting board,126,119,205
https://michaelalr.github.io/thesis/images/kitchen/3_segmented_sun_aokdxzepsissjfdi.jpg,Cutting board,0,50,117
https://michaelalr.github.io/thesis/images/kitchen/9_segmented_sun_adeshgfapdtxwubl.jpg,Pan,0,90,0
https://michaelalr.github.io/thesis/images/kitchen/11_segmented_sun_aoesojqprkkjilsy.jpg,Bottle opener,440,440,0
https://michaelalr.github.io/thesis/images/kitchen/11_segmented_sun_aatkychuxedelnrh.jpg,Dish towels,171,223,171
https://michaelalr.github.io/thesis/images/kitchen/13_segmented_sun_acfluyeqiftljamq.jpg,Bottle opener,554,554,554
https://michaelalr.github.io/thesis/images/kitchen/6_segmented_sun_amktmbezxxmwrgqa.jpg,Mug,159,159,21
https://michaelalr.github.io/thesis/images/kitchen/24_segmented_sun_abtdlltafvpypcff.jpg,Tupperware containers,1407,788,551
https://michaelalr.github.io/thesis/images/kitchen/14_segmented_sun_aepvxmukjcxphfiy.jpg,Mug,622,622,622
https://michaelalr.github.io/thesis/images/kitchen/16_segmented_sun_aixorpehvfykdynp.jpg,Spices,532,118,244
https://michaelalr.github.io/thesis/images/kitchen/22_segmented_sun_ampccyesshguiynu.jpg,Cutting knife,69,96,66
https://michaelalr.github.io/thesis/images/kitchen/18_segmented_sun_ascmpuwgahkpehei.jpg,Plate,207,100,207
https://michaelalr.github.io/thesis/images/kitchen/13_segmented_sun_arjqjhdgtlwtyprn.jpg,Spices,597,597,144
https://michaelalr.github.io/thesis/images/kitchen/8_segmented_sun_aqczmuwnelgzfreg.jpg,Pot,20,485,0
https://michaelalr.github.io/thesis/images/kitchen/15_segmented_sun_abxcbboqmegyjmav.jpg,Dish towels,94,96,94
https://michaelalr.github.io/thesis/images/kitchen/15_segmented_sun_aqgmupblbcwnragu.jpg,Bowl,341,349,875
https://michaelalr.github.io/thesis/images/kitchen/14_segmented_sun_afrthpahrgizzgvb.jpg,Spoon,21,90,0
https://michaelalr.github.io/thesis/images/kitchen/14_segmented_sun_azwkhsfanfuwmnxf.jpg,Cutting knife,58,222,58
https://michaelalr.github.io/thesis/images/kitchen/17_segmented_sun_aqdpbvxwmsjdexkx.jpg,Spices,19,19,107
https://michaelalr.github.io/thesis/images/kitchen/25_segmented_sun_ahyafiyoyrzkifbh.jpg,Pot,263,263,263
https://michaelalr.github.io/thesis/images/kitchen/16_segmented_sun_aeqdtdmvphproomc.jpg,Cooking oil,0,607,0
https://michaelalr.github.io/thesis/images/kitchen/7_segmented_sun_afadijgxghvogsdx.jpg,Spices,638,635,527
