image_path,num_detections,containers_bbox,room_type,chosen_annotation,common_items
static\images\7_segmented_sun_aqtolmuozknjwtjv.jpg,7,"[[0.17325621843338013, 0.7499015927314758, 0.34464800357818604, 0.49697983264923096], [0.140040785074234, 0.11069309711456299, 0.23540747165679932, 0.21754318475723267], [0.7785090208053589, 0.7668856382369995, 0.1923295259475708, 0.463870644569397], [0.5227185487747192, 0.8196206092834473, 0.3399903476238251, 0.3581256568431854], [0.14546091854572296, 0.17495645582675934, 0.250542551279068, 0.3486383855342865], [0.14690954983234406, 0.2851794958114624, 0.2280849814414978, 0.12898486852645874], [0.14029468595981598, 0.11052612215280533, 0.23598484694957733, 0.21820439398288727]]",kitchen,,"[""Spatula"", ""Whisk"", ""Ladle"", ""Cutting board"", ""Knife"", ""Mixing bowl"", ""Measuring cups"", ""Tupperware"", ""Can opener"", ""Peeler"", ""Grater"", ""Colander"", ""Cooking pot"", ""Pan"", ""Baking sheet"", ""Plastic wrap"", ""Aluminum foil"", ""Storage bags"", ""Tea towels"", ""Oven mitts""]"
