image_path,num_detections,containers_bbox,room_type,chosen_annotation,common_items
/images/12_segmented_sun_akwygwqxkobglwvv.jpg,12,"[[0.37747737765312195, 0.551781177520752, 0.08915596455335617, 0.044481705874204636], [0.3583703339099884, 0.8020136952400208, 0.12064582109451294, 0.3437148928642273], [0.5095430612564087, 0.8341684937477112, 0.18025089800357819, 0.3282090127468109], [0.5245406031608582, 0.518857479095459, 0.03004835732281208, 0.0280950665473938], [0.7468491196632385, 0.3252754807472229, 0.049986470490694046, 0.10579914599657059], [0.44665423035621643, 0.5363520979881287, 0.04339249059557915, 0.030590884387493134], [0.8013308048248291, 0.323228657245636, 0.05212482437491417, 0.106594018638134], [0.4892367124557495, 0.5260100960731506, 0.0366269014775753, 0.029698513448238373], [0.5127611756324768, 0.3870510160923004, 0.04003575071692467, 0.07965457439422607], [0.44367408752441406, 0.5473442077636719, 0.226988285779953, 0.09796883910894394], [0.5541433095932007, 0.3893532156944275, 0.04095930978655815, 0.07613614201545715], [0.3532486855983734, 0.3434125781059265, 0.044657666236162186, 0.16912224888801575]]",kitchen,,"[""Spatula"", ""Whisk"", ""Ladle"", ""Cutting board"", ""Knife"", ""Mixing bowl"", ""Measuring cups"", ""Tupperware"", ""Can opener"", ""Peeler"", ""Grater"", ""Colander"", ""Cooking pot"", ""Pan"", ""Baking sheet"", ""Plastic wrap"", ""Aluminum foil"", ""Storage bags"", ""Tea towels"", ""Oven mitts""]"
